{"version":2,"hash":{"type":"Buffer","data":"dDxzXwYK1YpD4zdPbrNDzhT1RPiResqxbrIqpVfXI6V6JE5SSqMu2b1CPFolAZijcQdmniv317QjdR8WUHnGlQTz7U2nx7Zo59+W0TJSkJvZRJdt04BugEhidKf7FCAS0Dk4RW6lv7DRoL4PfxVegmH4mgW8P6RHygkEaTSQs/8="},"indexValueMap":{"fDTGQ9nZDPBfcunwEZQqE1Ezpjxu1dpKG/eRiKYJKfU=":{"valueMac":{"type":"Buffer","data":"vgASbayTCi1u7V1WNHMlV/XND9hSgv+wrj1vMNSa9Xo="}},"ZJNUj9gaq9bdpMITqitDMR0CviGIEyuMLY5W26daaek=":{"valueMac":{"type":"Buffer","data":"hRqN4/7w8179rADymJtuG1e6ruFS+uHrdKCcVxkSWzo="}}}}