{"version":2,"hash":{"type":"Buffer","data":"HVKa7SThCHOmAQ6tnyjLlFsssbjSZ8iEUqVS6cINKRIqmAaprPrvnPlfckK1FLlhGttttLfSBGkOzDAhnPLuGGjuqqDoeUVFWCiJAHSqrdZgXWsW0rtkpfRJBYaPmPfuidXI14TMOkeNVYeR61go1cGzD0d+UfykYd/ZyFIGgW4="},"indexValueMap":{"DhtZmtdobTv2p1UCKaPdrFn39Q91jf9ZNFoWm9Wgejw=":{"valueMac":{"type":"Buffer","data":"ge/pG4AXERIIt4MkpD8ApTlauuGstjxHm8sYK9b0pF8="}},"oji8cKpF08fQc2ado/NasTNsHG3DYhR8va0tmFC0jwo=":{"valueMac":{"type":"Buffer","data":"VvbaxacZgCfCV77GOuqooopfHjng2zGoiEsgCwvbI98="}},"ovgt1nvJpbWF8ZeqctWltjTCBXWAnnPUHhO3eehQr1g=":{"valueMac":{"type":"Buffer","data":"AudVm81gIwyJ6bU3xjYYhYRvliG6EuHKQLQXbo9/icE="}},"QyScy5wsiACLwFYI40aFNRilquUCsajGHlsEJ1A6yoI=":{"valueMac":{"type":"Buffer","data":"ZRO4SEMWYJcXiHfiwKQL+Ym+R56Y3LL8I2rfN75qJmc="}},"3y6kZhXG0toPn2c3288n49gBfJsCOkrY/ZBvUc7AhNo=":{"valueMac":{"type":"Buffer","data":"T5aRFeMwV9Xf3ug9ez+YwMByLeVT529k/YHWkTXU9e4="}},"qH9ZfetlDxCXozh20cLhE2+PvHBdaU+tyrcTCKb5dt8=":{"valueMac":{"type":"Buffer","data":"wlyvqglqWvctwmCS0aQhC0K2Ns2HoP8KouYOfd9smtU="}}}}