{"noiseKey":{"private":{"type":"Buffer","data":"eOePKDxY7AXJIZOUwFDQyk5fEJuReZyipb5kFBhOGmg="},"public":{"type":"Buffer","data":"Uvd2bJztcTrfCI+PlIcnLg/IATqpIl17zFEVJIHN0hg="}},"pairingEphemeralKeyPair":{"private":{"type":"Buffer","data":"KLjP1R7dH/R487gsaPZ0nKkEC08YlKonkLrF2sndh2E="},"public":{"type":"Buffer","data":"2eBKUHxGHz1IC3saCGqwlZEEOyfbkyekIOYTMObZmS8="}},"signedIdentityKey":{"private":{"type":"Buffer","data":"QMWlyMnTOShb19xpDvUcVeY8Zxs294Nba6Awf04xGkk="},"public":{"type":"Buffer","data":"QdMr/vnWnxDMpplHW/oWYA7ap0QyT8EDGOwzW7G0Fgo="}},"signedPreKey":{"keyPair":{"private":{"type":"Buffer","data":"SCOs0ZqKLBrLQjfQtOtom6Yk4nrojHw5ugh0WfX6t14="},"public":{"type":"Buffer","data":"7af7An+92eDXUWAsUdbYxce57O0NUMFfWCUXK3Yf9SY="}},"signature":{"type":"Buffer","data":"q3UzKtbMQssKjfcP9XWS1gNDiS1Orom8KhVZbMBnFJwp5q+JKu67krZVTOia8amXry0n1ik4CjkUKRFLcSZtAQ=="},"keyId":1},"registrationId":219,"advSecretKey":"jbsNRFumLbIX63B4kg7p1Fj4qxMsugjgOxQ3whkAKzg=","processedHistoryMessages":[{"key":{"remoteJid":"258853907158@s.whatsapp.net","fromMe":true,"id":"F35B42ED9D510EEF9A29A035AFBF0403"},"messageTimestamp":1748348675},{"key":{"remoteJid":"258853907158@s.whatsapp.net","fromMe":true,"id":"3B2D4C5175FA5508D4F61B97147DAE26"},"messageTimestamp":1748348681},{"key":{"remoteJid":"258853907158@s.whatsapp.net","fromMe":true,"id":"34D7EFB4E0B07F11075F13B58103A3AA"},"messageTimestamp":1748348694}],"nextPreKeyId":34,"firstUnuploadedPreKeyId":34,"accountSyncCounter":1,"accountSettings":{"unarchiveChats":false},"registered":false,"account":{"details":"CKf2y8gEEPbd1sEGGAEgACgA","accountSignatureKey":"mYHYDIAF5aLiG9kp+grPGUCe1EXXrSxPNcT70x8huGg=","accountSignature":"qB36Yj09ew/Vwq6YlpEnvYRSdUDpXVn+btosbN3QaNZMzUh6SWL3HCUg3HzvERQ5/spl4PS+zEs8LYRVibQmCw==","deviceSignature":"pjBRT4I2BxRyfF6AFNfgYADOAl9aMxdBzRFrWedR0fZpPReO9hf23ounr1XYAfxOYJJg5otUdv54tVaSJbYXBA=="},"me":{"id":"258853907158:1@s.whatsapp.net","lid":"182601172131870:1@lid","name":"."},"signalIdentities":[{"identifier":{"name":"258853907158:1@s.whatsapp.net","deviceId":0},"identifierKey":{"type":"Buffer","data":"BZmB2AyABeWi4hvZKfoKzxlAntRF160sTzXE+9MfIbho"}}],"platform":"android","routingInfo":{"type":"Buffer","data":"CAMICA=="},"lastAccountSyncTimestamp":1748349237,"lastPropHash":"1K4hH4","myAppStateKeyId":"AAAAADyn"}