[{"senderKeyId":1266071410,"senderChainKey":{"iteration":19,"seed":"hcvqZKWWpxqakBzHTdYmYw5JAETmnU43fZG2bx4jmJk="},"senderSigningKey":{"public":"BTGY74qas2qC4dgYNscLA2c+zki436IKA9cBFGX72T5R"},"senderMessageKeys":[]},{"senderKeyId":1758390635,"senderChainKey":{"iteration":6,"seed":"cheXAUPjcjkHPTxglTS/+B0iKlSmCxYhUK+1l9NeXLA="},"senderSigningKey":{"public":"BcRnxKs1HzOM5zyv14buV7Q7kGQDq5L+bC91SlEKtcNQ"},"senderMessageKeys":[]},{"senderKeyId":918705765,"senderChainKey":{"iteration":5,"seed":"9UYWSZPpjO+fLoGXf5v4wVNAI8qWFXGGtOI372eMpZo="},"senderSigningKey":{"public":"BZmWEoQbGtLClg+wyi2wg+/oSwP/2xZ1OuAL/b2cRVtM"},"senderMessageKeys":[]}]