[{"senderKeyId":1945633802,"senderChainKey":{"iteration":1,"seed":"/SRI2MMAjtDrfTVkyAHh2WFZ6hbHqQV0z52qmkgZV8o="},"senderSigningKey":{"public":"BRtsc5EDkxkgxvKesBtw+2fW3+3EfI4rE9gMZE+61B1g"},"senderMessageKeys":[]},{"senderKeyId":813213466,"senderChainKey":{"iteration":1,"seed":"gr6bm27vAwhtu9SGaFClTHTXPOMSkE7u86Iu68RTuEQ="},"senderSigningKey":{"public":"BVh/r47TqIFszZ7JezULJgA+nqzL+MUQ+QqLBqEkU8xN"},"senderMessageKeys":[]},{"senderKeyId":62268886,"senderChainKey":{"iteration":3,"seed":"7Q93quHBeaMxCReFvwFFE/7g054INGnSHMBDhIdxFMg="},"senderSigningKey":{"public":"Bd7qViLQaoDhbPOmHZZvFjRFJcUk+nnTptDZ/z3onPYm"},"senderMessageKeys":[]},{"senderKeyId":1971309798,"senderChainKey":{"iteration":4,"seed":"H8vvYgihvmcQ3Y0Zz3nudxCk4MwgljhiJJsF2jPGVeU="},"senderSigningKey":{"public":"BWwcaZq7KiJ/TS9ofBTcDJm1OiRj9OAixRxR+LbdtlsM"},"senderMessageKeys":[]},{"senderKeyId":1372656037,"senderChainKey":{"iteration":1,"seed":"b3fi/p2CboaIhxFvdpsos8fNe4JdihLl6wU1ssQZbAE="},"senderSigningKey":{"public":"BcKf+ynL+K0ER8cQU0EwU71z4N5eFF5wiQv8rOGc4jMQ"},"senderMessageKeys":[]}]