{"_sessions":{"Bactq4i+BUSXXII2e5D8lqXvkQfVQizLPhuy/JmI2ftc":{"registrationId":440190042,"currentRatchet":{"ephemeralKeyPair":{"pubKey":"BWapqdD/2D6SC72Gjej/OY50kmrX2cjz+eG4ijrDh1sN","privKey":"2E2Pr+eBcZv7q8HKgq+IfmVsik4oVXvlqkm4P3JDVVc="},"lastRemoteEphemeralKey":"BX0EubCpbJPIxmqVJ2aUGs8zA/HCRO4aYe/7PFbiR1dI","previousCounter":0,"rootKey":"JtkG9MTvP6JCz7lWfGnAU4Fw8oL0MxSJnVXZ5lfW+bA="},"indexInfo":{"baseKey":"Bactq4i+BUSXXII2e5D8lqXvkQfVQizLPhuy/JmI2ftc","baseKeyType":1,"closed":-1,"used":1748354358312,"created":1748354358312,"remoteIdentityKey":"BSs2Y4hMNxhq6juWAWpy6b36nTjFGQ6PKYgbv8LKPAke"},"_chains":{"BWapqdD/2D6SC72Gjej/OY50kmrX2cjz+eG4ijrDh1sN":{"chainKey":{"counter":0,"key":"vvQH8Q10/0U7JrAdlph7F5vtfJBUl3wNsip7aw9mqk8="},"chainType":1,"messageKeys":{}}},"pendingPreKey":{"signedKeyId":10984388,"baseKey":"Bactq4i+BUSXXII2e5D8lqXvkQfVQizLPhuy/JmI2ftc","preKeyId":5514}}},"version":"v1"}