{"_sessions":{"BYRsr5aIWBUvES2NmQLyjaJh2akdp8AiZXqv1Rq27n8p":{"registrationId":1106465357,"currentRatchet":{"ephemeralKeyPair":{"pubKey":"BUVmPrnX2TEkEPTBlQDUEmZKNSo1PC3RzuiefoEmhXod","privKey":"2O6ILUL6lwxL/pAxbV9idZByUklESFu5n4RI9A2FOWw="},"lastRemoteEphemeralKey":"BYqFxYBKXWjKhSzfvvUbTJAGocFlnvIsvybZSnN6kTR0","previousCounter":0,"rootKey":"sKPDIIEViur7gJbP+XQDOjvWFyyti0ahjNyoVQEAPLE="},"indexInfo":{"baseKey":"BYRsr5aIWBUvES2NmQLyjaJh2akdp8AiZXqv1Rq27n8p","baseKeyType":1,"closed":-1,"used":1748354351943,"created":1748354351943,"remoteIdentityKey":"BUCI0ka9jxMkAEbiOKT81lFRBPtnvoQWakfhaa3j9IIt"},"_chains":{"BUVmPrnX2TEkEPTBlQDUEmZKNSo1PC3RzuiefoEmhXod":{"chainKey":{"counter":0,"key":"jkE18yAaC5er2EIARhIYgw5hz+471eO4Ktk4Nys9a6o="},"chainType":1,"messageKeys":{}}},"pendingPreKey":{"signedKeyId":0,"baseKey":"BYRsr5aIWBUvES2NmQLyjaJh2akdp8AiZXqv1Rq27n8p","preKeyId":519020}}},"version":"v1"}