{"_sessions":{"BQDcr0s38hVG1PYULljoMs+DaO5qQ2uF2yt2VrFv48pI":{"registrationId":373294483,"currentRatchet":{"ephemeralKeyPair":{"pubKey":"BUP8Wwp8r7oeudnNfkUxjugVWHKQfIPEiGZIpinN/11V","privKey":"0O39lAB1w1n5+jvvPZ0zhZCvTMxykjJ700MPqYSUR2c="},"lastRemoteEphemeralKey":"BaFioeTUi8QQpdQyBeDaVp4+iik7d/pVLusEE77PV1J1","previousCounter":0,"rootKey":"r5HN5cryNUGa3ssw23oPbmbQfxodHq8dnwOUWwipolA="},"indexInfo":{"baseKey":"BQDcr0s38hVG1PYULljoMs+DaO5qQ2uF2yt2VrFv48pI","baseKeyType":1,"closed":-1,"used":1748354347533,"created":1748354347533,"remoteIdentityKey":"BTyPZIJyAkdOMLbCnvl/cBtfQuBFSAb+hzd8f+JzG3RD"},"_chains":{"BUP8Wwp8r7oeudnNfkUxjugVWHKQfIPEiGZIpinN/11V":{"chainKey":{"counter":0,"key":"XFf+4szrfkeCkoWnPHtEGepgci3JZX+cijJTo3kooNY="},"chainType":1,"messageKeys":{}}},"pendingPreKey":{"signedKeyId":2,"baseKey":"BQDcr0s38hVG1PYULljoMs+DaO5qQ2uF2yt2VrFv48pI","preKeyId":8045}}},"version":"v1"}