{"_sessions":{"Ba1AVQe+ywTnF0c66VvbVKY8i9VPtBzKpmiLvbheMI0x":{"registrationId":518542748,"currentRatchet":{"ephemeralKeyPair":{"pubKey":"BfO2XNpRTisyQt9Qw3WbUI5Zx6d4Yd5FOwHkNLdug9Qc","privKey":"WP+zv23Isp0ZZDhIegjAGOku45xN+NXvhFJ/9hHpBH0="},"lastRemoteEphemeralKey":"BZ8pic1cklGfOm+Q8FW9P+h14AfqcLCwtKPx/g/YQPcY","previousCounter":0,"rootKey":"leMLfF3huaBZqRt3Hfl1Py3NJ6T6WQI8I01Rq7sbsKU="},"indexInfo":{"baseKey":"Ba1AVQe+ywTnF0c66VvbVKY8i9VPtBzKpmiLvbheMI0x","baseKeyType":1,"closed":-1,"used":1748354360491,"created":1748354360491,"remoteIdentityKey":"Bb/vFS0iNuEhFVfxrS/Ythqj051Zl+QlkEaP/YBA1+gC"},"_chains":{"BfO2XNpRTisyQt9Qw3WbUI5Zx6d4Yd5FOwHkNLdug9Qc":{"chainKey":{"counter":0,"key":"JvuC9Qf58Cc7hTUe/vxazrnii5HOc8aKC7opn52tDpw="},"chainType":1,"messageKeys":{}}},"pendingPreKey":{"signedKeyId":0,"baseKey":"Ba1AVQe+ywTnF0c66VvbVKY8i9VPtBzKpmiLvbheMI0x","preKeyId":2889889}}},"version":"v1"}