{"_sessions":{"BcTfZ6kpyEkQjH4xWIdFqIsfzKgiI5c39+3iiU9F7Xxl":{"registrationId":1315679605,"currentRatchet":{"ephemeralKeyPair":{"pubKey":"BQdM0zNrQBqw/zFbzYGfA5yuUUYISVys3eRqaV1Avito","privKey":"MEBnbQWx42m09Hxe+rNz7rl/2RHRMoGJsG51l/gzF2E="},"lastRemoteEphemeralKey":"BdJ3snPov2AWFzelkpk05vhK4ftxcXmp0+Z57B0M6D9f","previousCounter":0,"rootKey":"EdfKTrThKscoeI6NvUHfdaUtATAfuZvVj65Zgyms5xc="},"indexInfo":{"baseKey":"BcTfZ6kpyEkQjH4xWIdFqIsfzKgiI5c39+3iiU9F7Xxl","baseKeyType":1,"closed":-1,"used":1748354359319,"created":1748354359319,"remoteIdentityKey":"BbB+Dv4ItO+PZgPPvG1NjD/CRENXCMHSRbwbzG24r9Nv"},"_chains":{"BQdM0zNrQBqw/zFbzYGfA5yuUUYISVys3eRqaV1Avito":{"chainKey":{"counter":0,"key":"nbCDmjilzbZWu+ZSrwTIzG9rbv+oPmUPZlv8FNxzydg="},"chainType":1,"messageKeys":{}}},"pendingPreKey":{"signedKeyId":2,"baseKey":"BcTfZ6kpyEkQjH4xWIdFqIsfzKgiI5c39+3iiU9F7Xxl"}}},"version":"v1"}