{"_sessions":{"BTJ049fvQnjquI2bW1XkjUEmbcR/WOnuJQRWJ4rEDQZ3":{"registrationId":2852,"currentRatchet":{"ephemeralKeyPair":{"pubKey":"BUT0Iq4y43PZ1PB7oC8pkh+TLrwqspNF9E+25ZduDsQD","privKey":"UMUSWhja5F2Ql/G+v5U+SQbT3Pm6OfTu76DWSM6oVWE="},"lastRemoteEphemeralKey":"BaUPA6+aSlNgH/GRUds/2WYCCxeLVunuK61chCElJhtI","previousCounter":0,"rootKey":"gfo43yZZz8FUS877tvM5g/th755j6j6SWPXrce3ngCE="},"indexInfo":{"baseKey":"BTJ049fvQnjquI2bW1XkjUEmbcR/WOnuJQRWJ4rEDQZ3","baseKeyType":1,"closed":-1,"used":1748354347256,"created":1748354347256,"remoteIdentityKey":"BbtARQBmtSeG8I6tq4m9dIxpAAVBu/CEf7rmwqwrh887"},"_chains":{"BUT0Iq4y43PZ1PB7oC8pkh+TLrwqspNF9E+25ZduDsQD":{"chainKey":{"counter":0,"key":"FTeicTe7HCgBoinA7/CQthohP550zl5H3/f2byYjHa8="},"chainType":1,"messageKeys":{}}},"pendingPreKey":{"signedKeyId":1,"baseKey":"BTJ049fvQnjquI2bW1XkjUEmbcR/WOnuJQRWJ4rEDQZ3"}}},"version":"v1"}