{"_sessions":{"BWL7hfSBz1C2hZouq4O5WRi+yxiQhMKP6jPrYu14siE7":{"registrationId":12218237,"currentRatchet":{"ephemeralKeyPair":{"pubKey":"BeSDUgQQLGtzzam5DEgjcM2UlIFbpzpg97Ll85emXedA","privKey":"ECMf98N2qCSTJx89yu5meDoihN44492TXwMZ+JiDyFY="},"lastRemoteEphemeralKey":"Ba0tbgQf/GQ/uUKjiRo9vXqwceUGkKLZ/5YV3+Th/GZh","previousCounter":0,"rootKey":"utNDvxAmROxd8KaJY9axv788NMNB0a/hj3G7bpdj7bU="},"indexInfo":{"baseKey":"BWL7hfSBz1C2hZouq4O5WRi+yxiQhMKP6jPrYu14siE7","baseKeyType":1,"closed":-1,"used":1748354351135,"created":1748354351135,"remoteIdentityKey":"BTw+fzVzo5J4Dr2ZO7PK3otpIbQnWGyr57NqRx/EtzhR"},"_chains":{"BeSDUgQQLGtzzam5DEgjcM2UlIFbpzpg97Ll85emXedA":{"chainKey":{"counter":0,"key":"Ow9AmWHWbqOAmiv2PjBDvbCOgIc9tXHf+PKT0LNl68k="},"chainType":1,"messageKeys":{}}},"pendingPreKey":{"signedKeyId":6,"baseKey":"BWL7hfSBz1C2hZouq4O5WRi+yxiQhMKP6jPrYu14siE7","preKeyId":5431435}}},"version":"v1"}