{"_sessions":{"BSQdNaDXzUMI6/zOFRk7mM7VqSHwtpCgts5CzlBPpUwf":{"registrationId":1744585867,"currentRatchet":{"ephemeralKeyPair":{"pubKey":"BdKwX3PevYbFZEtl5rb/qema30KrwcEAIrGZVo8K+odI","privKey":"0A0A4y7LhOLvNA0CU6K1jU+G5l3iFIEAJUm+HleyYmY="},"lastRemoteEphemeralKey":"BSapiPKr/E8/EoNxRFg8Aaw/jP4J1BeA4h49WlxH1bhJ","previousCounter":0,"rootKey":"vuqSwF8YGnnlt5Smq+rm5ABMMJlEE4tRN6Pc5SZFPUw="},"indexInfo":{"baseKey":"BSQdNaDXzUMI6/zOFRk7mM7VqSHwtpCgts5CzlBPpUwf","baseKeyType":1,"closed":-1,"used":1748354352060,"created":1748354352060,"remoteIdentityKey":"BWI/u23oYwStQcdt6nIlApgbn3yi0KRxCgCtZYbZqnUy"},"_chains":{"BdKwX3PevYbFZEtl5rb/qema30KrwcEAIrGZVo8K+odI":{"chainKey":{"counter":0,"key":"NgAUi3IBeXRVVughz8/Bg8Sh7mL72ovaCA6weTN4ayI="},"chainType":1,"messageKeys":{}}},"pendingPreKey":{"signedKeyId":4,"baseKey":"BSQdNaDXzUMI6/zOFRk7mM7VqSHwtpCgts5CzlBPpUwf","preKeyId":7120437}}},"version":"v1"}