{"_sessions":{"BchwoxoMvD8pM+xCCFQvyaxPfQHfECKtpzvXVI/09rZO":{"registrationId":16090298,"currentRatchet":{"ephemeralKeyPair":{"pubKey":"BXUiyfNR481CBO0ST+aAeaYLyxuqpPPEmjCXj9MAgQ9Y","privKey":"AOlOAlmhGD99ebJVYKXqHTvmJL0eGaja68yii8+Yl1A="},"lastRemoteEphemeralKey":"BQP2sg5egLtn2/ieWWAT72t0V1fweYSgCyiYs9Eia14k","previousCounter":0,"rootKey":"cTftwCiixnyRbcViMb0U3NmDqSVRNZEMbB4UCTwwaRk="},"indexInfo":{"baseKey":"BchwoxoMvD8pM+xCCFQvyaxPfQHfECKtpzvXVI/09rZO","baseKeyType":1,"closed":-1,"used":1748354351516,"created":1748354351516,"remoteIdentityKey":"BSQFIFMQnYqCpKESJLmd2vZRWn4v38HiBjFoL4UpgVpU"},"_chains":{"BXUiyfNR481CBO0ST+aAeaYLyxuqpPPEmjCXj9MAgQ9Y":{"chainKey":{"counter":0,"key":"UidqrHUUeP+Autokj+RBliFAiiicKj2qMTPL1o82hl8="},"chainType":1,"messageKeys":{}}},"pendingPreKey":{"signedKeyId":10,"baseKey":"BchwoxoMvD8pM+xCCFQvyaxPfQHfECKtpzvXVI/09rZO","preKeyId":8680633}}},"version":"v1"}