{"_sessions":{"BZ19e7jZmulYcK0WWZzlO7lOntgcBGNvFD9IrP/pQERm":{"registrationId":343089559,"currentRatchet":{"ephemeralKeyPair":{"pubKey":"BUDhPdCQ5fEDw961pLSAmBgxFo6DmSRrhcPYwdFmS2RM","privKey":"+HHQpn3VHDr+RLVcqhKx6cTggOb6kXLWR1wlcSm6NXk="},"lastRemoteEphemeralKey":"BVIO+Ug/NtfeA4I4J4/Qdl4lFvoHjCwaNonX5hWLU2R/","previousCounter":0,"rootKey":"fXteaZiVNg4mn2o0XGqeAk0rdiI0zba/suaQclxhjmE="},"indexInfo":{"baseKey":"BZ19e7jZmulYcK0WWZzlO7lOntgcBGNvFD9IrP/pQERm","baseKeyType":1,"closed":-1,"used":1748354351740,"created":1748354351740,"remoteIdentityKey":"Bd35hIDrsSCS1/Qoxj+rJayiPkrsIFRAXoi4jz43CCYb"},"_chains":{"BUDhPdCQ5fEDw961pLSAmBgxFo6DmSRrhcPYwdFmS2RM":{"chainKey":{"counter":0,"key":"mxZsrVqBhTmsugbUC3j5zCMj2NOivDNweZLJdX7NjsU="},"chainType":1,"messageKeys":{}}},"pendingPreKey":{"signedKeyId":6,"baseKey":"BZ19e7jZmulYcK0WWZzlO7lOntgcBGNvFD9IrP/pQERm","preKeyId":13407773}}},"version":"v1"}