{"_sessions":{"BQgB+LIXF/RKrSDtn5Ukgr7aouSI1whurYjJQa8BMHJT":{"registrationId":904010054,"currentRatchet":{"ephemeralKeyPair":{"pubKey":"BUzLGiIYKB56ejDlwZZCGLALjMTxSoXZw2RNKYMPPtwt","privKey":"yGgJXySn6QakoyjKWuo9LUvfq9wzoSr9C6s9jL0b5ns="},"lastRemoteEphemeralKey":"BX8XpzprheVM63/GC99ZNqmgrxTtaTRb4FCY/vGdek0b","previousCounter":0,"rootKey":"/lybiStyurI8E706HkPu3iNVM03NCJYOhANlIQondKc="},"indexInfo":{"baseKey":"BQgB+LIXF/RKrSDtn5Ukgr7aouSI1whurYjJQa8BMHJT","baseKeyType":1,"closed":-1,"used":1748354351629,"created":1748354351629,"remoteIdentityKey":"BarkivPuTc99oEWO8C7qNQLxTc38EYkoPGW26SUkTt0+"},"_chains":{"BUzLGiIYKB56ejDlwZZCGLALjMTxSoXZw2RNKYMPPtwt":{"chainKey":{"counter":0,"key":"Ov7cBCNiZs95KxXXoPF5LRoabP7yVMIZSMH57GFwi4w="},"chainType":1,"messageKeys":{}}},"pendingPreKey":{"signedKeyId":2,"baseKey":"BQgB+LIXF/RKrSDtn5Ukgr7aouSI1whurYjJQa8BMHJT","preKeyId":11791256}}},"version":"v1"}