{"_sessions":{"BaYNBptrY718hTTTUhsVqdqbSkOwdxJeyMzfS4ukw9MB":{"registrationId":963470469,"currentRatchet":{"ephemeralKeyPair":{"pubKey":"BRaHjFf2D1u0cLFZD+CdjVUg8WU/Vq2rIGrNwCF2axAz","privKey":"+N2rsQU4eUM9+zImsKzJFMm4Z7EWXnVYKHhpk9tebVc="},"lastRemoteEphemeralKey":"Bepndt0vAt9MqXULR4bual4L8wrWp9X+lGBxN1fRtYYf","previousCounter":0,"rootKey":"QzZeriAvUvng7mWIS8//OhLz+/NHzhAUQc5xkYhwmys="},"indexInfo":{"baseKey":"BaYNBptrY718hTTTUhsVqdqbSkOwdxJeyMzfS4ukw9MB","baseKeyType":1,"closed":-1,"used":1748354348026,"created":1748354348026,"remoteIdentityKey":"Bf2e63/+tT1IyyrvD7n3C/tP9uSj3KdYgJ25LQFB+C1v"},"_chains":{"BRaHjFf2D1u0cLFZD+CdjVUg8WU/Vq2rIGrNwCF2axAz":{"chainKey":{"counter":0,"key":"XOWTSLEJ5n+0XKrYM4Grc3q5VD/u7HjtAsm0Op6h/+0="},"chainType":1,"messageKeys":{}}},"pendingPreKey":{"signedKeyId":1,"baseKey":"BaYNBptrY718hTTTUhsVqdqbSkOwdxJeyMzfS4ukw9MB","preKeyId":10325934}}},"version":"v1"}