{"_sessions":{"BYPSobyEKYnPcCyZ/jxL9ppxT8OHPwNzs8d7DbeeQDMy":{"registrationId":1586637099,"currentRatchet":{"ephemeralKeyPair":{"pubKey":"BQyMSir0iG3hY8VR/Kx77nCRAOvXAErZgzrWj1DvA/Mg","privKey":"mArAD1wGldtkMusakoNybLKNW0JzkNCNiLZPlSLBYWc="},"lastRemoteEphemeralKey":"BRg19e/Tp5zdzH5aqHCcsfBtZr4KNTRXowqJFv6gL7AU","previousCounter":0,"rootKey":"y5mnPftwApoIzirL+e8HbYv6S3mV1q4AvBuY1jr8HLE="},"indexInfo":{"baseKey":"BYPSobyEKYnPcCyZ/jxL9ppxT8OHPwNzs8d7DbeeQDMy","baseKeyType":1,"closed":-1,"used":1748354355458,"created":1748354355458,"remoteIdentityKey":"BYdk/vwffXz2Oc/I6Yxqr6qDZE3D82B1PD3AEqMjRr9Y"},"_chains":{"BQyMSir0iG3hY8VR/Kx77nCRAOvXAErZgzrWj1DvA/Mg":{"chainKey":{"counter":0,"key":"1znp3rHbK0Og9ZsjoVvug4OryLUEoa95vfht0PTTOAQ="},"chainType":1,"messageKeys":{}}},"pendingPreKey":{"signedKeyId":1,"baseKey":"BYPSobyEKYnPcCyZ/jxL9ppxT8OHPwNzs8d7DbeeQDMy","preKeyId":12413789}}},"version":"v1"}