{"_sessions":{"BVjgW23YDRAbZ9R4iY7bO4CqQE/NrKQYuG6q6r1EIS9R":{"registrationId":1490165231,"currentRatchet":{"ephemeralKeyPair":{"pubKey":"Balugl+sAIAx2fubrwz8kmb4nuIdxECntJMB/ICJDKxU","privKey":"CKY4MlQHHKTBA178u0eqSSWWhb9/PCUFDwIoLAee60I="},"lastRemoteEphemeralKey":"BZATy/OZGkClRpmNes48of8Dst0YDsXdmrKkbxl4dyFR","previousCounter":0,"rootKey":"kWed002Pcc0nS2RThkSddhlsS+Hd4xxrD8AGCGLk8Wo="},"indexInfo":{"baseKey":"BVjgW23YDRAbZ9R4iY7bO4CqQE/NrKQYuG6q6r1EIS9R","baseKeyType":1,"closed":-1,"used":1748354352319,"created":1748354352319,"remoteIdentityKey":"BXl+R2pdGP5SZgZ6vTsl6hcGuLURgy0j/IXFu3edYgtq"},"_chains":{"Balugl+sAIAx2fubrwz8kmb4nuIdxECntJMB/ICJDKxU":{"chainKey":{"counter":0,"key":"uCqyKKIOFVRfPTjwAUv/76tvWe9fUEcPTg3qj0uZ38E="},"chainType":1,"messageKeys":{}}},"pendingPreKey":{"signedKeyId":4,"baseKey":"BVjgW23YDRAbZ9R4iY7bO4CqQE/NrKQYuG6q6r1EIS9R","preKeyId":4359547}}},"version":"v1"}