{"_sessions":{"Bdb53mOv8nJgjgdJOoW9kiGN1yXsUpOTZYa+pnCRZFhJ":{"registrationId":736764608,"currentRatchet":{"ephemeralKeyPair":{"pubKey":"BXbgBslfSHXQw3jZsmBJY45+oiyVKmTfJ0QZI5etkCxK","privKey":"wFdeMO492Fk9NL+zhZ0Qhid1K08Chvh9VbFl6IwGzEE="},"lastRemoteEphemeralKey":"BTJivtFzfso6S03AC8ffYK+HglGIQ5rM9ItVHjBekgkM","previousCounter":0,"rootKey":"PKFkOANG+e4BIC6XtnuhLWcfUDH3HdS+VnllLelATvY="},"indexInfo":{"baseKey":"Bdb53mOv8nJgjgdJOoW9kiGN1yXsUpOTZYa+pnCRZFhJ","baseKeyType":1,"closed":-1,"used":1748354358913,"created":1748354358913,"remoteIdentityKey":"BZkqTPSI7rsMfwIAt9A9RzqL77WC8hWC38j78+moD5B2"},"_chains":{"BXbgBslfSHXQw3jZsmBJY45+oiyVKmTfJ0QZI5etkCxK":{"chainKey":{"counter":0,"key":"pGLtvjUTEsOCR/QCyxWPf4QpUvh6TLoiBudnZjGobRA="},"chainType":1,"messageKeys":{}}},"pendingPreKey":{"signedKeyId":0,"baseKey":"Bdb53mOv8nJgjgdJOoW9kiGN1yXsUpOTZYa+pnCRZFhJ","preKeyId":7541786}}},"version":"v1"}