{"_sessions":{"BSOwU2avTHnV3JBYO/NG8BL0aSlLUVjOzKvmGZ4a7Ogs":{"registrationId":1285303460,"currentRatchet":{"ephemeralKeyPair":{"pubKey":"BcErLwNCsLFE/a2+fqEEhJpm9ORADt5CYj6j/oWEe48N","privKey":"GAXHeyVbStzEndKJG5b51sKhbYXhN9jugpybiHWpVUg="},"lastRemoteEphemeralKey":"BTVN4jwwirwb5rpfrGXYi9zvX1CP08cK0er/A3zsVsN7","previousCounter":0,"rootKey":"Bso+mCr3yfmDiqDhEYUANtMdqrGubDq0GSMZBxVLlYU="},"indexInfo":{"baseKey":"BSOwU2avTHnV3JBYO/NG8BL0aSlLUVjOzKvmGZ4a7Ogs","baseKeyType":1,"closed":-1,"used":1748354359203,"created":1748354359203,"remoteIdentityKey":"BcBbHFBdfoRDHBZ/9mZE+zxGwUkZTAVKSfsfW7FqgHxz"},"_chains":{"BcErLwNCsLFE/a2+fqEEhJpm9ORADt5CYj6j/oWEe48N":{"chainKey":{"counter":0,"key":"KtuHWCoO7MB0qEmZoi9XNAQAFNIh6Ce32Nxl62gKp9s="},"chainType":1,"messageKeys":{}}},"pendingPreKey":{"signedKeyId":0,"baseKey":"BSOwU2avTHnV3JBYO/NG8BL0aSlLUVjOzKvmGZ4a7Ogs","preKeyId":1498210}}},"version":"v1"}