{"_sessions":{"Bcpf2pVA/NfaL9/m/WevQaiNuJ8gUDvFScobYBRVdtcy":{"registrationId":683832550,"currentRatchet":{"ephemeralKeyPair":{"pubKey":"Bcfs1VNa9Ohf2eZoKUjlLYqB+ek8qKmywBjy2KE2v/k3","privKey":"cA/MyAJwfxsjQa/NIju681bvU2FoMLntVBXxrNqddEg="},"lastRemoteEphemeralKey":"Bcg2XoUP7Yy2BLpvZQcK+TCU/t3+i7GJxHYlq234/il+","previousCounter":0,"rootKey":"prpykPJoWf/Z3zapNcBS3Ey54jJQ4Wurg7xb+/vp4yk="},"indexInfo":{"baseKey":"Bcpf2pVA/NfaL9/m/WevQaiNuJ8gUDvFScobYBRVdtcy","baseKeyType":1,"closed":-1,"used":1748354359142,"created":1748354359142,"remoteIdentityKey":"BafdiIF/3/JC/AiUUc+6Rgml7HSl/TUcM27MhB9gLK1Q"},"_chains":{"Bcfs1VNa9Ohf2eZoKUjlLYqB+ek8qKmywBjy2KE2v/k3":{"chainKey":{"counter":0,"key":"TzB0ISnryZ+COtkBrI5Vlwvw61ca/Ts0ZvwFmKQIbtA="},"chainType":1,"messageKeys":{}}},"pendingPreKey":{"signedKeyId":14,"baseKey":"Bcpf2pVA/NfaL9/m/WevQaiNuJ8gUDvFScobYBRVdtcy","preKeyId":15333765}}},"version":"v1"}