{"_sessions":{"BfwSfRfm1TvUzVLtWLrEhGXkUFTepsYk7sjPJbZYUjlv":{"registrationId":2059819772,"currentRatchet":{"ephemeralKeyPair":{"pubKey":"BbQZODPbPfik1l4idnSCjqvjiLEJZr8qjpVgSWPhp6IC","privKey":"MCmTT/NtG45mj5GWkhj2lK0A4tURn2568s85Ci3yhlI="},"lastRemoteEphemeralKey":"BeB3dU6dgW0HU54yL1Q0gWxA98ahf6oI97vlXL7NTZVg","previousCounter":0,"rootKey":"iw6y/j0vZehASy2mi8uMacZvACTy81FW7qp52ixkHwo="},"indexInfo":{"baseKey":"BfwSfRfm1TvUzVLtWLrEhGXkUFTepsYk7sjPJbZYUjlv","baseKeyType":1,"closed":-1,"used":1748354355121,"created":1748354355121,"remoteIdentityKey":"BQ7ClKmfl9skp8cL7mAXtaAwW4joxSLIThe/XH8ZmKF3"},"_chains":{"BbQZODPbPfik1l4idnSCjqvjiLEJZr8qjpVgSWPhp6IC":{"chainKey":{"counter":0,"key":"BJOm0nwruOb4s3lODfVQjxYMFU3e0WGxp+HFArKD6RY="},"chainType":1,"messageKeys":{}}},"pendingPreKey":{"signedKeyId":6,"baseKey":"BfwSfRfm1TvUzVLtWLrEhGXkUFTepsYk7sjPJbZYUjlv","preKeyId":7865258}}},"version":"v1"}