{"_sessions":{"BePa4nVl87BpEATjSyoBHUxwej7LaFxLsLtDWiRMhptU":{"registrationId":16074,"currentRatchet":{"ephemeralKeyPair":{"pubKey":"Bd4HPNkYkhRoeBcxxFz7k0yNUfGl40/yuETPwLSQPmd9","privKey":"WDbHEXIT60IpRxdhcNP3yZb7BmDV2GyRp054e6MZdE0="},"lastRemoteEphemeralKey":"BVMrRYGwHSZOZJyl5x+uReVi16Oq45MpjKTINwbOcJsJ","previousCounter":0,"rootKey":"bMXw4lihHF/j+9h40SdKum+a4Gl2oIKdBHQYNcALNjc="},"indexInfo":{"baseKey":"BePa4nVl87BpEATjSyoBHUxwej7LaFxLsLtDWiRMhptU","baseKeyType":1,"closed":-1,"used":1748354347419,"created":1748354347419,"remoteIdentityKey":"BVkPnCoasqEnpmBXxLKopdQVrIfoIygjBCaFj0NnCYZ+"},"_chains":{"Bd4HPNkYkhRoeBcxxFz7k0yNUfGl40/yuETPwLSQPmd9":{"chainKey":{"counter":0,"key":"IJh2OC4CO6AcG/QqBcNdFg2869K/YWECiloMaIRBZsE="},"chainType":1,"messageKeys":{}}},"pendingPreKey":{"signedKeyId":1,"baseKey":"BePa4nVl87BpEATjSyoBHUxwej7LaFxLsLtDWiRMhptU","preKeyId":8}}},"version":"v1"}