{"_sessions":{"BcGSVz8rbU/Bg/pv9bMrgDaVFQITvZ16boJxgwx/WyRQ":{"registrationId":1109,"currentRatchet":{"ephemeralKeyPair":{"pubKey":"BbWz0V5R0UMGDghJjdxznCRin2bxIue1++NsqJ+6Thgs","privKey":"6Ek4h/4blvcldpZq5FMmgSoHaQjyoqci2+4zCGLrMEA="},"lastRemoteEphemeralKey":"BWimMYbAuAhBRgHEKVvSiJNiXdvzJMyddtKfAcV0LH0v","previousCounter":0,"rootKey":"Eaj3MGPZza5P/jz8JXb1kt0L85KJPhyQRVWLBzgV45Y="},"indexInfo":{"baseKey":"BcGSVz8rbU/Bg/pv9bMrgDaVFQITvZ16boJxgwx/WyRQ","baseKeyType":1,"closed":-1,"used":1748354347283,"created":1748354347283,"remoteIdentityKey":"BTWOi3GN6uD9/chtPCKJEcJFn8fyWl3qFkfVxxEQTDsO"},"_chains":{"BbWz0V5R0UMGDghJjdxznCRin2bxIue1++NsqJ+6Thgs":{"chainKey":{"counter":0,"key":"TUI7dyMXZ9abX9ovk7xydj9sNd/pWQAkn7f8zyDOs+U="},"chainType":1,"messageKeys":{}}},"pendingPreKey":{"signedKeyId":1,"baseKey":"BcGSVz8rbU/Bg/pv9bMrgDaVFQITvZ16boJxgwx/WyRQ","preKeyId":1138}}},"version":"v1"}