{"_sessions":{"BcH0Ba5bSAjje7lPPG6ntQAFiXjdW6d+NqHiMgStvg07":{"registrationId":2001335184,"currentRatchet":{"ephemeralKeyPair":{"pubKey":"BbBA+kcLmGiSfH1qeJWgQdvkUQIbLymhfL+H+C+VZtgW","privKey":"iA+38Y06tlNJbNcgj7lGpzsVeFojjn68P9Kntqn2s0o="},"lastRemoteEphemeralKey":"BZ4dg6Gp4K91EhSLsI+9AZ1DwvLejsAlfX2HW5HTAyAP","previousCounter":0,"rootKey":"8LMnjljjPw5a+jMxXDZVgp6PUwo1oOV+a7JbXucKUW8="},"indexInfo":{"baseKey":"BcH0Ba5bSAjje7lPPG6ntQAFiXjdW6d+NqHiMgStvg07","baseKeyType":1,"closed":-1,"used":1748354354879,"created":1748354354879,"remoteIdentityKey":"BbcfVkQQPwIwzfU63IvqWBx/fio8kesY9+y7MWqN1rJa"},"_chains":{"BbBA+kcLmGiSfH1qeJWgQdvkUQIbLymhfL+H+C+VZtgW":{"chainKey":{"counter":0,"key":"woa642727ImvS9gn/St/CqSFcORuNoLPAE5ClHSCdGM="},"chainType":1,"messageKeys":{}}},"pendingPreKey":{"signedKeyId":4,"baseKey":"BcH0Ba5bSAjje7lPPG6ntQAFiXjdW6d+NqHiMgStvg07","preKeyId":5020612}}},"version":"v1"}