{"_sessions":{"BZ1gcTC/AluhYJZggymIVfuNkJ0tBeCoay9C5zWTwZ06":{"registrationId":178344700,"currentRatchet":{"ephemeralKeyPair":{"pubKey":"BZe1eCXZmxaZnpdV/2/kF4AUcvWZsKdB6sKu0/xCydV0","privKey":"oJYaHuvSGLvB71pwB3O/8o9ypEEGZaPK/Ce3D7l7TEs="},"lastRemoteEphemeralKey":"BZFR7UY7ZjyV76AV8IeFZzV4sYNYWSF1eM9coD+goMpd","previousCounter":0,"rootKey":"mmEv/1LXVxP1j+Z0L4UAtZ8RE4KTrbJnN0PmKruh/Vw="},"indexInfo":{"baseKey":"BZ1gcTC/AluhYJZggymIVfuNkJ0tBeCoay9C5zWTwZ06","baseKeyType":1,"closed":-1,"used":1748354347461,"created":1748354347461,"remoteIdentityKey":"BYY4vVaBjt4klWiYFYkVE5+00ZCVZ8mcXSJr2hr9/4ZS"},"_chains":{"BZe1eCXZmxaZnpdV/2/kF4AUcvWZsKdB6sKu0/xCydV0":{"chainKey":{"counter":0,"key":"O3af3ROpWeUquBJBvDrIZpnaDw1kw5s0jZzWjd5eT94="},"chainType":1,"messageKeys":{}}},"pendingPreKey":{"signedKeyId":3,"baseKey":"BZ1gcTC/AluhYJZggymIVfuNkJ0tBeCoay9C5zWTwZ06","preKeyId":3740071}}},"version":"v1"}