{"_sessions":{"BYZQFsvnZXZGVyMzAp5CJX+ZYHy6b7RbbBsUQFJ+7LRJ":{"registrationId":280458144,"currentRatchet":{"ephemeralKeyPair":{"pubKey":"Bb+j8f6Jmfmu4STXko2RflQgzthgxo3d+rzYjCGUTx9O","privKey":"sLB5FAa+oNqn/QVfdVo1csRU6ztpv0cyytF8cnaFenc="},"lastRemoteEphemeralKey":"BTV6uNIZOk9w46lsIRW++XGc5asaY8WzkL4gVQPx7PZK","previousCounter":0,"rootKey":"qm+jhnxxgmlPM4/MjwzJ7oiOLeQBidZUCizR6l+eEQ4="},"indexInfo":{"baseKey":"BYZQFsvnZXZGVyMzAp5CJX+ZYHy6b7RbbBsUQFJ+7LRJ","baseKeyType":1,"closed":-1,"used":1748354347992,"created":1748354347992,"remoteIdentityKey":"BUrt4T0zO3z4S/jrNwneZaKy8vjCSov2ahgLmIbPx/89"},"_chains":{"Bb+j8f6Jmfmu4STXko2RflQgzthgxo3d+rzYjCGUTx9O":{"chainKey":{"counter":0,"key":"1kMMhF1sVUsTSqpPlZUi4m/38JSx0Cg+uZkpLsns8XE="},"chainType":1,"messageKeys":{}}},"pendingPreKey":{"signedKeyId":0,"baseKey":"BYZQFsvnZXZGVyMzAp5CJX+ZYHy6b7RbbBsUQFJ+7LRJ","preKeyId":14504669}}},"version":"v1"}