{"_sessions":{"BVCAbUzRP9GET1Bdftuc1b71wQfD0K2n0gIcuretAvJ0":{"registrationId":143199209,"currentRatchet":{"ephemeralKeyPair":{"pubKey":"Bah+sRdVAKafc8kdhwMH2EwJgK/rXxFehancx4Xe+3V6","privKey":"iJZP6yB1hSwf9UoGuRjABHT6zjbP+JJCLe+qZCdtsX0="},"lastRemoteEphemeralKey":"BSuWE6jnD44jUzlbKjsZNtdpm/RfQWPHDsYQMiThNqcq","previousCounter":0,"rootKey":"FMhALv7+qQa/OosExG5oKiUVe57teouPpK/oN5TDKbk="},"indexInfo":{"baseKey":"BVCAbUzRP9GET1Bdftuc1b71wQfD0K2n0gIcuretAvJ0","baseKeyType":1,"closed":-1,"used":1748354347552,"created":1748354347552,"remoteIdentityKey":"BaqIKODCYvWku7U4xyBezv6fs8chcQENlE4F1V1Ikog9"},"_chains":{"Bah+sRdVAKafc8kdhwMH2EwJgK/rXxFehancx4Xe+3V6":{"chainKey":{"counter":0,"key":"8ySGg7QKHIJmbiug6cpoiaFQpLT9ryaOL9Fon4Av/r8="},"chainType":1,"messageKeys":{}}},"pendingPreKey":{"signedKeyId":18,"baseKey":"BVCAbUzRP9GET1Bdftuc1b71wQfD0K2n0gIcuretAvJ0","preKeyId":6130}}},"version":"v1"}