{"_sessions":{"BWKCr9WZWPEr+hF6yXSzW39k6f8DJb3zppiJ42rDGGxj":{"registrationId":536213238,"currentRatchet":{"ephemeralKeyPair":{"pubKey":"BQN+8yw0r9mxJWA+CFedn4x+2I+GEpvDVwTdlq2wb9ZC","privKey":"kIjKxO6RwA69cV/zoyCc3HgPPxB0lHqhLzXOscT512M="},"lastRemoteEphemeralKey":"BUhjW0xJSlsP+Rm86UodlCjHmTbsN1tHT2CpOo3tO4V+","previousCounter":0,"rootKey":"K/AzDLIQEXVTKB/7rp7O7eC3jsZuWInuX/9LDr0OdPg="},"indexInfo":{"baseKey":"BWKCr9WZWPEr+hF6yXSzW39k6f8DJb3zppiJ42rDGGxj","baseKeyType":1,"closed":-1,"used":1748354358535,"created":1748354358535,"remoteIdentityKey":"BRmKu1iTqA3OegyOaf0pb6HZtcyXNvpb8bvYJP5+TYRp"},"_chains":{"BQN+8yw0r9mxJWA+CFedn4x+2I+GEpvDVwTdlq2wb9ZC":{"chainKey":{"counter":0,"key":"/ehxmE/5NsgJtb6ReCIA3kyyg4NGflA+17ut/6C2ImE="},"chainType":1,"messageKeys":{}}},"pendingPreKey":{"signedKeyId":2,"baseKey":"BWKCr9WZWPEr+hF6yXSzW39k6f8DJb3zppiJ42rDGGxj","preKeyId":3013600}}},"version":"v1"}