{"_sessions":{"BTWQ8foOqHiG2BEHfeh5rBRPsId8nh+uGl2zgltNh0UE":{"registrationId":903194115,"currentRatchet":{"ephemeralKeyPair":{"pubKey":"BQpcXraV4YW7EoJWVR87FFvk7qlo31pIlVb5PaoYcOkA","privKey":"YFvOon18j4vEdTo/EJa5N/mIkQ9tWZktfe0/RKwullg="},"lastRemoteEphemeralKey":"BYqNXPJvyPU0QfixilA6g2xbjAbNFDOnWu+BDp5MS7ML","previousCounter":0,"rootKey":"KEU1xy/wYMW7WugVO/58GWrQucdDeL9rpc/k6niJzc8="},"indexInfo":{"baseKey":"BTWQ8foOqHiG2BEHfeh5rBRPsId8nh+uGl2zgltNh0UE","baseKeyType":1,"closed":-1,"used":1748354354929,"created":1748354354929,"remoteIdentityKey":"BZ+DdP6id4dhyavKwCG+kA5rrVP6A64f9mKFhpZvGfpo"},"_chains":{"BQpcXraV4YW7EoJWVR87FFvk7qlo31pIlVb5PaoYcOkA":{"chainKey":{"counter":0,"key":"OpgtTRN5AlOFHmNda3hxhF4YRMKTNltSqqpeuhvSV3o="},"chainType":1,"messageKeys":{}}},"pendingPreKey":{"signedKeyId":1,"baseKey":"BTWQ8foOqHiG2BEHfeh5rBRPsId8nh+uGl2zgltNh0UE","preKeyId":13125188}}},"version":"v1"}