{"_sessions":{"BROeBb1PPZdhGlrbA89MBrmhQD2WVPiVBw9azlU8KF0B":{"registrationId":1767117321,"currentRatchet":{"ephemeralKeyPair":{"pubKey":"BWvExbgPpwPXjy01Jy/5z058oT62NUlkbLdOtNimL/5N","privKey":"IG3+1/SVpwwzfqkcVUzAkaarmB6u+9Hq6Tsm0NibzHs="},"lastRemoteEphemeralKey":"BfOW6mi1qqImR/Za2Z/StOZvsEgWNlpOqyqfbNr0/kcJ","previousCounter":0,"rootKey":"KzZEGoNOUHFlPKIGYuKwM09YQSfn98O4RnIDdW7EH+U="},"indexInfo":{"baseKey":"BROeBb1PPZdhGlrbA89MBrmhQD2WVPiVBw9azlU8KF0B","baseKeyType":1,"closed":-1,"used":1748354352087,"created":1748354352087,"remoteIdentityKey":"BUWJ8vx10z6CHRxfNMLy0/x5f35RxvF04NVzR2YFEQUa"},"_chains":{"BWvExbgPpwPXjy01Jy/5z058oT62NUlkbLdOtNimL/5N":{"chainKey":{"counter":0,"key":"I82CHo8CagHf2ARUQlWHTKHC43A6oX3GFaMawq0c6Zo="},"chainType":1,"messageKeys":{}}},"pendingPreKey":{"signedKeyId":1,"baseKey":"BROeBb1PPZdhGlrbA89MBrmhQD2WVPiVBw9azlU8KF0B","preKeyId":9003247}}},"version":"v1"}