{"_sessions":{"BT+d+tPlcRf5++EEMnLPk/iPNFFHb3YPUrlSi7O5z3sU":{"registrationId":1070661083,"currentRatchet":{"ephemeralKeyPair":{"pubKey":"BVAACnCPwLfQq4R9uiYokviyV7Po8qVeMXYXuvKdo5M3","privKey":"GCUrLbpDJ+XOt7Ho/fDA6XDpw62p9u4/vw5yt73vklA="},"lastRemoteEphemeralKey":"BZdw3vGjZLzLbma8xVOVajw9ue8ISHHauiphMcZFQt9w","previousCounter":0,"rootKey":"+OR1fd4jq7nrfTfqInLuUg0GtOg13wnnr1uwig2M/+Q="},"indexInfo":{"baseKey":"BT+d+tPlcRf5++EEMnLPk/iPNFFHb3YPUrlSi7O5z3sU","baseKeyType":1,"closed":-1,"used":1748354355858,"created":1748354355858,"remoteIdentityKey":"BRWf16GYwfybwAL8tbnAMfCQ3hXKCouOUFZYNmc+ixUG"},"_chains":{"BVAACnCPwLfQq4R9uiYokviyV7Po8qVeMXYXuvKdo5M3":{"chainKey":{"counter":0,"key":"dTvTh1TwAdzgTgXfAX59psA/kcCFr3smd7KhUElVAc4="},"chainType":1,"messageKeys":{}}},"pendingPreKey":{"signedKeyId":1,"baseKey":"BT+d+tPlcRf5++EEMnLPk/iPNFFHb3YPUrlSi7O5z3sU","preKeyId":12672672}}},"version":"v1"}