{"_sessions":{"BT3l886UoVI9Wx1Wbl1rbRhxaCRUG1CKVD+ItyJpP3tc":{"registrationId":1923168774,"currentRatchet":{"ephemeralKeyPair":{"pubKey":"BUpIUzNd+sJBb0c7mrMcdofgvMnQnEjDd1MLWWD8q2xr","privKey":"oC8ulFWhX9mS7YnNhBIfnKqdtRWHr6dJEkhfx+0FlnE="},"lastRemoteEphemeralKey":"Bdrz6JNn15Lcoh//h7pwDPbnZuL3ToEoF4Lhl8Ladpxl","previousCounter":0,"rootKey":"lUBXI21fv5GGqA7nICh4GNIVJ8MzGBhrYOrs/gHEOwE="},"indexInfo":{"baseKey":"BT3l886UoVI9Wx1Wbl1rbRhxaCRUG1CKVD+ItyJpP3tc","baseKeyType":1,"closed":-1,"used":1748354351328,"created":1748354351328,"remoteIdentityKey":"BQEX7LaVV58OQrXoDldx0o41gHKVz22Gu2RwIWZKl9Q4"},"_chains":{"BUpIUzNd+sJBb0c7mrMcdofgvMnQnEjDd1MLWWD8q2xr":{"chainKey":{"counter":0,"key":"dshTULzi9gIJBgoNGcQQhJzCnRrwNv5ywtRCIkNdMi4="},"chainType":1,"messageKeys":{}}},"pendingPreKey":{"signedKeyId":16,"baseKey":"BT3l886UoVI9Wx1Wbl1rbRhxaCRUG1CKVD+ItyJpP3tc","preKeyId":10067228}}},"version":"v1"}