{"_sessions":{"BSxQjdIhI9bYG4WkKcGoTFgZ3ps1CYsGXh9jIVDLsZY6":{"registrationId":1084214181,"currentRatchet":{"ephemeralKeyPair":{"pubKey":"Bf+hZXhrwIaJ/bdXDsIu9t8pqLcFVGcqTCikEeB2v7Qf","privKey":"2JG24S/WbYV2YhMEFf5SJuIobQ6jH2ZTfz5Gm86tE38="},"lastRemoteEphemeralKey":"BRK0i+doCnxVxOoFFYFkkBSFus8B4O7QU/Q4uvTBehcS","previousCounter":0,"rootKey":"VYcKyPCrS5Yy37thQBZ9IiddqclnU8iLy1pl4ibM5rw="},"indexInfo":{"baseKey":"BSxQjdIhI9bYG4WkKcGoTFgZ3ps1CYsGXh9jIVDLsZY6","baseKeyType":1,"closed":-1,"used":1748354355664,"created":1748354355664,"remoteIdentityKey":"BQtUQTdIhGLcnieD+YLow8uocOrSl6yOc3PZ7y6RyMwL"},"_chains":{"Bf+hZXhrwIaJ/bdXDsIu9t8pqLcFVGcqTCikEeB2v7Qf":{"chainKey":{"counter":0,"key":"s6PK4r7E48w+yNFiAdvm857GgAe+ciJD9IkGWKk3+6g="},"chainType":1,"messageKeys":{}}},"pendingPreKey":{"signedKeyId":0,"baseKey":"BSxQjdIhI9bYG4WkKcGoTFgZ3ps1CYsGXh9jIVDLsZY6","preKeyId":8325104}}},"version":"v1"}