{"_sessions":{"Bcf/rhbQauVXmcyJslNtGq/YqWKkXY43rkrk+yd82SUq":{"registrationId":1010284500,"currentRatchet":{"ephemeralKeyPair":{"pubKey":"BZjCSzdPSne8hVnxQ4vQmJVTDxD3iiiIISQN1RRkzKF/","privKey":"yEvQWJ4dGQ95m1FXuoI/zDpuADW2Ks8E/SdfR0P/qWk="},"lastRemoteEphemeralKey":"BWWMHG74dh50pm24DBTVyWkCvk9thXx/rXTPzrx+dgVh","previousCounter":0,"rootKey":"ARw+b2Z5NmdrRMc9FgLaA3vXe5y01IK68EfPnu47cYk="},"indexInfo":{"baseKey":"Bcf/rhbQauVXmcyJslNtGq/YqWKkXY43rkrk+yd82SUq","baseKeyType":1,"closed":-1,"used":1748354354711,"created":1748354354711,"remoteIdentityKey":"BZjPNirmPN8b8suDHBV4S+Q9o7xvjYlp39cucjWZCgBs"},"_chains":{"BZjCSzdPSne8hVnxQ4vQmJVTDxD3iiiIISQN1RRkzKF/":{"chainKey":{"counter":0,"key":"aFBW0Vtm3/gWv/XBPoZRUOv00Ycs1y9Njhf3JKlnWFY="},"chainType":1,"messageKeys":{}}},"pendingPreKey":{"signedKeyId":14,"baseKey":"Bcf/rhbQauVXmcyJslNtGq/YqWKkXY43rkrk+yd82SUq","preKeyId":7843268}}},"version":"v1"}