{"_sessions":{"BUDAwv39o7Itm97qJSBQHOn5nbCGYjWEuw6s0qQPZodA":{"registrationId":884129588,"currentRatchet":{"ephemeralKeyPair":{"pubKey":"BfAmNVpuKjiCxwp9lX8UPkSAMJ9qhnIf1z/NYyJJ/Qof","privKey":"OLAnwR1+3VOfocaGHj6UVbWSUV+o6GmlSZLJI/bxkHM="},"lastRemoteEphemeralKey":"BUCmLdiIxzPYiS5US3i0XRq7JpNkzw7DV6U9PgVQnCVc","previousCounter":0,"rootKey":"1h6GPelr7lssZxTm8uqHIpC3Zdlk0fAFS6urgWB9pzk="},"indexInfo":{"baseKey":"BUDAwv39o7Itm97qJSBQHOn5nbCGYjWEuw6s0qQPZodA","baseKeyType":1,"closed":-1,"used":1748354358924,"created":1748354358924,"remoteIdentityKey":"BRtb777w96/FPFzApugHpGr+OS2iMM/lWz5lXqKI8axV"},"_chains":{"BfAmNVpuKjiCxwp9lX8UPkSAMJ9qhnIf1z/NYyJJ/Qof":{"chainKey":{"counter":0,"key":"2VwBU/Ef4FA55/Qi3pqZ85HedW+j7xJqALEWT7Jq970="},"chainType":1,"messageKeys":{}}},"pendingPreKey":{"signedKeyId":1,"baseKey":"BUDAwv39o7Itm97qJSBQHOn5nbCGYjWEuw6s0qQPZodA","preKeyId":951605}}},"version":"v1"}