{"_sessions":{"BZfD67CSPqR5IY05Bw0c78+mgAXJnekCJN4A9IG4jqt6":{"registrationId":1306275606,"currentRatchet":{"ephemeralKeyPair":{"pubKey":"BTdO9u56kYR02ewhS3ULLLpyXfvXzzyk5kAxfIfvr5d5","privKey":"2BRsrpVUJZV41OHxOKVkasfLyo88S/kUtNe+2FT3eVs="},"lastRemoteEphemeralKey":"BTZj10sBntKlGrIKXY5gK8TP4kwiGIUItTgrDsAcF4oZ","previousCounter":0,"rootKey":"FU0PN2+CpBNP98f0jo2Xed7jMhY0rdi+iwUFZN8j7og="},"indexInfo":{"baseKey":"BZfD67CSPqR5IY05Bw0c78+mgAXJnekCJN4A9IG4jqt6","baseKeyType":1,"closed":-1,"used":1748354352227,"created":1748354352227,"remoteIdentityKey":"BSpYAb2fCTkMtOSecJn5vnv2n6A1XX3wTmh2Jy9e7oQ+"},"_chains":{"BTdO9u56kYR02ewhS3ULLLpyXfvXzzyk5kAxfIfvr5d5":{"chainKey":{"counter":0,"key":"j1fcf2ehBaV0MPjaYScQJexGMSvheU3IEPgHiSN8KxE="},"chainType":1,"messageKeys":{}}},"pendingPreKey":{"signedKeyId":12,"baseKey":"BZfD67CSPqR5IY05Bw0c78+mgAXJnekCJN4A9IG4jqt6"}}},"version":"v1"}