{"_sessions":{"BW7QJHUwgr0Dz23rZTWBEUvDG9hpQ+foPw6DRHRJ7Cly":{"registrationId":44261438,"currentRatchet":{"ephemeralKeyPair":{"pubKey":"BTq/yLVXJaSlFOGV38EzUHUjPCXKL2XPf1tBhLZacYMf","privKey":"cLH70Pz2ZIic2asx0gJept3e1iYyheJfNHKEN7SdSkI="},"lastRemoteEphemeralKey":"BSiJ8/swFmJUJm6Kx7gHxNFvg/gnytQt6U+a3VP6e9k6","previousCounter":0,"rootKey":"5KWZRJpTUyCRhxaE1Z1f0HYC8dXCmZOxqaD0bIPVKTQ="},"indexInfo":{"baseKey":"BW7QJHUwgr0Dz23rZTWBEUvDG9hpQ+foPw6DRHRJ7Cly","baseKeyType":1,"closed":-1,"used":1748354358964,"created":1748354358964,"remoteIdentityKey":"BUvV5RHbQJUnJ5BDgVESH02WlCaKRQr4dbEbFgis5tFU"},"_chains":{"BTq/yLVXJaSlFOGV38EzUHUjPCXKL2XPf1tBhLZacYMf":{"chainKey":{"counter":0,"key":"npJdQx2dqMIeBKYzy1uUJeM+TpkcjnNX5VPhFauLw4w="},"chainType":1,"messageKeys":{}}},"pendingPreKey":{"signedKeyId":2,"baseKey":"BW7QJHUwgr0Dz23rZTWBEUvDG9hpQ+foPw6DRHRJ7Cly","preKeyId":10011756}}},"version":"v1"}