{"_sessions":{"BX7p78aiccIwohMq9KqRlf1fioZ1M/IHKgIqOECwmJQF":{"registrationId":445162550,"currentRatchet":{"ephemeralKeyPair":{"pubKey":"BXf0KxOPoqQe0QcRvgf8bRhg9XE2pbrWf89Pe/MdLhl8","privKey":"0KIhTlp/3UzingUsBaR3pI0kNf7XdNal1raYtyO0UFs="},"lastRemoteEphemeralKey":"BTRRsZsKw4GLFuotbehu8mtx89h6SUB0TVjKPw3qk/9A","previousCounter":0,"rootKey":"bX2BnXx8Wmro2M5x4YaHt1bYq2WloJR4R/nlf2fnaP0="},"indexInfo":{"baseKey":"BX7p78aiccIwohMq9KqRlf1fioZ1M/IHKgIqOECwmJQF","baseKeyType":1,"closed":-1,"used":1748354347686,"created":1748354347686,"remoteIdentityKey":"BZ6AkuBj4RlwXNVzvUEVLdpTaAV18wktYadVnjbPlyci"},"_chains":{"BXf0KxOPoqQe0QcRvgf8bRhg9XE2pbrWf89Pe/MdLhl8":{"chainKey":{"counter":0,"key":"xf3bmLu0OAjCN8HPNanLSSLYm5qE1J6Vk/+JZiJ8NK4="},"chainType":1,"messageKeys":{}}},"pendingPreKey":{"signedKeyId":2,"baseKey":"BX7p78aiccIwohMq9KqRlf1fioZ1M/IHKgIqOECwmJQF","preKeyId":9219480}}},"version":"v1"}