{"_sessions":{"BagZibAj1tGv3k0DuT6qgHkhaIMXaiz3diVbgFzwd5FQ":{"registrationId":1635501891,"currentRatchet":{"ephemeralKeyPair":{"pubKey":"BfN/1o6O64+WNC2zFa0IoHpK+ouCTs+4d8NPqpyr7Lhr","privKey":"GBucz2qTdFesK75XwvDhxSmptl26kbkP7BQ+FbQj+k0="},"lastRemoteEphemeralKey":"BaOJ+EzoxeOncpj4ZWT0ZcpoEDV5jMxtW9XW+UTTxIZH","previousCounter":0,"rootKey":"fe9+x1GiClzcTXNaixooiXTuGIFwfGpiaxBjmMQ388I="},"indexInfo":{"baseKey":"BagZibAj1tGv3k0DuT6qgHkhaIMXaiz3diVbgFzwd5FQ","baseKeyType":1,"closed":-1,"used":1748354358374,"created":1748354358374,"remoteIdentityKey":"BRjyyhItjXz++07LEPPnESbi0nTZ+piG2JWngakzbFl+"},"_chains":{"BfN/1o6O64+WNC2zFa0IoHpK+ouCTs+4d8NPqpyr7Lhr":{"chainKey":{"counter":0,"key":"nAdE/1VT32NEJKlMKdpHs+0EhqR0jecQFxxFWkT1OGA="},"chainType":1,"messageKeys":{}}},"pendingPreKey":{"signedKeyId":1,"baseKey":"BagZibAj1tGv3k0DuT6qgHkhaIMXaiz3diVbgFzwd5FQ","preKeyId":75415}}},"version":"v1"}