{"_sessions":{"BR0TV3v+q7NHElgDjQ+hS0BkDm9sFaYtAjo73JnEGtkh":{"registrationId":1301565522,"currentRatchet":{"ephemeralKeyPair":{"pubKey":"BYSVxau+kCvnj/PVMkW22HOIiCr6/X0V0o3oWo9PJaVG","privKey":"QLG3w3kGzusG3/LViDnESbW6uA7GeBi0BqmSUvWWNmY="},"lastRemoteEphemeralKey":"Bf72J0RUpfmh+78deuTz9ZrnNs2Iwib7E3HwPchXK9Vn","previousCounter":0,"rootKey":"kjhrIN6s1TYtd+IkZnGHh75+Oeul2KFE6xNLSUom6P8="},"indexInfo":{"baseKey":"BR0TV3v+q7NHElgDjQ+hS0BkDm9sFaYtAjo73JnEGtkh","baseKeyType":1,"closed":-1,"used":1748354358617,"created":1748354358617,"remoteIdentityKey":"BTwrqouaADR9qHmcWMbRSW48Qe6lbLVBghBfcUZGhKlM"},"_chains":{"BYSVxau+kCvnj/PVMkW22HOIiCr6/X0V0o3oWo9PJaVG":{"chainKey":{"counter":0,"key":"sx7Fm1B3V6fELMc37y6z8bPLaooC+7lmJoTlhO7Lcdo="},"chainType":1,"messageKeys":{}}},"pendingPreKey":{"signedKeyId":3,"baseKey":"BR0TV3v+q7NHElgDjQ+hS0BkDm9sFaYtAjo73JnEGtkh","preKeyId":363607}}},"version":"v1"}