{"_sessions":{"Bf+UqSzKqgp/juDvf/7JCUlzcAzy3ySVkO+L6g6/YsZA":{"registrationId":579295103,"currentRatchet":{"ephemeralKeyPair":{"pubKey":"BYudGPiywfNXb+dgBWnFuhFsFO/kXO3CLmwPcBV/0iBn","privKey":"4EcaU3TDymuTJbIre8omed27p1w5jeCsX3Hdm86d6Xs="},"lastRemoteEphemeralKey":"BSqWWh4RpPIFODdCWNGXYZ8GE12kFauL0joiv6MykodH","previousCounter":0,"rootKey":"ARlxi48e7HI3Ia7iTR9Ygk0o1tBfOrGCNzOs9sqx1Fg="},"indexInfo":{"baseKey":"Bf+UqSzKqgp/juDvf/7JCUlzcAzy3ySVkO+L6g6/YsZA","baseKeyType":1,"closed":-1,"used":1748354360418,"created":1748354360418,"remoteIdentityKey":"BVkymrMcSxfRCCi+DNPsumCCx85sXlvKrToZX4d8V0Q6"},"_chains":{"BYudGPiywfNXb+dgBWnFuhFsFO/kXO3CLmwPcBV/0iBn":{"chainKey":{"counter":0,"key":"SwicPsmQYqe8nYc1Bb4YUcRbb7VgrDZK6A3hNpKpzKg="},"chainType":1,"messageKeys":{}}},"pendingPreKey":{"signedKeyId":1,"baseKey":"Bf+UqSzKqgp/juDvf/7JCUlzcAzy3ySVkO+L6g6/YsZA","preKeyId":1777852}}},"version":"v1"}