{"_sessions":{"BTafwJ2nI/a+dK8427seTM+CgSrginp6f3FfhlD4gTkH":{"registrationId":1762482082,"currentRatchet":{"ephemeralKeyPair":{"pubKey":"BXDPvR7i15MO0iFd1yDpm5m4TV0PTEYlYiPsbpaXu6Yl","privKey":"UM3YfpoXd4e1nTIg5RCXy5yRFkfxQ9ICLDMsM2rg5m4="},"lastRemoteEphemeralKey":"BSRW16PxK7AESPUZ0sGqzSuZ3iMimWes9uM0OA9kTw1p","previousCounter":0,"rootKey":"wexhe4lmvLKsaPdmesFIoqo7g7kUoD5z+da4Y5cILno="},"indexInfo":{"baseKey":"BTafwJ2nI/a+dK8427seTM+CgSrginp6f3FfhlD4gTkH","baseKeyType":1,"closed":-1,"used":1748354347346,"created":1748354347346,"remoteIdentityKey":"BRMdgQyDaLaM72/GlqJbP+I6vxucDEWC2rPrYEAa9QJg"},"_chains":{"BXDPvR7i15MO0iFd1yDpm5m4TV0PTEYlYiPsbpaXu6Yl":{"chainKey":{"counter":0,"key":"s8lhWw8aC2SoyJZE7It6xw+ZaxuzkHT3Zje+fgDtJCw="},"chainType":1,"messageKeys":{}}},"pendingPreKey":{"signedKeyId":1,"baseKey":"BTafwJ2nI/a+dK8427seTM+CgSrginp6f3FfhlD4gTkH","preKeyId":3342}}},"version":"v1"}