{"_sessions":{"BU6hyoVh2IadHy43AnhBm53DJvRBlMH0QZ477KJwQelR":{"registrationId":9682,"currentRatchet":{"ephemeralKeyPair":{"pubKey":"BYWednJIa4QOzYs1OrkrNW1gzU3FwUXvXHXgncjSgChq","privKey":"+KC4dj26vkQ9qHUeNGd6EUvndjCStXPoTgT5iZoHOFc="},"lastRemoteEphemeralKey":"Baps6e1puQPR9NA3CBcvbV3KGcl65SCpWoZo1Zh0xQBw","previousCounter":0,"rootKey":"bu4LmzKHuNaGzktjdP+/gmYW3veaJvffOC906vT6UcU="},"indexInfo":{"baseKey":"BU6hyoVh2IadHy43AnhBm53DJvRBlMH0QZ477KJwQelR","baseKeyType":1,"closed":-1,"used":1748354347433,"created":1748354347433,"remoteIdentityKey":"Be1i5fuhPGP9pArqFKXMjobRwBSNAowoyTaJtgLlaq1O"},"_chains":{"BYWednJIa4QOzYs1OrkrNW1gzU3FwUXvXHXgncjSgChq":{"chainKey":{"counter":0,"key":"SqpRT8/kaOPCdtLIuARKqqAnBeewa98kC1aCzg7MFBc="},"chainType":1,"messageKeys":{}}},"pendingPreKey":{"signedKeyId":4,"baseKey":"BU6hyoVh2IadHy43AnhBm53DJvRBlMH0QZ477KJwQelR","preKeyId":1477}}},"version":"v1"}