{"_sessions":{"BZggb6a5ixb99JUXRHqyMV5Jsbjocno9PiCkbB+ZBBoC":{"registrationId":1191096819,"currentRatchet":{"ephemeralKeyPair":{"pubKey":"BT13lJxSPf6yGvPULyH9E+J0PvM5pRabE/+8bfYJ+Ok+","privKey":"qL7Y94eGozbtu2oEGPFv+nAqxS7jk59P1ewDtXPWqkM="},"lastRemoteEphemeralKey":"BbzF2ZRZqn8mrOFR9Q6Qt0or5vIftoSvSoafqzLVdw82","previousCounter":0,"rootKey":"68wdpZi3p2QS+go5b/guR+WKZdrt8lvIUkuA2qeiR20="},"indexInfo":{"baseKey":"BZggb6a5ixb99JUXRHqyMV5Jsbjocno9PiCkbB+ZBBoC","baseKeyType":1,"closed":-1,"used":1748354359265,"created":1748354359265,"remoteIdentityKey":"BS2SxLjLdeuS3rN9i1DOCbz8kZ24MP25aAZIt2YR1Ikh"},"_chains":{"BT13lJxSPf6yGvPULyH9E+J0PvM5pRabE/+8bfYJ+Ok+":{"chainKey":{"counter":0,"key":"UrjiS6DmV4sXdqqY8YbLxLagP2Un1N3QIL806IH+Zzs="},"chainType":1,"messageKeys":{}}},"pendingPreKey":{"signedKeyId":1,"baseKey":"BZggb6a5ixb99JUXRHqyMV5Jsbjocno9PiCkbB+ZBBoC","preKeyId":2313311}}},"version":"v1"}