{"_sessions":{"BVOu7AN9L88VDGrOM1WnnYieM6jD8TUZMWe1DinAECAc":{"registrationId":2118206380,"currentRatchet":{"ephemeralKeyPair":{"pubKey":"BQx5ivSCxmMkJIwm2oAOfgTUr8SA/vYEhwKvqC1UDfND","privKey":"IJcyFPW9B8VCiLcCnT1BeG4TB6ouFoCA8wBiv2xS/1U="},"lastRemoteEphemeralKey":"BcP6gvBzvzsqu+G6S5hf+ds4F0OU9HV0KmDrn575nnt6","previousCounter":0,"rootKey":"+iwV7dmdPfYORX5y4w2CDnt8lj2/jnO2Usy2pm3MIXA="},"indexInfo":{"baseKey":"BVOu7AN9L88VDGrOM1WnnYieM6jD8TUZMWe1DinAECAc","baseKeyType":1,"closed":-1,"used":1748354358903,"created":1748354358903,"remoteIdentityKey":"BVrBit1u/Rvw1qdL/eFKkd3aa3Ls93aNiiq7hwIsTEpW"},"_chains":{"BQx5ivSCxmMkJIwm2oAOfgTUr8SA/vYEhwKvqC1UDfND":{"chainKey":{"counter":0,"key":"AaWwxwxAXRYSRvIf4xvM54B7upGqWMX5/aGUrgPNUzs="},"chainType":1,"messageKeys":{}}},"pendingPreKey":{"signedKeyId":12,"baseKey":"BVOu7AN9L88VDGrOM1WnnYieM6jD8TUZMWe1DinAECAc","preKeyId":13591482}}},"version":"v1"}