{"_sessions":{"BUg3EqNiWsMvVFozbC/BkubPkiVrqOUU32uVjFJ2e0gj":{"registrationId":384857948,"currentRatchet":{"ephemeralKeyPair":{"pubKey":"BUMIFlQQkbOtt+hGv/BTVrOoMrUM3ESKhlVbvtqOvCkl","privKey":"oE4mmyJp5ymr8+IHNttUmgQVtJXUds3GcHPX7xHwuF8="},"lastRemoteEphemeralKey":"BZquVq0OKjr8j0Ht+xt1zgxaeaGomAbDEkMurxso1xJ4","previousCounter":0,"rootKey":"Avz8r2shfIr0YAPRstqqsljQ3TW9ghGOp53FakifpvI="},"indexInfo":{"baseKey":"BUg3EqNiWsMvVFozbC/BkubPkiVrqOUU32uVjFJ2e0gj","baseKeyType":1,"closed":-1,"used":1748354360466,"created":1748354360466,"remoteIdentityKey":"Bbe7edQtrPWU+VB+Xfey4/cPU06+KI4hXnvIAwLRVYJA"},"_chains":{"BUMIFlQQkbOtt+hGv/BTVrOoMrUM3ESKhlVbvtqOvCkl":{"chainKey":{"counter":0,"key":"8Ahsdygji1Bogu3/hKkluWDNHbXsHa+eMH9eu/ERTvk="},"chainType":1,"messageKeys":{}}},"pendingPreKey":{"signedKeyId":1,"baseKey":"BUg3EqNiWsMvVFozbC/BkubPkiVrqOUU32uVjFJ2e0gj","preKeyId":2678758}}},"version":"v1"}