{"_sessions":{"BTpoYh1ehEcyiAlkvirNeA08Y6RgSEpKGfD+mdPPz9oc":{"registrationId":77542844,"currentRatchet":{"ephemeralKeyPair":{"pubKey":"BWmWlgjRGGjJHy087QgagTy/zqREXGcu4eTtsWy5BrU5","privKey":"gANBj9J2D6n0t4FDaU7azINLT18/tAHqJvnOtecy/n4="},"lastRemoteEphemeralKey":"BRHgkl5tT4BXkSkgtFzwkXRgflabJ/9la8cJwkoGWNBP","previousCounter":0,"rootKey":"D2SIHz8HO7SJplPVKs0fLMAxY/XtvAoTFGPHXDzGk9c="},"indexInfo":{"baseKey":"BTpoYh1ehEcyiAlkvirNeA08Y6RgSEpKGfD+mdPPz9oc","baseKeyType":1,"closed":-1,"used":1748354351684,"created":1748354351684,"remoteIdentityKey":"Bfkp9c8VIJWJ4pt3WQoVhltCDCUWyN50Zzw6iWp1xGpG"},"_chains":{"BWmWlgjRGGjJHy087QgagTy/zqREXGcu4eTtsWy5BrU5":{"chainKey":{"counter":0,"key":"+DTOK/WprnvqfMpRkmWM7Q9uluqVmnDRA2hhlJxjIIY="},"chainType":1,"messageKeys":{}}},"pendingPreKey":{"signedKeyId":4,"baseKey":"BTpoYh1ehEcyiAlkvirNeA08Y6RgSEpKGfD+mdPPz9oc","preKeyId":8931763}}},"version":"v1"}