{"_sessions":{"BYMKSBSGMz6IPY9SF/9QdJUDBoPI/N0uOBjVEnVovZQn":{"registrationId":714459190,"currentRatchet":{"ephemeralKeyPair":{"pubKey":"BRqz0AKONKlbHrnIqGF4CDsiQWDO7lnz9t8KexJsINQi","privKey":"MMCpmKQ7WDZcNR8TVXRLTVMR7m+wvTmwj921vAEv6k4="},"lastRemoteEphemeralKey":"BTvw4ncuvXa2U3edtVBWjZPIlrZ7oolxdWL9CIJDKsMh","previousCounter":0,"rootKey":"OvlVvES9ODH7nstpePZw2TYof0eW1a5whXoWIXikDtI="},"indexInfo":{"baseKey":"BYMKSBSGMz6IPY9SF/9QdJUDBoPI/N0uOBjVEnVovZQn","baseKeyType":1,"closed":-1,"used":1748354348540,"created":1748354348540,"remoteIdentityKey":"BQ7RAsffT4JJ9tjufzKfBif/Pq297tPWnYNAqskystgI"},"_chains":{"BRqz0AKONKlbHrnIqGF4CDsiQWDO7lnz9t8KexJsINQi":{"chainKey":{"counter":0,"key":"RPv8ldnbN3Jr4cKUQzkncfWeM9tbDugYkGjeaCX03s4="},"chainType":1,"messageKeys":{}}},"pendingPreKey":{"signedKeyId":0,"baseKey":"BYMKSBSGMz6IPY9SF/9QdJUDBoPI/N0uOBjVEnVovZQn","preKeyId":6043540}}},"version":"v1"}