{"_sessions":{"BTSkdaD6HXUEcAuGqTlHP7MCeoOtDmCHCipHeqpmUXYf":{"registrationId":1546038299,"currentRatchet":{"ephemeralKeyPair":{"pubKey":"BVGqHTwd5BNq3M9hjQMv0KuknJx8uMyI5NzolYYbAZpw","privKey":"8AjBS7bn8zqMPKlZK2xfo+LXEdHHoqUszN5uaJqIcVQ="},"lastRemoteEphemeralKey":"BdE7iU1mfWqmsSDMltqPH31DH5khH8WRw/B76RYWlAwb","previousCounter":0,"rootKey":"Wg+hpAOciH5n2Tm4fzVW1vomR00dGT/UhMS1/BpwPpA="},"indexInfo":{"baseKey":"BTSkdaD6HXUEcAuGqTlHP7MCeoOtDmCHCipHeqpmUXYf","baseKeyType":1,"closed":-1,"used":1748354354767,"created":1748354354767,"remoteIdentityKey":"BV2pOgW7kbxgZU8KvFLW2oGNjok/j2a+JxSuUKfGI098"},"_chains":{"BVGqHTwd5BNq3M9hjQMv0KuknJx8uMyI5NzolYYbAZpw":{"chainKey":{"counter":0,"key":"emunl+Aqo9miPImpx+DcOdATRCvaKQoGsJY84Mu0ia0="},"chainType":1,"messageKeys":{}}},"pendingPreKey":{"signedKeyId":0,"baseKey":"BTSkdaD6HXUEcAuGqTlHP7MCeoOtDmCHCipHeqpmUXYf","preKeyId":4628196}}},"version":"v1"}