{"_sessions":{"BYJXDWDBjU8SOEeSX6b2jxEo0RQLNT24B8FjnpjHUQZd":{"registrationId":133761302,"currentRatchet":{"ephemeralKeyPair":{"pubKey":"BaqEl/ljeIBVDfh/wi9cpzVgH68RKFlnguR8l+tq+wIr","privKey":"yKFrm++LM/ljbQjlCFiDpj2NUvS88sbsKoD62QDu4m8="},"lastRemoteEphemeralKey":"BTQBNfMaf645WRZdaWnL+5YwWdrwCfV7L+WprbZzYkZ/","previousCounter":0,"rootKey":"GKwLrmGyuc5wU7L5kq9QN32HHLHz3W2H32ZCSuQjU8I="},"indexInfo":{"baseKey":"BYJXDWDBjU8SOEeSX6b2jxEo0RQLNT24B8FjnpjHUQZd","baseKeyType":1,"closed":-1,"used":1748354355207,"created":1748354355207,"remoteIdentityKey":"BTR8+wpPSGJIxqbqGUSjjsiPdI100s7EYXrRfTf0mMRw"},"_chains":{"BaqEl/ljeIBVDfh/wi9cpzVgH68RKFlnguR8l+tq+wIr":{"chainKey":{"counter":0,"key":"LxVhGG2oehf5auOhUzpK9ZDO12WC7vIcoEIc5T4w1iE="},"chainType":1,"messageKeys":{}}},"pendingPreKey":{"signedKeyId":2,"baseKey":"BYJXDWDBjU8SOEeSX6b2jxEo0RQLNT24B8FjnpjHUQZd","preKeyId":16714019}}},"version":"v1"}