{"_sessions":{"BUgGOuAvmwlwuvXyLPpntPpuTXNT/n2uMye3XmyPy4x9":{"registrationId":207864943,"currentRatchet":{"ephemeralKeyPair":{"pubKey":"BQSLWT3Lnyb2nV0SMHOiSVfKiRtcSNJj6nmYJa0pw/MV","privKey":"4HV2GZ5x7c/W+55EtIVxIqUhPmM3o/yL0rYBnvCPcWI="},"lastRemoteEphemeralKey":"BUxeYRvBi5uUSqnJ2QrgCspZEXSQWQnySuslOquoA/AX","previousCounter":0,"rootKey":"Lqe5J1JwRZviTvs61Og9Os1BgtEPnE15SJBA8+WZJj4="},"indexInfo":{"baseKey":"BUgGOuAvmwlwuvXyLPpntPpuTXNT/n2uMye3XmyPy4x9","baseKeyType":1,"closed":-1,"used":1748354348173,"created":1748354348173,"remoteIdentityKey":"BUZ7V2HV100EY0zBeqvgvfpleeZOoRPpE3L3rdhmsz1a"},"_chains":{"BQSLWT3Lnyb2nV0SMHOiSVfKiRtcSNJj6nmYJa0pw/MV":{"chainKey":{"counter":0,"key":"xarAwP8e4zWYcusf8svkki0gvOo8VxJVV1L3Ec4iFQc="},"chainType":1,"messageKeys":{}}},"pendingPreKey":{"signedKeyId":2,"baseKey":"BUgGOuAvmwlwuvXyLPpntPpuTXNT/n2uMye3XmyPy4x9","preKeyId":8353772}}},"version":"v1"}