{"_sessions":{"BQGrKmT8TTJOmMYrPmKxJPJI7h4+KUDgwJBpMSkjBdgq":{"registrationId":1344255058,"currentRatchet":{"ephemeralKeyPair":{"pubKey":"BaurcWz164dJpB5uXEUd3eyjFdUaUNcWevsQ5OLIkitk","privKey":"iFcVEPv3GrDnbLQ+MQ2Shpy6aHRZVe76UK13cwOtJ1c="},"lastRemoteEphemeralKey":"BSL2DyXYRtd76F8v53XUG0h8dvF2E2zWJ8WKvFObgjdr","previousCounter":0,"rootKey":"9w40LZP1MWU0n/RjgVFOzkd6dwO3pz2onENMsfmQlho="},"indexInfo":{"baseKey":"BQGrKmT8TTJOmMYrPmKxJPJI7h4+KUDgwJBpMSkjBdgq","baseKeyType":1,"closed":-1,"used":1748354348553,"created":1748354348553,"remoteIdentityKey":"BfUpa6E5FLtOYbfmGfeNJsk3CbZ7NO1MFQSqveJODKxq"},"_chains":{"BaurcWz164dJpB5uXEUd3eyjFdUaUNcWevsQ5OLIkitk":{"chainKey":{"counter":0,"key":"/nW0eN2DeKPkN5TZ8LxeBxl5RDHKGtHzw0fCAmowas4="},"chainType":1,"messageKeys":{}}},"pendingPreKey":{"signedKeyId":1,"baseKey":"BQGrKmT8TTJOmMYrPmKxJPJI7h4+KUDgwJBpMSkjBdgq","preKeyId":14204489}}},"version":"v1"}