{"_sessions":{"Bbi2Bzfpj63ZPLO7m40Tz37w5IHW15zKj5+8TAr1FnhC":{"registrationId":1339731216,"currentRatchet":{"ephemeralKeyPair":{"pubKey":"BTlF2KmicgDDfThtLAlMkaq4z1tN6JhXXLYUq6MCXoRQ","privKey":"IB2Sz9eafH4QG83u3feaCC28N8iDZVPUtw0Giz7qEm0="},"lastRemoteEphemeralKey":"BSB7lqsyal7sKx8umXwgGGdtPxGlVAzs/1+iUuP4KV1r","previousCounter":0,"rootKey":"RzSTUHwQZWuwyjqaVjA2vZ84AbCD6pcd/fwMateVIOQ="},"indexInfo":{"baseKey":"Bbi2Bzfpj63ZPLO7m40Tz37w5IHW15zKj5+8TAr1FnhC","baseKeyType":1,"closed":-1,"used":1748354359374,"created":1748354359374,"remoteIdentityKey":"BeKM5qpOwVRRXaiYnCCcLvvXe48RrHSdKuveojE7Se1o"},"_chains":{"BTlF2KmicgDDfThtLAlMkaq4z1tN6JhXXLYUq6MCXoRQ":{"chainKey":{"counter":0,"key":"nXtOac3MmzXHzo9IbhmBhKSu1dFNq9sfR25js/RbVrc="},"chainType":1,"messageKeys":{}}},"pendingPreKey":{"signedKeyId":1,"baseKey":"Bbi2Bzfpj63ZPLO7m40Tz37w5IHW15zKj5+8TAr1FnhC","preKeyId":14524513}}},"version":"v1"}