{"_sessions":{"BSq/j6wq0Iqe0HZ5dh5X9egS17n2mjNhbdlSl/rYi7Al":{"registrationId":654496371,"currentRatchet":{"ephemeralKeyPair":{"pubKey":"BcKQO8030tQkNu1RrvJSvwEw7906e9xDb2+4AVZ9ebAx","privKey":"+BdmeD2B22gsH885UqAwVzJsK9e7rYNzGBFvwsob8W0="},"lastRemoteEphemeralKey":"BSoU4FqNTBX1KCUgOAPiTGcXzRx0wzYxEERm7VpBbAI+","previousCounter":0,"rootKey":"gg9QPpTqmQBqou/fvFnXVjG9g7xcv5mcrWsDRi00/bI="},"indexInfo":{"baseKey":"BSq/j6wq0Iqe0HZ5dh5X9egS17n2mjNhbdlSl/rYi7Al","baseKeyType":1,"closed":-1,"used":1748352824042,"created":1748351974995,"remoteIdentityKey":"BTXIIQDROR/DuKZ3Iu1b+D4icV+iFOv2Df+rdOIvHBp7"},"_chains":{"BSoU4FqNTBX1KCUgOAPiTGcXzRx0wzYxEERm7VpBbAI+":{"chainKey":{"counter":0,"key":"X18OZfSFppC6lkDEyTLYs4ix0sWIlYtFIl816B6Hivk="},"chainType":2,"messageKeys":{}},"BcKQO8030tQkNu1RrvJSvwEw7906e9xDb2+4AVZ9ebAx":{"chainKey":{"counter":-1,"key":"EZ+eNSSUCQzzqJeqDHppGvmSTxhJyBgm/pfvOj6X3Po="},"chainType":1,"messageKeys":{}}}}},"version":"v1"}