{"_sessions":{"BXFqgXKyDF1c0Zp7xuGLzDyFPx2FE+JwN+kC9ikeLaY6":{"registrationId":1750718601,"currentRatchet":{"ephemeralKeyPair":{"pubKey":"BVT3uFUFI3t9fAirdnHV/pddnjlkEk9PcC1J0gekuj9G","privKey":"+OFUoJunybc9cOYckpR4OmtUdSw7E+OC67D1x23TPFQ="},"lastRemoteEphemeralKey":"BWdLFFqp+fnorsJl0TEqEq40p2GctRYJlQJq1vEzv08G","previousCounter":0,"rootKey":"G8KFzHaLXvZuSELm/q3wrOYlqIt4H2ohDenAec0L+ls="},"indexInfo":{"baseKey":"BXFqgXKyDF1c0Zp7xuGLzDyFPx2FE+JwN+kC9ikeLaY6","baseKeyType":1,"closed":-1,"used":1748354352270,"created":1748354352270,"remoteIdentityKey":"BakN9Vec7ZCmP4/pSvp6xke7+kdY9FaG/PZj3pmzXx0I"},"_chains":{"BVT3uFUFI3t9fAirdnHV/pddnjlkEk9PcC1J0gekuj9G":{"chainKey":{"counter":0,"key":"yaDbhO1Oenv8M/yyVCcW5Airk29hH/eqb8rD8XLLsWs="},"chainType":1,"messageKeys":{}}},"pendingPreKey":{"signedKeyId":3,"baseKey":"BXFqgXKyDF1c0Zp7xuGLzDyFPx2FE+JwN+kC9ikeLaY6","preKeyId":15161219}}},"version":"v1"}