{"_sessions":{"BQOONTz5Mei78bxhKrr1UoBVVsYG+4lu7dRwkPAgZvNy":{"registrationId":1343454096,"currentRatchet":{"ephemeralKeyPair":{"pubKey":"BQcBQtBte7cwsRCYYsn4d79r+oITBvA26RdgsifcrMcR","privKey":"yBjNvO1vkLCur0B6WYwiUpn/x8dPQCL9orj3ims0cUE="},"lastRemoteEphemeralKey":"BSboEQjJo+JApyVfi4oZ/neW5nOBojnj9yQjdh5u1MMC","previousCounter":0,"rootKey":"sYRkJbrLpnTAhXicWbzrf5SNePDFAE1exRjFPqgXRcM="},"indexInfo":{"baseKey":"BQOONTz5Mei78bxhKrr1UoBVVsYG+4lu7dRwkPAgZvNy","baseKeyType":1,"closed":-1,"used":1748354360371,"created":1748354360371,"remoteIdentityKey":"BavMRWv9bOhhhjz5D39acgPIK2rIofEtD5bhNdqpuDNC"},"_chains":{"BQcBQtBte7cwsRCYYsn4d79r+oITBvA26RdgsifcrMcR":{"chainKey":{"counter":0,"key":"rqYJKvQ7JttAau3DnymK/oofi+QXUOBLeDDlfon8oYU="},"chainType":1,"messageKeys":{}}},"pendingPreKey":{"signedKeyId":2,"baseKey":"BQOONTz5Mei78bxhKrr1UoBVVsYG+4lu7dRwkPAgZvNy"}}},"version":"v1"}