{"_sessions":{"BWGYDNM5phjeu3KUB+kPQPVfkvVLDvs+OMUTmqF5YhY/":{"registrationId":1017006881,"currentRatchet":{"ephemeralKeyPair":{"pubKey":"BcEvGYrnEnRZGnecgTnTLI3Y904dYZr8IKhL+HunJko0","privKey":"GIU03UFtsE1QF0gWKH6Zh6U8JV6U4OxzWnRr1a/sPWI="},"lastRemoteEphemeralKey":"BQ0Qg6mhGqLSsCrqhjXMVldUxhV0nnNPuRffLFbbrpF8","previousCounter":0,"rootKey":"PHtYJPYytEbhx+sqCXhvUbLMva0AULElfcs1e2efEe0="},"indexInfo":{"baseKey":"BWGYDNM5phjeu3KUB+kPQPVfkvVLDvs+OMUTmqF5YhY/","baseKeyType":1,"closed":-1,"used":1748354351559,"created":1748354351559,"remoteIdentityKey":"BUbsn36Y0hoL189OwsWfTjJQ5G1wkK19uVtFENbtLWI3"},"_chains":{"BcEvGYrnEnRZGnecgTnTLI3Y904dYZr8IKhL+HunJko0":{"chainKey":{"counter":0,"key":"X7gWxYcwIZ5FEL6GAMhkqhPOkHxLVmTPBvhHnw3DvRI="},"chainType":1,"messageKeys":{}}},"pendingPreKey":{"signedKeyId":2,"baseKey":"BWGYDNM5phjeu3KUB+kPQPVfkvVLDvs+OMUTmqF5YhY/","preKeyId":4085983}}},"version":"v1"}