{"_sessions":{"BcN8KffQobSlmxcR+r1NNhRCBVVju4W+38LyxHPd050M":{"registrationId":1019101470,"currentRatchet":{"ephemeralKeyPair":{"pubKey":"BXFt4YQSI4Pm3s/UMe7VHYKot+8n/B4aF7APeotZUoRA","privKey":"gGBhJlNYApWY82k3g+v7NvJiqK72GFZ7WLMmVHDEnk4="},"lastRemoteEphemeralKey":"BQdaKSavC+0M/b6mlFpD2ENIIg78aCq51kcM3SxPUY4w","previousCounter":0,"rootKey":"HDa38Pno+Z1cXJOXm6PuRPJ3rT15xAwfW6yUjy1CsE8="},"indexInfo":{"baseKey":"BcN8KffQobSlmxcR+r1NNhRCBVVju4W+38LyxHPd050M","baseKeyType":1,"closed":-1,"used":1748354348359,"created":1748354348359,"remoteIdentityKey":"BccHrN5nxD2Tl9PgVp49AA/7BSA8OGzIcbfDr+PvirEi"},"_chains":{"BXFt4YQSI4Pm3s/UMe7VHYKot+8n/B4aF7APeotZUoRA":{"chainKey":{"counter":0,"key":"nyUcRvWPB7pOzZaIOgFxM6rDWODLPRlSpVez7yv9RV8="},"chainType":1,"messageKeys":{}}},"pendingPreKey":{"signedKeyId":0,"baseKey":"BcN8KffQobSlmxcR+r1NNhRCBVVju4W+38LyxHPd050M","preKeyId":7087789}}},"version":"v1"}