{"_sessions":{"BSUZgRAwXTn+HK4j+jfT1C7AoaiL+ubHEj/jRZG8Xd4T":{"registrationId":567092727,"currentRatchet":{"ephemeralKeyPair":{"pubKey":"BWNCpLYteXGLFQRcEDCeO4kkvvRlkTJNaHmZA2ipiusN","privKey":"qL0T61cDDkzyg9SXjIG9GFG+N44PConPF42Vg1it73o="},"lastRemoteEphemeralKey":"BRDXPEqcaSyBBGqr9cnTBqx6Lt/2bN2+KBUpcvskemFz","previousCounter":0,"rootKey":"rpr9kvwraD7bz334UroBiaba5Qep4k4txt9feo9AVVY="},"indexInfo":{"baseKey":"BSUZgRAwXTn+HK4j+jfT1C7AoaiL+ubHEj/jRZG8Xd4T","baseKeyType":1,"closed":-1,"used":1748354351672,"created":1748354351672,"remoteIdentityKey":"BWAS5Myn/iXf0lt7UTaH4grzub9m1SUY9bf7SYJ5PYMU"},"_chains":{"BWNCpLYteXGLFQRcEDCeO4kkvvRlkTJNaHmZA2ipiusN":{"chainKey":{"counter":0,"key":"7hHIOiMi5tf2WyZGL1tbSppN5eQrTPUYrccoHr4fPkM="},"chainType":1,"messageKeys":{}}},"pendingPreKey":{"signedKeyId":0,"baseKey":"BSUZgRAwXTn+HK4j+jfT1C7AoaiL+ubHEj/jRZG8Xd4T"}}},"version":"v1"}