{"_sessions":{"BTD4uAZKJ9euSGhn6BIaZ/qyBwTmRI1sFFa0c5oyeaE4":{"registrationId":1231661316,"currentRatchet":{"ephemeralKeyPair":{"pubKey":"BdBbmlfO8JVxnfRzkvgta6nqj+vdAFEbqqIoz/QHwjds","privKey":"eBBt5wyKAOt1RAvISlzxoiKgEZ0OwhFGNxF6rTNMGG8="},"lastRemoteEphemeralKey":"BTX2jY076y5oauZ4bEyDzi/II0A6ieEViji/7b5gcAo1","previousCounter":0,"rootKey":"9buwupbNFPNErd2GjmPbRXXdoe/EcP909gWyXbkQqAg="},"indexInfo":{"baseKey":"BTD4uAZKJ9euSGhn6BIaZ/qyBwTmRI1sFFa0c5oyeaE4","baseKeyType":1,"closed":-1,"used":1748354351912,"created":1748354351912,"remoteIdentityKey":"BQdC1C9eODbs5Ohd2iaKL1ZUgD9BA0UH4fC9/c2n72F4"},"_chains":{"BdBbmlfO8JVxnfRzkvgta6nqj+vdAFEbqqIoz/QHwjds":{"chainKey":{"counter":0,"key":"lBmu9ZcDE9GgWQ/rzzOmO2EnBuvneeQAZtxGrOEeEtM="},"chainType":1,"messageKeys":{}}},"pendingPreKey":{"signedKeyId":1,"baseKey":"BTD4uAZKJ9euSGhn6BIaZ/qyBwTmRI1sFFa0c5oyeaE4","preKeyId":1354511}}},"version":"v1"}