{"_sessions":{"BZRFQKPy6jovfyeNsPHwy8+cmUTp5bqIh8xWiEocDjMn":{"registrationId":1658356180,"currentRatchet":{"ephemeralKeyPair":{"pubKey":"Bb+hBnUGhoyut7S8+95K6Y46ouvhE0hwEpqvA/qYrXF6","privKey":"EB9ZVwzQRygaVkzFZmRUPs+zft0ursByvS7I0+o59mc="},"lastRemoteEphemeralKey":"BfxQCcQB/+Hj5NYScixPMw4JslijkxJvUK2Tk959/U1q","previousCounter":0,"rootKey":"Yc4B50mwvV+dorrnSegS4Wqj93jFgoZOf/KI/w55fMM="},"indexInfo":{"baseKey":"BZRFQKPy6jovfyeNsPHwy8+cmUTp5bqIh8xWiEocDjMn","baseKeyType":1,"closed":-1,"used":1748354352006,"created":1748354352006,"remoteIdentityKey":"BZ33LyhXWlPAvQjiTiFm26HZm2cNXIlwo1Ok8fZTNToh"},"_chains":{"Bb+hBnUGhoyut7S8+95K6Y46ouvhE0hwEpqvA/qYrXF6":{"chainKey":{"counter":0,"key":"uMeMVEA4EI1FjdapwbzCBkCkVjXG7lyV/Fa87y65tXI="},"chainType":1,"messageKeys":{}}},"pendingPreKey":{"signedKeyId":2,"baseKey":"BZRFQKPy6jovfyeNsPHwy8+cmUTp5bqIh8xWiEocDjMn","preKeyId":3643575}}},"version":"v1"}