{"_sessions":{"Bdd50EkaYugtK6JPAEoVZwC7/ixzhF1GYjTXjCZB4uZq":{"registrationId":2093149829,"currentRatchet":{"ephemeralKeyPair":{"pubKey":"BeJUhOa9LLLyeiX/2GSHV2ydJ6fFFP1wK50s6QBSs6Yb","privKey":"sO42hkwqaUNAXbNsXQYOmuSdWLA+GzuZ+zf4ntZ1U0M="},"lastRemoteEphemeralKey":"Bbu0UCXP1icXzIy+nO2MpH40Hz7NYEwe/zJ/i+V0Gtgo","previousCounter":0,"rootKey":"xOKWrEfm3iPRQLuXVWc2XgqIwTi1q9nQrviF+X78mKA="},"indexInfo":{"baseKey":"Bdd50EkaYugtK6JPAEoVZwC7/ixzhF1GYjTXjCZB4uZq","baseKeyType":1,"closed":-1,"used":1748354351570,"created":1748354351570,"remoteIdentityKey":"BcFNt66GxiCM/RtRrtwBSn5HQIpetJUo6ORqP/+HbzNS"},"_chains":{"BeJUhOa9LLLyeiX/2GSHV2ydJ6fFFP1wK50s6QBSs6Yb":{"chainKey":{"counter":0,"key":"nKWDEzQQDhwOggJ+ZrQuljrb8grEVSLCGYCV+wRA1SY="},"chainType":1,"messageKeys":{}}},"pendingPreKey":{"signedKeyId":0,"baseKey":"Bdd50EkaYugtK6JPAEoVZwC7/ixzhF1GYjTXjCZB4uZq","preKeyId":6593657}}},"version":"v1"}