{"_sessions":{"Bdllfd8ScO9aDH5rXW2QFXB/civqWsydlc5+NJpOUB87":{"registrationId":1265432241,"currentRatchet":{"ephemeralKeyPair":{"pubKey":"BVuRAxSVXiH5ougZ2Mjdk3qgwRLo/tmdGJlAdjRQW4RP","privKey":"oEfErjxOD40kJkBHpcX/F89pgVEjy2VjF7LcI89TkXY="},"lastRemoteEphemeralKey":"BWOSxZ8+3WArWNRUrqwuJZ8OjJ2TCR3q1S/rtSnJGLUN","previousCounter":0,"rootKey":"ZvClZx+TJRXE3W5iQdvZNYKdhMGJeCtSaawHq/rFFQ8="},"indexInfo":{"baseKey":"Bdllfd8ScO9aDH5rXW2QFXB/civqWsydlc5+NJpOUB87","baseKeyType":1,"closed":-1,"used":1748354347833,"created":1748354347833,"remoteIdentityKey":"BYuLXA2cTz1/xF1VFI98AUhYCyCrNnfEvA1z98G+tCVZ"},"_chains":{"BVuRAxSVXiH5ougZ2Mjdk3qgwRLo/tmdGJlAdjRQW4RP":{"chainKey":{"counter":0,"key":"KJCpAF8SM/OCX+vk0xjkJhmHEWYCqJFNIlJOfpIvYbk="},"chainType":1,"messageKeys":{}}},"pendingPreKey":{"signedKeyId":1,"baseKey":"Bdllfd8ScO9aDH5rXW2QFXB/civqWsydlc5+NJpOUB87","preKeyId":14528432}}},"version":"v1"}