{"_sessions":{"Bd456jHakJoW3TOJ4rjLxqqGKdzwa8QJfv9nVla3Y+hJ":{"registrationId":1954095843,"currentRatchet":{"ephemeralKeyPair":{"pubKey":"BafrUc0Bi22+QngJYWzH5h9XRrcF6lEu7arFBYZmAiYP","privKey":"aIrktYTXgY2cOCAJCwHF5gmD/CcNQmpV+RuBfQlivGU="},"lastRemoteEphemeralKey":"BYREmz+dg0vmcYyDYvJXjVRMtWSGC8VfwPrwLetq/sUv","previousCounter":0,"rootKey":"RabfSBUATnfP0u8/xyIXHlZEAtaICKvjIlIjC3+R2dk="},"indexInfo":{"baseKey":"Bd456jHakJoW3TOJ4rjLxqqGKdzwa8QJfv9nVla3Y+hJ","baseKeyType":1,"closed":-1,"used":1748354360504,"created":1748354360504,"remoteIdentityKey":"BUw1EioudAX/gUo6UDI6l0TplQM3DAeFQV5bHjwDjpQP"},"_chains":{"BafrUc0Bi22+QngJYWzH5h9XRrcF6lEu7arFBYZmAiYP":{"chainKey":{"counter":0,"key":"Rxl/QWKqVuCroRUiVeaCQIVXSrcvvfdl6eTHkUvN6vw="},"chainType":1,"messageKeys":{}}},"pendingPreKey":{"signedKeyId":0,"baseKey":"Bd456jHakJoW3TOJ4rjLxqqGKdzwa8QJfv9nVla3Y+hJ","preKeyId":332088}}},"version":"v1"}