{"_sessions":{"BY6sRvy4Dx09k/WXRiGzBU1DyfPZAAPtobXEt3Em7wcy":{"registrationId":1705609142,"currentRatchet":{"ephemeralKeyPair":{"pubKey":"BQFjuq81qIoH9qtr0KV0yTdOmA2FcHNUSVltczqba1ce","privKey":"GMCGfLDJkmCG69qxJe+uzAUOwCrjrOZPzEKif6xb7GM="},"lastRemoteEphemeralKey":"BYJhtDmGwmErLR1yg9UzHrwFOL3mtUTPRaF5lPNTF5Am","previousCounter":0,"rootKey":"cnyqCo6HD3Z49mcOlnyeNRMurt0E8eIBpQVuKhiJj0k="},"indexInfo":{"baseKey":"BY6sRvy4Dx09k/WXRiGzBU1DyfPZAAPtobXEt3Em7wcy","baseKeyType":1,"closed":-1,"used":1748354348212,"created":1748354348212,"remoteIdentityKey":"BUdasFEK5XG4bVgey70H9n7Ogg30QIBI/9uac5JynYBO"},"_chains":{"BQFjuq81qIoH9qtr0KV0yTdOmA2FcHNUSVltczqba1ce":{"chainKey":{"counter":0,"key":"P99kb3ZBsg5OPWcOTu20X/bgFDEO/1ZegbDUYrrhras="},"chainType":1,"messageKeys":{}}},"pendingPreKey":{"signedKeyId":1,"baseKey":"BY6sRvy4Dx09k/WXRiGzBU1DyfPZAAPtobXEt3Em7wcy","preKeyId":11226533}}},"version":"v1"}