{"_sessions":{"BfmQmHhpdTtw4sCHwppRbD00Bc5ZKZT0rTGyjjwdEIdV":{"registrationId":1138222003,"currentRatchet":{"ephemeralKeyPair":{"pubKey":"BUagztqTcGGyF0PqKRrajNHwWoGrmNIRc4qGlRDrnFRk","privKey":"CCsgNxwfBmUZ6YfeMFPXmc/ibWqnjHGqU6eqzndEQWQ="},"lastRemoteEphemeralKey":"BT+uI5pea8Fm+3mpQAzLath3UkN9u3WzH9o+YL/YTeoe","previousCounter":0,"rootKey":"4sRFE19b6JJA8byTsEfNZnWJKJ0PSp0ub6qBdrxNr/U="},"indexInfo":{"baseKey":"BfmQmHhpdTtw4sCHwppRbD00Bc5ZKZT0rTGyjjwdEIdV","baseKeyType":1,"closed":-1,"used":1748354348491,"created":1748354348491,"remoteIdentityKey":"BcfUst5OEDXBj1SQkcujTZNq3fk+dD3k94SU6OKCdvZc"},"_chains":{"BUagztqTcGGyF0PqKRrajNHwWoGrmNIRc4qGlRDrnFRk":{"chainKey":{"counter":0,"key":"FE0k0YFBqgH9IW5LWl/DP/tUPGOEWYzKiaCbjqCv00c="},"chainType":1,"messageKeys":{}}},"pendingPreKey":{"signedKeyId":0,"baseKey":"BfmQmHhpdTtw4sCHwppRbD00Bc5ZKZT0rTGyjjwdEIdV","preKeyId":2779054}}},"version":"v1"}