{"_sessions":{"BedFlmO6chaAhnoq9ngDRdVkLK8qmeGVOa7fXd6EYghA":{"registrationId":1845385235,"currentRatchet":{"ephemeralKeyPair":{"pubKey":"BdfotlG/fO4cDJetOBM7XnX45rNMc6p+OVDCQ7AhytJ1","privKey":"+Fsl8U3Yml0YcGcjeHRqp8+qY0Uc8hlnD5hW8w2B6VM="},"lastRemoteEphemeralKey":"BYXWRXDixnypzQN7sbHLZKXT1/m839jwG7HGbTooXxED","previousCounter":0,"rootKey":"/equcEU3sqiLfrh5hYdyWliJLJQVF0LOrGB7G82HK30="},"indexInfo":{"baseKey":"BedFlmO6chaAhnoq9ngDRdVkLK8qmeGVOa7fXd6EYghA","baseKeyType":1,"closed":-1,"used":1748354358743,"created":1748354358743,"remoteIdentityKey":"BXd2cdctPpTNTc26UHID8OKuh5WtSbeNVfp58IqtO91H"},"_chains":{"BdfotlG/fO4cDJetOBM7XnX45rNMc6p+OVDCQ7AhytJ1":{"chainKey":{"counter":0,"key":"B2Bsc/9zHRv61rPvOF8AHfl0K0RxmECBYFaphJvOiG4="},"chainType":1,"messageKeys":{}}},"pendingPreKey":{"signedKeyId":1,"baseKey":"BedFlmO6chaAhnoq9ngDRdVkLK8qmeGVOa7fXd6EYghA","preKeyId":8711064}}},"version":"v1"}