{"_sessions":{"BTB+SxqOq2BWBWGEkhOQ0pTZ54ascNc4xkwApvn2OM88":{"registrationId":1163388082,"currentRatchet":{"ephemeralKeyPair":{"pubKey":"BVmBjy35EEdH1JQREd0WKB0vOCuTWhuPDoDwAvhnM0t8","privKey":"2LcSLCFjS3QJJiUfyqI982OEPh4rWgoYndp4h0D+4XQ="},"lastRemoteEphemeralKey":"BXZjMptQeKPmym9GXHRFtzoqOHaF9haGHHlHwLMBID5C","previousCounter":0,"rootKey":"CjGnV+T+Ewv7NsqA6etxK38bOUcqtWKxEmJyrxcQmXc="},"indexInfo":{"baseKey":"BTB+SxqOq2BWBWGEkhOQ0pTZ54ascNc4xkwApvn2OM88","baseKeyType":1,"closed":-1,"used":1748351975049,"created":1748351975049,"remoteIdentityKey":"BZNhA4uM59uMndswhD475RBlClP06P60RJYFsRoX/m5/"},"_chains":{"BVmBjy35EEdH1JQREd0WKB0vOCuTWhuPDoDwAvhnM0t8":{"chainKey":{"counter":0,"key":"I5XGRWCw/lwyFQGt4fQ6nSx4Jm/cHSs7k9vgdF1auwI="},"chainType":1,"messageKeys":{}}},"pendingPreKey":{"signedKeyId":1,"baseKey":"BTB+SxqOq2BWBWGEkhOQ0pTZ54ascNc4xkwApvn2OM88","preKeyId":3400}}},"version":"v1"}