{"_sessions":{"BZR5Vu5Tva3D6HN4Rwh8tNUmEE1EOsxwgkonFhhYZSh4":{"registrationId":1654546790,"currentRatchet":{"ephemeralKeyPair":{"pubKey":"BVmhitUCbKgcZRT6jJ2IzIfkRzCH/nIFTeSclzLPZVNw","privKey":"cNQGihQemma/MTBUYE2V4SxE2tZlAg8zYHg2G3nszWQ="},"lastRemoteEphemeralKey":"BYIZAe6MZ+rj7A4wKSieCJ/SVW2uXh0151xbbf2PuDxe","previousCounter":0,"rootKey":"kV/g8Q5RJ/9Y4Crk7tjgeUj2ukXroK8qAQNLI7Aua/o="},"indexInfo":{"baseKey":"BZR5Vu5Tva3D6HN4Rwh8tNUmEE1EOsxwgkonFhhYZSh4","baseKeyType":1,"closed":-1,"used":1748354358265,"created":1748354358265,"remoteIdentityKey":"Bdzcufak8MuHzSRbRQ8XVBYThDnIrmlUO92+YDWvO9JU"},"_chains":{"BVmhitUCbKgcZRT6jJ2IzIfkRzCH/nIFTeSclzLPZVNw":{"chainKey":{"counter":0,"key":"SCGDD9TtTP1N9p5rhCzhVq7iyjYO7wzLdf3ncEiaJVE="},"chainType":1,"messageKeys":{}}},"pendingPreKey":{"signedKeyId":4931927,"baseKey":"BZR5Vu5Tva3D6HN4Rwh8tNUmEE1EOsxwgkonFhhYZSh4","preKeyId":155}}},"version":"v1"}