{"_sessions":{"Bd8L1s1/l1/m/gXlTL5zLMxwjSHFC89KIKJrt0fZZxlt":{"registrationId":8075,"currentRatchet":{"ephemeralKeyPair":{"pubKey":"BW0kHJ4JI00VopzsCafKap+adXLwJQSAtDFIsx+MGDti","privKey":"cMjKBlxxz1y69cUyiq2+4OigjfEJ+jVwR5ffo3Vrhlw="},"lastRemoteEphemeralKey":"Bd1kxBlKHkhfynGB7KxR+hSgvWjwNScYeRUCNMzTPBEw","previousCounter":0,"rootKey":"rIXWXCUK2vKdAqgoMZE06lbZHpsMFK9wP5tablLGW5c="},"indexInfo":{"baseKey":"Bd8L1s1/l1/m/gXlTL5zLMxwjSHFC89KIKJrt0fZZxlt","baseKeyType":1,"closed":-1,"used":1748354347322,"created":1748354347322,"remoteIdentityKey":"BfHPZzxStN2KBcuWpohG/BqKRdoILQWCcoX09xzB7RYM"},"_chains":{"BW0kHJ4JI00VopzsCafKap+adXLwJQSAtDFIsx+MGDti":{"chainKey":{"counter":0,"key":"YupuvZkWxKtZOy/ooD7xrEM+wyzBwfh3mdhGkCyovmg="},"chainType":1,"messageKeys":{}}},"pendingPreKey":{"signedKeyId":1,"baseKey":"Bd8L1s1/l1/m/gXlTL5zLMxwjSHFC89KIKJrt0fZZxlt"}}},"version":"v1"}