{"_sessions":{"BRovanI9UvDqU2FPywKP3KkEOCvpSP6P9SdtlEsaPDYX":{"registrationId":1275845435,"currentRatchet":{"ephemeralKeyPair":{"pubKey":"BUdOMHQbxXjyzVXrcMPYD2EmkiJ/lDqte/yb2hUG7UNc","privKey":"sE4GQ+4xm1NhDGDs/Iw1pbRF2xCoXi6etM3ubTK4E30="},"lastRemoteEphemeralKey":"BQQswLUXOn4snoGxiAKsLAqhp0nCv2+AkJGw23dVOW4q","previousCounter":0,"rootKey":"8tzyK70L9U1tPI+Z7DMSrq57a8jSFXSG42OwKTn4AXI="},"indexInfo":{"baseKey":"BRovanI9UvDqU2FPywKP3KkEOCvpSP6P9SdtlEsaPDYX","baseKeyType":1,"closed":-1,"used":1748354347979,"created":1748354347979,"remoteIdentityKey":"BcoOayrXjFeO1SofPKWxHlvZzT/DLtB4dw54RG4XCylR"},"_chains":{"BUdOMHQbxXjyzVXrcMPYD2EmkiJ/lDqte/yb2hUG7UNc":{"chainKey":{"counter":0,"key":"/JJMFp9h5XsSUO7+tVhXDnG3ycdduINPaFSUHRlAOOg="},"chainType":1,"messageKeys":{}}},"pendingPreKey":{"signedKeyId":2,"baseKey":"BRovanI9UvDqU2FPywKP3KkEOCvpSP6P9SdtlEsaPDYX","preKeyId":14844703}}},"version":"v1"}