{"_sessions":{"Bbazo6iBDKo9Ur09t8kGPzBul3NEnozSzOfIKF4EvsQS":{"registrationId":100515882,"currentRatchet":{"ephemeralKeyPair":{"pubKey":"BZPD6Uxo/rT0uALuvKPaRJrpQpXMDGNOQkd1O+YygUdc","privKey":"oHYdehYEhJ53YK7svYFzBLqF3qrhY6Ptxlde7gDQ70Y="},"lastRemoteEphemeralKey":"BeHGTy38715XRjWjCXnCkWzaUEpy+qloaMJrkieJ2Jgy","previousCounter":0,"rootKey":"0pE9O+5aoc9Sxd076KL89dcEt3KKKakmsg21U7uoqro="},"indexInfo":{"baseKey":"Bbazo6iBDKo9Ur09t8kGPzBul3NEnozSzOfIKF4EvsQS","baseKeyType":1,"closed":-1,"used":1748354348591,"created":1748354348591,"remoteIdentityKey":"BT9MM4s/l8y8Q892cL/l07Nq0HFEzPlez1SFhMFyeOhz"},"_chains":{"BZPD6Uxo/rT0uALuvKPaRJrpQpXMDGNOQkd1O+YygUdc":{"chainKey":{"counter":0,"key":"QnT25/Aec9Jl2VlJ3gZHWNEJkr/ZV6qW6GjnJZO0f/c="},"chainType":1,"messageKeys":{}}},"pendingPreKey":{"signedKeyId":2,"baseKey":"Bbazo6iBDKo9Ur09t8kGPzBul3NEnozSzOfIKF4EvsQS","preKeyId":7344241}}},"version":"v1"}