{"_sessions":{"BZIa5FIEPtnWyaIjXSCstMydeOeHoKijzWIQB+TgRSMJ":{"registrationId":567764582,"currentRatchet":{"ephemeralKeyPair":{"pubKey":"BXcNmw6DMJtsiweXWIDwm020tJ8O+GwK+L2AtTf7cIUJ","privKey":"aBsueezHeI6HWQklG2T6OuO41gEYaQoP8T7QWF4d1kk="},"lastRemoteEphemeralKey":"BRGWfEvbQfIPb6Vk4i8ssibsa1PkEec+fPlo1ACQW60y","previousCounter":0,"rootKey":"b+OnvyloYEj67eMvTku+ZVpzx7Dwokc8wODvjmNffGU="},"indexInfo":{"baseKey":"BZIa5FIEPtnWyaIjXSCstMydeOeHoKijzWIQB+TgRSMJ","baseKeyType":1,"closed":-1,"used":1748354355607,"created":1748354355607,"remoteIdentityKey":"BZHoxG3jsL8ATjkUvN6RVnmzv+GzrRNVdBYUwerCFwMT"},"_chains":{"BXcNmw6DMJtsiweXWIDwm020tJ8O+GwK+L2AtTf7cIUJ":{"chainKey":{"counter":0,"key":"Zo2Zbjo5UINgfxFHAP+qoDkhoUh7K6Jn1kYhbcqyUAk="},"chainType":1,"messageKeys":{}}},"pendingPreKey":{"signedKeyId":2116214,"baseKey":"BZIa5FIEPtnWyaIjXSCstMydeOeHoKijzWIQB+TgRSMJ","preKeyId":1411}}},"version":"v1"}