{"_sessions":{"BcDH8kDZ0IZP5zNpXIPYXFS5YHAzClr/gORJqjwnXMtZ":{"registrationId":4517,"currentRatchet":{"ephemeralKeyPair":{"pubKey":"BYgMfbFfCYWyA5CJNnKwJTRF3ck9D38x9pfq6N97pU9/","privKey":"uO/MI5YDDE3HD6RBobuS+LzAAGrXl6ZUmyuVslQRLUU="},"lastRemoteEphemeralKey":"BUME6ZWlXmLAgiiL8eBV/zoAmMnaT6+1ayiyvGrzl+t9","previousCounter":0,"rootKey":"jRsJnYrHL1p9UsVMrc9X9++2AHqdc8OpCVYFnQd1xfs="},"indexInfo":{"baseKey":"BcDH8kDZ0IZP5zNpXIPYXFS5YHAzClr/gORJqjwnXMtZ","baseKeyType":1,"closed":-1,"used":1748348748166,"created":1748348748166,"remoteIdentityKey":"BctbJLIZgom3QtvB4Qh/gBrez6JC1zenrmfnH/j4bycl"},"_chains":{"BYgMfbFfCYWyA5CJNnKwJTRF3ck9D38x9pfq6N97pU9/":{"chainKey":{"counter":1,"key":"1mYcMcSv3NiJ7zNK/aC4fiJ4iJKqV28e353W0hllqh4="},"chainType":1,"messageKeys":{}}},"pendingPreKey":{"signedKeyId":1,"baseKey":"BcDH8kDZ0IZP5zNpXIPYXFS5YHAzClr/gORJqjwnXMtZ"}}},"version":"v1"}