{"_sessions":{"BSfydnMlRj2jVCveisMau1EZ2bkvZ0DHuc/w0RdEiL8J":{"registrationId":1787376071,"currentRatchet":{"ephemeralKeyPair":{"pubKey":"BedRcYtsHxfOH42IQq7xeXP2Nk+A7+xNsR+yuvTbWd17","privKey":"0L8cJirKYv9E8+HrvIrLNI17Lv8oo/Egdg5Ta7ggbmg="},"lastRemoteEphemeralKey":"BYS2Hq0XPAggpn+bVvYB8ImapGtVKXpiF/AMvbHvwth6","previousCounter":0,"rootKey":"eTGrpCyDC3nTeHhYEYYZxaF9ShYEqvTSlfELXOi4XTc="},"indexInfo":{"baseKey":"BSfydnMlRj2jVCveisMau1EZ2bkvZ0DHuc/w0RdEiL8J","baseKeyType":1,"closed":-1,"used":1748354358596,"created":1748354358596,"remoteIdentityKey":"BVQ7CHms9odGQs1N81bSCXEvu0fWiDa37tgst4bo3aph"},"_chains":{"BedRcYtsHxfOH42IQq7xeXP2Nk+A7+xNsR+yuvTbWd17":{"chainKey":{"counter":0,"key":"cbOx8gsxd9U6JBZA4fh70IMgTpwXotgzPr8dahqLBMQ="},"chainType":1,"messageKeys":{}}},"pendingPreKey":{"signedKeyId":2,"baseKey":"BSfydnMlRj2jVCveisMau1EZ2bkvZ0DHuc/w0RdEiL8J","preKeyId":8382747}}},"version":"v1"}