{"_sessions":{"BcCp+DQ3nwOl/PlwQAUE2vBcZtSDoeL3X+OMfZiNeRVJ":{"registrationId":398003721,"currentRatchet":{"ephemeralKeyPair":{"pubKey":"BSfb0nSgyLG5I3TxRJfWyll2/ukvnWIKFRaSOUWeqYRv","privKey":"mNufsKb/nEEjEBsNjjhDDU9CZYk2ceEAyeqpDvYrREE="},"lastRemoteEphemeralKey":"BU4d55PfJ87gBI2htibGttnOg4cAcB/VRs42EdD/9P1W","previousCounter":0,"rootKey":"+A/cr5vlCZNPMAflCxrO72iTzRm/Tf3ZVhlq2D5fIwQ="},"indexInfo":{"baseKey":"BcCp+DQ3nwOl/PlwQAUE2vBcZtSDoeL3X+OMfZiNeRVJ","baseKeyType":1,"closed":-1,"used":1748354348004,"created":1748354348004,"remoteIdentityKey":"BRLjGsFqPjEXHYNGSpHYcua1UKBB1dF+voWL+22RlV5Q"},"_chains":{"BSfb0nSgyLG5I3TxRJfWyll2/ukvnWIKFRaSOUWeqYRv":{"chainKey":{"counter":0,"key":"0p3kX/slRcIGRne+Y8T/SBdPB/y7S02sEAcq9SsBuDM="},"chainType":1,"messageKeys":{}}},"pendingPreKey":{"signedKeyId":11,"baseKey":"BcCp+DQ3nwOl/PlwQAUE2vBcZtSDoeL3X+OMfZiNeRVJ","preKeyId":8770106}}},"version":"v1"}