{"_sessions":{"BWOEZapkVnbjK7hKcqSaqmhVsZ9w1N4b7oJDmgqtUV93":{"registrationId":1521782442,"currentRatchet":{"ephemeralKeyPair":{"pubKey":"BZd42ix08eARTjo7WA3K2yyRIkF2MxQFpZjOoX9nykp/","privKey":"QCdwHArpAkjyxZojTyl9QLxoxs/5tpxaUBIx/IB0Vnc="},"lastRemoteEphemeralKey":"Bf0CETLXPJR1nGwyZPR9cyOuwtM85hi6h2bwFMyXczAR","previousCounter":0,"rootKey":"rnJCP8GvGIc2IK6RBOEwesT8zIiGzX560qKjWD8GVDU="},"indexInfo":{"baseKey":"BWOEZapkVnbjK7hKcqSaqmhVsZ9w1N4b7oJDmgqtUV93","baseKeyType":1,"closed":-1,"used":1748354358584,"created":1748354358584,"remoteIdentityKey":"BUfusngKvedLyuOlOdWdV6p4fyScMj2yOJ5obrnSr0s7"},"_chains":{"BZd42ix08eARTjo7WA3K2yyRIkF2MxQFpZjOoX9nykp/":{"chainKey":{"counter":0,"key":"3PzByPDEMlmis6TA8Eew5vsapoy9BSJoETLqQXKdd7A="},"chainType":1,"messageKeys":{}}},"pendingPreKey":{"signedKeyId":1,"baseKey":"BWOEZapkVnbjK7hKcqSaqmhVsZ9w1N4b7oJDmgqtUV93","preKeyId":11201441}}},"version":"v1"}