{"_sessions":{"BZcELrmB1oXhVFnii8204VaoxYXF3v748D3GJeEAcgIk":{"registrationId":1322760310,"currentRatchet":{"ephemeralKeyPair":{"pubKey":"Ba/BgZE+4fGnoxNu2/tE2nr+jFFYXJOGWIQcKtIcMkcG","privKey":"wA7S1osFtX6KSHSSAryaAfxdF49B8C22K6R8IzKbl1Y="},"lastRemoteEphemeralKey":"BcP3cJq9poGyORnWF36s2++aJJMTJL8YIQjAXYsWTswK","previousCounter":0,"rootKey":"ANwA97oJRED5JTAc8UVIgTx0kS3cJ54mveWGBXBaBk8="},"indexInfo":{"baseKey":"BZcELrmB1oXhVFnii8204VaoxYXF3v748D3GJeEAcgIk","baseKeyType":1,"closed":-1,"used":1748354351074,"created":1748354351074,"remoteIdentityKey":"BQZhELoiEOUbJtEV7QsIahOfiqPFhq0IBcyjuoKqd/Z1"},"_chains":{"Ba/BgZE+4fGnoxNu2/tE2nr+jFFYXJOGWIQcKtIcMkcG":{"chainKey":{"counter":0,"key":"2KmdVS4h/lxH072YPNcmZIPOZ+633GoWAblja6Jp6s0="},"chainType":1,"messageKeys":{}}},"pendingPreKey":{"signedKeyId":0,"baseKey":"BZcELrmB1oXhVFnii8204VaoxYXF3v748D3GJeEAcgIk","preKeyId":2354726}}},"version":"v1"}