{"_sessions":{"BTMfwiFjZ03WrxOk5kQZYoFIwFZUyvaR/oyCltsoIB1d":{"registrationId":399301076,"currentRatchet":{"ephemeralKeyPair":{"pubKey":"BbEa4uOGf89WX0HggOwcKRBWXua8VFp19CBqMMohyTcg","privKey":"2PXYUF5Ubm6u5SBVZY456z2SpozJpl8ywwQLlCbG/mk="},"lastRemoteEphemeralKey":"Bc6LIJNHGt70W2Nyn2Lp8dP5JMrvwKx58oMDfuT4i/hi","previousCounter":0,"rootKey":"s2aEXkCFknBbEwqWfYIDkoRdBxV8b6fp2n6h3NGLPAc="},"indexInfo":{"baseKey":"BTMfwiFjZ03WrxOk5kQZYoFIwFZUyvaR/oyCltsoIB1d","baseKeyType":1,"closed":-1,"used":1748354354978,"created":1748354354978,"remoteIdentityKey":"BTYdafow6nEmIIB/jph4xO2DqCFiJ6C7G5zaFnxwUIpj"},"_chains":{"BbEa4uOGf89WX0HggOwcKRBWXua8VFp19CBqMMohyTcg":{"chainKey":{"counter":0,"key":"meF20ZO51QH01jSdxuhJuAIwtU3ate917FgQZAGUftc="},"chainType":1,"messageKeys":{}}},"pendingPreKey":{"signedKeyId":1,"baseKey":"BTMfwiFjZ03WrxOk5kQZYoFIwFZUyvaR/oyCltsoIB1d","preKeyId":12566360}}},"version":"v1"}