{"_sessions":{"BdXZyg1P3RC/mpmjMO+APGMoZx0RIbgbeLuntwEpKdwP":{"registrationId":1517311124,"currentRatchet":{"ephemeralKeyPair":{"pubKey":"BX3bqBShHOeU2KbqAmWitemzT6kFODkLr3E2KUysJdF0","privKey":"qKYkF78YA8111gIm9ihVnpMLp3h9MiJNuifaKmg7kl0="},"lastRemoteEphemeralKey":"BcgpO2EkJ7UhSKFbwz2HKBNpmHhFMdx1x8eU+55ZEzkq","previousCounter":0,"rootKey":"lMEZgYHKM0nxY5PEq+1lyDBIJlR7vtrmwcWv/rni+AM="},"indexInfo":{"baseKey":"BdXZyg1P3RC/mpmjMO+APGMoZx0RIbgbeLuntwEpKdwP","baseKeyType":1,"closed":-1,"used":1748354354609,"created":1748354354609,"remoteIdentityKey":"BYvE2oBBEgcyk5B+XXFQclGEFtxPCJZ4shELifk59J9/"},"_chains":{"BX3bqBShHOeU2KbqAmWitemzT6kFODkLr3E2KUysJdF0":{"chainKey":{"counter":0,"key":"lg244yrrOJ3B6mSouusoBBCIx0vYI7wWQD7WITAlres="},"chainType":1,"messageKeys":{}}},"pendingPreKey":{"signedKeyId":1,"baseKey":"BdXZyg1P3RC/mpmjMO+APGMoZx0RIbgbeLuntwEpKdwP","preKeyId":4177478}}},"version":"v1"}