{"_sessions":{"Bezme7ztKvuPx8tF+FVE/c1uTuJD5+Tg4PEX2hBGJK1g":{"registrationId":1406746639,"currentRatchet":{"ephemeralKeyPair":{"pubKey":"BZCTlLGDsl1+m0wsMGb/w/u5Ajre0IY3eYkvLQxMjUgP","privKey":"6HIX5B3dneHoS+Ygwg1jP61sOqyBaETFbn+mU/hkaGA="},"lastRemoteEphemeralKey":"BU30UlMcb5dwvyHo7CjOggi+u0bKJot85U+YAzy5yqc0","previousCounter":0,"rootKey":"Le/3sImhf3hJZxRo7ypO1WEJ2iX6BxPQbeM6gk4GDV4="},"indexInfo":{"baseKey":"Bezme7ztKvuPx8tF+FVE/c1uTuJD5+Tg4PEX2hBGJK1g","baseKeyType":1,"closed":-1,"used":1748354354833,"created":1748354354833,"remoteIdentityKey":"Bfo7sMQsH7Jedod1pR2QiieV1NSOVFrFYwxayg9xQR4Z"},"_chains":{"BZCTlLGDsl1+m0wsMGb/w/u5Ajre0IY3eYkvLQxMjUgP":{"chainKey":{"counter":0,"key":"qdnmR+8KHYqLKK66iPHUShmFjVsCODFMJVpSJwVpaoY="},"chainType":1,"messageKeys":{}}},"pendingPreKey":{"signedKeyId":1,"baseKey":"Bezme7ztKvuPx8tF+FVE/c1uTuJD5+Tg4PEX2hBGJK1g","preKeyId":2915885}}},"version":"v1"}