{"_sessions":{"BapfnPkBHfPza8cwPIgRqqjjbu1XtiEkNHuhJ2/q+7dZ":{"registrationId":2001370349,"currentRatchet":{"ephemeralKeyPair":{"pubKey":"BZVACYaKNYExjiOQLkU/F3Uh4wEjcCukPEgQQm3Ynxd9","privKey":"QJWN1NvPC4XjnjFoSlCa17pXcADH1f6TcyXl7ueK/30="},"lastRemoteEphemeralKey":"BaVq1C+ya7ULOg6X1FiVqDSs/4SFBqc/k07zqz+wXC0V","previousCounter":0,"rootKey":"rSY1Jk9KySJ4Uf4qfsILpCNp6Vr8wk4d82gFbpZBCE0="},"indexInfo":{"baseKey":"BapfnPkBHfPza8cwPIgRqqjjbu1XtiEkNHuhJ2/q+7dZ","baseKeyType":1,"closed":-1,"used":1748354348375,"created":1748354348375,"remoteIdentityKey":"BYiwwgT68+J2C+CaBgEs19mellvuiWcry3899Wpz6Ggv"},"_chains":{"BZVACYaKNYExjiOQLkU/F3Uh4wEjcCukPEgQQm3Ynxd9":{"chainKey":{"counter":0,"key":"NBNp5ENhIdcF5PcMwgohoVjJ5RapOpZOz1paPy8aT28="},"chainType":1,"messageKeys":{}}},"pendingPreKey":{"signedKeyId":12,"baseKey":"BapfnPkBHfPza8cwPIgRqqjjbu1XtiEkNHuhJ2/q+7dZ","preKeyId":2679863}}},"version":"v1"}