{"_sessions":{"BQ9tPy73b3MoSbj2C387fw4gXdRWbtyEhED0cOjyy5gQ":{"registrationId":11333504,"currentRatchet":{"ephemeralKeyPair":{"pubKey":"BbOi8RxzrNUe0chVzKyiCjGHXvfgbv+qxljf2Pjdgg9f","privKey":"8N1wFDt7XIkA9OhqTMI5Lh+ZWM3hU+Y8cjuy+jrB22I="},"lastRemoteEphemeralKey":"BdlO3iWSgpsU3ips/XMt+KvRQyfsTW8nn7AwEVo0I7ou","previousCounter":0,"rootKey":"7YsavElfsyESKQHGLTPxOAQBbWBZct3V6d/K+5XrZHE="},"indexInfo":{"baseKey":"BQ9tPy73b3MoSbj2C387fw4gXdRWbtyEhED0cOjyy5gQ","baseKeyType":1,"closed":-1,"used":1748354351088,"created":1748354351088,"remoteIdentityKey":"BQJHzigy9qN6Kq8x1HUNmARmS7X3OJPh9fzcveKnngFh"},"_chains":{"BbOi8RxzrNUe0chVzKyiCjGHXvfgbv+qxljf2Pjdgg9f":{"chainKey":{"counter":0,"key":"in1UjQN6qIMP/mvhHAXfJn/sZdc/QwULjjQdbOKC+xA="},"chainType":1,"messageKeys":{}}},"pendingPreKey":{"signedKeyId":7,"baseKey":"BQ9tPy73b3MoSbj2C387fw4gXdRWbtyEhED0cOjyy5gQ","preKeyId":16230433}}},"version":"v1"}