{"_sessions":{"BS0DUqEWgBDUZY+l1cBD/osbS1o4euy66LQN0bvrdJN4":{"registrationId":995444865,"currentRatchet":{"ephemeralKeyPair":{"pubKey":"BVPTkwEC+ueIMT6Ii+8rvl39Sv9ye19sFjyJkmoNhn9T","privKey":"EFAdkt3+EJ/GaLVcIwypeKhE8efv+HvQzRUORhEc1V4="},"lastRemoteEphemeralKey":"BVG2WD7ldy643Km2ruvt0Jd4zbFtTgkfZ/mvy7UghHh+","previousCounter":0,"rootKey":"8E6jsCc7ZNdqHgPIx+ROuWVgsaO7DqH5YtegJADWZ8o="},"indexInfo":{"baseKey":"BS0DUqEWgBDUZY+l1cBD/osbS1o4euy66LQN0bvrdJN4","baseKeyType":1,"closed":-1,"used":1748354359281,"created":1748354359281,"remoteIdentityKey":"BSoPLjK+KoCqL8ujaFkwnxVTiEoL6A2uagjP4Ubto0ly"},"_chains":{"BVPTkwEC+ueIMT6Ii+8rvl39Sv9ye19sFjyJkmoNhn9T":{"chainKey":{"counter":0,"key":"ahsAnFnbzFQDnKfgLCrOEaYzlwmDoPiLD+ErmhCpZBo="},"chainType":1,"messageKeys":{}}},"pendingPreKey":{"signedKeyId":0,"baseKey":"BS0DUqEWgBDUZY+l1cBD/osbS1o4euy66LQN0bvrdJN4","preKeyId":3844255}}},"version":"v1"}