{"_sessions":{"BeAIkMobWAWaL3L0dAwOLtsux18OnXQpSldcMWubSG0z":{"registrationId":949729441,"currentRatchet":{"ephemeralKeyPair":{"pubKey":"BQFrzmTgsP0aU4N+YQeYWVLftINHKFRmdDW2ASNM2Blp","privKey":"UMwtBhRO0Uc1qPHi/p1uwqPXsk9dp6loTd4kwXQPa24="},"lastRemoteEphemeralKey":"BVNLtYSh6IzFUnc4daxrteyQMNKwHd/hNYkWgmpSoW4o","previousCounter":0,"rootKey":"eiuzY2xaauS6dalHVIbgE9fED9GAYPTjLC56SAEPwVk="},"indexInfo":{"baseKey":"BeAIkMobWAWaL3L0dAwOLtsux18OnXQpSldcMWubSG0z","baseKeyType":1,"closed":-1,"used":1748354358387,"created":1748354358387,"remoteIdentityKey":"BRDlfMTLIAP2OJyg5qf2dWdvwxsPOsS7reIh8YcjuGAm"},"_chains":{"BQFrzmTgsP0aU4N+YQeYWVLftINHKFRmdDW2ASNM2Blp":{"chainKey":{"counter":0,"key":"5btkhGpxgarWAnq5xBkDTWXsSx4YrmaNdeAWSCteiA4="},"chainType":1,"messageKeys":{}}},"pendingPreKey":{"signedKeyId":11,"baseKey":"BeAIkMobWAWaL3L0dAwOLtsux18OnXQpSldcMWubSG0z","preKeyId":13776679}}},"version":"v1"}