{"_sessions":{"BeK5JoJ3wPRXAV4IBi4qZE6E758F9eIcTg+5LTwqnute":{"registrationId":164594222,"currentRatchet":{"ephemeralKeyPair":{"pubKey":"BdRYHVALnKlXGYXN9k/wyROo5jJnklIpu2saRaHRgHpo","privKey":"yOtGRXQhyvEERUuffndCuf+S9sK5Or5DDa1STFcy11Y="},"lastRemoteEphemeralKey":"BaKoCNqs8//uIkRDD69Vkn9y3mAlGsK8tCtS5thnxjMh","previousCounter":0,"rootKey":"fgSFc788I1yi5D3+IVLSNVoDK/Jg6vjkylooNRrz4P0="},"indexInfo":{"baseKey":"BeK5JoJ3wPRXAV4IBi4qZE6E758F9eIcTg+5LTwqnute","baseKeyType":1,"closed":-1,"used":1748354360393,"created":1748354360393,"remoteIdentityKey":"BQKh6B1pwsJZm609rv337+uDXsOI/TKqVLhByVQUyGp5"},"_chains":{"BdRYHVALnKlXGYXN9k/wyROo5jJnklIpu2saRaHRgHpo":{"chainKey":{"counter":0,"key":"t8m9++0Qsn+yDyMcUvS511wN6pbYIOk5pRbH3fRN3GY="},"chainType":1,"messageKeys":{}}},"pendingPreKey":{"signedKeyId":2,"baseKey":"BeK5JoJ3wPRXAV4IBi4qZE6E758F9eIcTg+5LTwqnute","preKeyId":15442853}}},"version":"v1"}