{"_sessions":{"BTiHM1zFCbgbhLEENRs5w7yRc9b0gjvMjRc1BVvgimZS":{"registrationId":1803451864,"currentRatchet":{"ephemeralKeyPair":{"pubKey":"BbDw9dTzoAw7/sKPwkE/ANQzeK1Nqz46ixOv3bTiZ8Ra","privKey":"iB4rpwOAKKomMFDuS/iZbObEeIih0yKgHGNV4H9d2XQ="},"lastRemoteEphemeralKey":"BVnqOdiu2rZdJ/EOOzqJRf8LDM98fhq3GSHJW61K08xg","previousCounter":0,"rootKey":"M1cD+/Wkp6VWOTbDLgT458Cpxis3GDl5oXkIvbZD2G4="},"indexInfo":{"baseKey":"BTiHM1zFCbgbhLEENRs5w7yRc9b0gjvMjRc1BVvgimZS","baseKeyType":1,"closed":-1,"used":1748354355175,"created":1748354355175,"remoteIdentityKey":"BVx6K+qd6f2WzzFW5dMxmYi5QgV4jVmmocYB3HZxnyol"},"_chains":{"BbDw9dTzoAw7/sKPwkE/ANQzeK1Nqz46ixOv3bTiZ8Ra":{"chainKey":{"counter":0,"key":"yv9uw+VyB2Jn1fiB9Rk/PtFb6hMXhplw4JedFv7NPAc="},"chainType":1,"messageKeys":{}}},"pendingPreKey":{"signedKeyId":7,"baseKey":"BTiHM1zFCbgbhLEENRs5w7yRc9b0gjvMjRc1BVvgimZS","preKeyId":1544002}}},"version":"v1"}