{"_sessions":{"BdCkt4lodmfhm3ofUSp2B1LQdnyLz9VfkvAUEXPRopIk":{"registrationId":1329350193,"currentRatchet":{"ephemeralKeyPair":{"pubKey":"BeGa0X/f+XKhUGF23vGVnW3rIJWBwcd4JJEXhpgaS8dG","privKey":"aAyrBT+avQEtX0ji8mc3mJQWwZPkhIDCOMosjLckKEE="},"lastRemoteEphemeralKey":"BQbeSgGxwj56zrVK7+cx7meWg/7W/vMmm/pCLVX4dWtq","previousCounter":0,"rootKey":"IPhui6r5rdY6xdGyPptYqYD66jdi6SyWN+o3oC4hu6g="},"indexInfo":{"baseKey":"BdCkt4lodmfhm3ofUSp2B1LQdnyLz9VfkvAUEXPRopIk","baseKeyType":1,"closed":-1,"used":1748354355343,"created":1748354355343,"remoteIdentityKey":"BQBrFkLikdZqsha1MSBgPudcQxKTh8CTV/0i8D2avd5X"},"_chains":{"BeGa0X/f+XKhUGF23vGVnW3rIJWBwcd4JJEXhpgaS8dG":{"chainKey":{"counter":0,"key":"giU6gSskX5OFBPAD89rj3YI75OIA7rBrwG6OsU0asoc="},"chainType":1,"messageKeys":{}}},"pendingPreKey":{"signedKeyId":19,"baseKey":"BdCkt4lodmfhm3ofUSp2B1LQdnyLz9VfkvAUEXPRopIk","preKeyId":13353234}}},"version":"v1"}