{"_sessions":{"BVriWoYiIh217fJO+DNUi6gkx16MpX0qZV+52mOENmtI":{"registrationId":742863362,"currentRatchet":{"ephemeralKeyPair":{"pubKey":"BQCqsO4oMJH6/bS7DDgJ2sdCBxdY3CqSJRhlHNlWDoU5","privKey":"mOcxnJo72xrR0THEOljKZZOO6cxk47U+ecYi0b/yzlE="},"lastRemoteEphemeralKey":"BRCZNH6GtrgwfoxhoGFa/APmg7hXmGidf2/moMi4p8F8","previousCounter":0,"rootKey":"NjfmdEvTgvShdMIb1Nn+R9rX6mzlHe0PIKdeevOGiJM="},"indexInfo":{"baseKey":"BVriWoYiIh217fJO+DNUi6gkx16MpX0qZV+52mOENmtI","baseKeyType":1,"closed":-1,"used":1748354351712,"created":1748354351712,"remoteIdentityKey":"BfKefk3RY5puSzfJTvE7FuEXCp+6nhEJZOQbwBcTLPct"},"_chains":{"BQCqsO4oMJH6/bS7DDgJ2sdCBxdY3CqSJRhlHNlWDoU5":{"chainKey":{"counter":0,"key":"0Kmit3s+3H2QJz2fnqz3OIQ215HKO8st0uQOgtFZaIg="},"chainType":1,"messageKeys":{}}},"pendingPreKey":{"signedKeyId":0,"baseKey":"BVriWoYiIh217fJO+DNUi6gkx16MpX0qZV+52mOENmtI","preKeyId":12066742}}},"version":"v1"}