{"_sessions":{"BYVAN5y3T5GJ3PS7wfKPuhJbjjH8RU2WUQZky1nBl1pS":{"registrationId":40764265,"currentRatchet":{"ephemeralKeyPair":{"pubKey":"BS/5UDSpzR62MDCwX2EeRBUHsit2TPXBJW4YA1gVYIFF","privKey":"eCC5YhZo4dYilmPR3PYUTUUXAGXsetG8fMqdV2LKyGQ="},"lastRemoteEphemeralKey":"BWuFgPTl4conKsJRGZsGskFdQPE1s1TlN2swV07Whr5h","previousCounter":0,"rootKey":"2q3sF4GAdGdI9HkOgrJrF3DYWpqw+mWHk9MeiSzLbmg="},"indexInfo":{"baseKey":"BYVAN5y3T5GJ3PS7wfKPuhJbjjH8RU2WUQZky1nBl1pS","baseKeyType":1,"closed":-1,"used":1748354351503,"created":1748354351503,"remoteIdentityKey":"BYl2+rIhNhN1cmCxlxfiVACtXQNIIjp6FFLmHueiGi1U"},"_chains":{"BS/5UDSpzR62MDCwX2EeRBUHsit2TPXBJW4YA1gVYIFF":{"chainKey":{"counter":0,"key":"T1hAxxaRv9UEjMZRf4fn3q+Gyj++/RsoBEo9j4/S3co="},"chainType":1,"messageKeys":{}}},"pendingPreKey":{"signedKeyId":5,"baseKey":"BYVAN5y3T5GJ3PS7wfKPuhJbjjH8RU2WUQZky1nBl1pS","preKeyId":9489201}}},"version":"v1"}