{"_sessions":{"BVRrYSOCUiNqOH1lcGCufLYXd/1aHDtvy6AvYGMMvwdD":{"registrationId":956116681,"currentRatchet":{"ephemeralKeyPair":{"pubKey":"Bf6UghvqE4F/xoilzrz40sEA1zdPQ7H0OUuDo15221Ed","privKey":"KGBz9mXxkGbrROOP9RAKClLLiq7Hj3f7JcRwo+goXE4="},"lastRemoteEphemeralKey":"BcpYV42EoCU72BtryWvKwr+IFmXvYUp6lj3vV+J+GnsY","previousCounter":0,"rootKey":"yr2ujWcwJxlersiT3QvgO1kH7ecQ9cik6Lzhq3ThsPY="},"indexInfo":{"baseKey":"BVRrYSOCUiNqOH1lcGCufLYXd/1aHDtvy6AvYGMMvwdD","baseKeyType":1,"closed":-1,"used":1748354348637,"created":1748354348637,"remoteIdentityKey":"BYXrsUBuYCwv2cgoxo5TiSwk2baNk46lMk+f8tig33ck"},"_chains":{"Bf6UghvqE4F/xoilzrz40sEA1zdPQ7H0OUuDo15221Ed":{"chainKey":{"counter":0,"key":"vtZU9J9W4EMNI2lya0uDuv65ls2+XPAoY0dnaz+dbn4="},"chainType":1,"messageKeys":{}}},"pendingPreKey":{"signedKeyId":2,"baseKey":"BVRrYSOCUiNqOH1lcGCufLYXd/1aHDtvy6AvYGMMvwdD","preKeyId":3121312}}},"version":"v1"}