{"_sessions":{"BcQtQMm+CCZwpm6UAxt1PPhl7IYBNWozngul9Zv9RG5U":{"registrationId":594760750,"currentRatchet":{"ephemeralKeyPair":{"pubKey":"BTSyiP3HdLZa9mLL+ydjGd7fBzifuHRxUIfhOMUDD5hB","privKey":"EE9JXUu1jwGgwz9r4UqgaVehYjuhpQnGf1gVrfCYKkU="},"lastRemoteEphemeralKey":"BYKqNpdZxWf+taqkSzChqPt/oNfLvf6tz6B4j7VwRR9y","previousCounter":0,"rootKey":"O9FukUPTUXgfQg18qEMwXRyGEssSXy30NQfRqZNWM/0="},"indexInfo":{"baseKey":"BcQtQMm+CCZwpm6UAxt1PPhl7IYBNWozngul9Zv9RG5U","baseKeyType":1,"closed":-1,"used":1748354348501,"created":1748354348501,"remoteIdentityKey":"BZrTAT0kvhKwrdq3ORnKC1xlg4cY6cmy7SGMKqCdcN4T"},"_chains":{"BTSyiP3HdLZa9mLL+ydjGd7fBzifuHRxUIfhOMUDD5hB":{"chainKey":{"counter":0,"key":"/tI/5K7Sf+kZUQKKPivGYpo2mPl1aHh0oSUqxmWnoNY="},"chainType":1,"messageKeys":{}}},"pendingPreKey":{"signedKeyId":2,"baseKey":"BcQtQMm+CCZwpm6UAxt1PPhl7IYBNWozngul9Zv9RG5U","preKeyId":3047848}}},"version":"v1"}