{"_sessions":{"BZnBkebln6xUR0ohT13J0Q0LEszQkCE1EjQ0mpuQP+1Y":{"registrationId":1466834172,"currentRatchet":{"ephemeralKeyPair":{"pubKey":"BYUeqv/TyK1A2hAYlOMuZvPSKZyRpqGWFtF8JHxsNzsZ","privKey":"APbS7sjV9zYmgc60EYbLsX4ehbWNYqMId6sJdBT3dXo="},"lastRemoteEphemeralKey":"BTQNAccSzpGg1Vg7vmQMbs3I1SX0Jk0s9MeNGCFGEVlW","previousCounter":0,"rootKey":"d2UQimOaBh47SjXA29XHckgv7k53AWFJpS7PDHDqp2g="},"indexInfo":{"baseKey":"BZnBkebln6xUR0ohT13J0Q0LEszQkCE1EjQ0mpuQP+1Y","baseKeyType":1,"closed":-1,"used":1748354348419,"created":1748354348419,"remoteIdentityKey":"BXtgvSmoSJ68/XuLnPyxDncKFvPqQoGxxCGyCcFw+pJ4"},"_chains":{"BYUeqv/TyK1A2hAYlOMuZvPSKZyRpqGWFtF8JHxsNzsZ":{"chainKey":{"counter":0,"key":"RS2Cm/iIAuTpw2LMis9cWm9HWJg9zJF9C/L4aXEmGq8="},"chainType":1,"messageKeys":{}}},"pendingPreKey":{"signedKeyId":9,"baseKey":"BZnBkebln6xUR0ohT13J0Q0LEszQkCE1EjQ0mpuQP+1Y","preKeyId":12015526}}},"version":"v1"}