{"_sessions":{"BYpKXDzU89u3paH4xrV5htM/qscrv/VRttcNCgC78il+":{"registrationId":1328005701,"currentRatchet":{"ephemeralKeyPair":{"pubKey":"BZrclfzKeWnTgNU2D0X1+P2h4bDnZYWGnwbZKWMPNstt","privKey":"2NCfY0UhjyUBTNTOC3e8JqVUvQJdorSqmCmq66lDNGo="},"lastRemoteEphemeralKey":"Bdr1RR4F0oVR8+xB23/0hM7YTy0fqQj3KdRP4OK4JZ09","previousCounter":0,"rootKey":"oRDa8sNKrSVUDTF6WMnRx+4xGEfQelI3YOyvaeR1CX4="},"indexInfo":{"baseKey":"BYpKXDzU89u3paH4xrV5htM/qscrv/VRttcNCgC78il+","baseKeyType":1,"closed":-1,"used":1748354360680,"created":1748354360680,"remoteIdentityKey":"Ba+BVct8A1Br7VMtNUIkJcmXPjmIbKARx3rSrBIO6206"},"_chains":{"BZrclfzKeWnTgNU2D0X1+P2h4bDnZYWGnwbZKWMPNstt":{"chainKey":{"counter":0,"key":"pf4+0lhpUrxJGAGJ6G4bPhoxiNgA+YzEvZVqVkzrVbA="},"chainType":1,"messageKeys":{}}},"pendingPreKey":{"signedKeyId":2,"baseKey":"BYpKXDzU89u3paH4xrV5htM/qscrv/VRttcNCgC78il+","preKeyId":6546486}}},"version":"v1"}