{"_sessions":{"BTXdqWOVy6sGRg/ZiVpDedqiVRe/StDvRThnl59NlAkq":{"registrationId":995187409,"currentRatchet":{"ephemeralKeyPair":{"pubKey":"Bdo+WPT8/UmsZz+HW1iuj+Bv+bIZkamp6phaLI8IDMwG","privKey":"+G4uvY2CiaEecqbOkPQ4OmSGxUHgzDzHnv8iG4yyQkE="},"lastRemoteEphemeralKey":"BSzd5w0GMKpbsSPzWUNyAN774cjvYH0avfXhas4HZ+Va","previousCounter":0,"rootKey":"1P8nECi+yxykc+pT6m38faURonZiCGMtk863Zhwk1m0="},"indexInfo":{"baseKey":"BTXdqWOVy6sGRg/ZiVpDedqiVRe/StDvRThnl59NlAkq","baseKeyType":1,"closed":-1,"used":1748354351694,"created":1748354351694,"remoteIdentityKey":"BVkng83/CFnxoBl6B7NFpxmuk7LEjmWUATLFHd0We4UX"},"_chains":{"Bdo+WPT8/UmsZz+HW1iuj+Bv+bIZkamp6phaLI8IDMwG":{"chainKey":{"counter":0,"key":"zOi+ic/lhouyRo1qnt7mgRETt14u0WzRUFlN7EoNHcY="},"chainType":1,"messageKeys":{}}},"pendingPreKey":{"signedKeyId":5,"baseKey":"BTXdqWOVy6sGRg/ZiVpDedqiVRe/StDvRThnl59NlAkq","preKeyId":12369271}}},"version":"v1"}