{"_sessions":{"BaAbPQvZMrFIPT6Y7LaE3zLs59KH3ga1JXGlktuM1ysU":{"registrationId":737590731,"currentRatchet":{"ephemeralKeyPair":{"pubKey":"BTQ/UZx09y0A0P/AuXQTKedrh+OstPXIUeEYPqQw/Owg","privKey":"uI2fAY6HSXhpzDr/Ae0MFd05X5OfuZTbmjHaG7RVhVU="},"lastRemoteEphemeralKey":"BdrXWuUSml//aJozIK1vbPSgKvnYNDmbXdXJ+tsCwdld","previousCounter":0,"rootKey":"Mbt1MGUeLduGF8TEzN9/WOTpHRi2RLB0TSfYGAyuY1M="},"indexInfo":{"baseKey":"BaAbPQvZMrFIPT6Y7LaE3zLs59KH3ga1JXGlktuM1ysU","baseKeyType":1,"closed":-1,"used":1748354352240,"created":1748354352240,"remoteIdentityKey":"Bd+wM4CDCbg/SWl9AlkOSRnJiI7LBkgnwauIjcfBzlcy"},"_chains":{"BTQ/UZx09y0A0P/AuXQTKedrh+OstPXIUeEYPqQw/Owg":{"chainKey":{"counter":0,"key":"1XblM7PSTXawu8B0i2aBxtKtqNb15W7H9JGI4Cm3LiU="},"chainType":1,"messageKeys":{}}},"pendingPreKey":{"signedKeyId":0,"baseKey":"BaAbPQvZMrFIPT6Y7LaE3zLs59KH3ga1JXGlktuM1ysU"}}},"version":"v1"}