{"_sessions":{"BXFzRK/QTGD9/uhrKeaExom8PpPwi2A/wySWxlr6wYRc":{"registrationId":1038838665,"currentRatchet":{"ephemeralKeyPair":{"pubKey":"BQC1297/ZbQHR+nQT5gMQaSkztaII44va4sbBhx8ctI4","privKey":"2HANHp8IdjPwG/oiH83zgIg5krDfGJZuOFZzxmx0cFg="},"lastRemoteEphemeralKey":"BYXzizpS786/hbChiyZVO9ioXFnefWIZ6ZtqlSBIddpP","previousCounter":0,"rootKey":"6uGG15XuwkfjQT7aNyHypTI+ZE0KHqJBTRgJ6kWiB+E="},"indexInfo":{"baseKey":"BXFzRK/QTGD9/uhrKeaExom8PpPwi2A/wySWxlr6wYRc","baseKeyType":1,"closed":-1,"used":1748354358461,"created":1748354358461,"remoteIdentityKey":"BRcSI6UbUm+1i0Ai0TZOP5KM7MbEDIpoTO2qeiiJQAco"},"_chains":{"BQC1297/ZbQHR+nQT5gMQaSkztaII44va4sbBhx8ctI4":{"chainKey":{"counter":0,"key":"6jaZ/QNQC3B+EI1O+2VDa81aAQwZFGp0evqAFe4xJV8="},"chainType":1,"messageKeys":{}}},"pendingPreKey":{"signedKeyId":14,"baseKey":"BXFzRK/QTGD9/uhrKeaExom8PpPwi2A/wySWxlr6wYRc"}}},"version":"v1"}