{"_sessions":{"Bchj8njq/rUPdTjZxTl9qz0VBvSGlrrZ3kp3DTcsmhgY":{"registrationId":172077489,"currentRatchet":{"ephemeralKeyPair":{"pubKey":"BTBuQjo5csn/vNXf6pNptZRECNo0BS6W0c4AtrZfP9gA","privKey":"6FZ1KWjI5WhGYJ6/uTvajOnKYmBGkvWHomcIQUlr8G0="},"lastRemoteEphemeralKey":"BS+l8litoJBc3bdWvdIXcqmj5WnfpHvSyd0lnlcY2wEB","previousCounter":0,"rootKey":"WeoaLjP5s9DaL1laT4YP20UE+heh4YpefW931OQcKXM="},"indexInfo":{"baseKey":"Bchj8njq/rUPdTjZxTl9qz0VBvSGlrrZ3kp3DTcsmhgY","baseKeyType":1,"closed":-1,"used":1748354355812,"created":1748354355812,"remoteIdentityKey":"BSUy92veIh4vRGoXlW174sqV7K/39TdwGScGgNHqX1EA"},"_chains":{"BTBuQjo5csn/vNXf6pNptZRECNo0BS6W0c4AtrZfP9gA":{"chainKey":{"counter":0,"key":"UQ7pY3CelEVN1lnTpsAA3Af/AredBiQJXvrtECAadlA="},"chainType":1,"messageKeys":{}}},"pendingPreKey":{"signedKeyId":5,"baseKey":"Bchj8njq/rUPdTjZxTl9qz0VBvSGlrrZ3kp3DTcsmhgY","preKeyId":16455645}}},"version":"v1"}