{"_sessions":{"BZVukhcjaAB7K+WpXKuo6WFgW3fAcgGUtO1Z3SFkJM9L":{"registrationId":892342949,"currentRatchet":{"ephemeralKeyPair":{"pubKey":"BZ6JvSCc3hbmlg1AQpyoOGqgrUhQ2+zE2R19fFLVrGNz","privKey":"mG8FxxqXpNxDoOqTeBINqZQV449SJG0VD3soUCRF718="},"lastRemoteEphemeralKey":"BVb/9VMXePVYLvvNC1vNGvIhaAxdN9OAbby8kiilQ4MD","previousCounter":0,"rootKey":"BB/DQS7t6MkF7fxpFtpLt4ON9meNI6e0faJoTYHR/Ao="},"indexInfo":{"baseKey":"BZVukhcjaAB7K+WpXKuo6WFgW3fAcgGUtO1Z3SFkJM9L","baseKeyType":1,"closed":-1,"used":1748354355641,"created":1748354355641,"remoteIdentityKey":"Bd4vDgUFjqDRPhpZKUS+TIwFSUz1lsQ58FhStcpIpvx1"},"_chains":{"BZ6JvSCc3hbmlg1AQpyoOGqgrUhQ2+zE2R19fFLVrGNz":{"chainKey":{"counter":0,"key":"cE5dlQNDd/7ego4zLxPo1KzwKHRJonpCAO9ICuDs4sM="},"chainType":1,"messageKeys":{}}},"pendingPreKey":{"signedKeyId":3,"baseKey":"BZVukhcjaAB7K+WpXKuo6WFgW3fAcgGUtO1Z3SFkJM9L","preKeyId":6718536}}},"version":"v1"}