{"_sessions":{"BSlUUax8fJ1kyP+p7xDjKpISmpOsFL2ytDH7sMxJmmd+":{"registrationId":6352,"currentRatchet":{"ephemeralKeyPair":{"pubKey":"BXDx4lKrm9KNIitW3wDpviSO47CsTcXlr2LShuv7Zp9M","privKey":"kCcz3n5POORleGBT80QFS5Pb7DUimxv7HUl+ItzniFo="},"lastRemoteEphemeralKey":"Bb3Xdc/ODawM0JV9dgxNLie6Z0cpL6NC0kBlqXNhUwMz","previousCounter":0,"rootKey":"v0Xq540ifHmi4NOzGrUSipwvsUujPkKM2jSSPYfaZn8="},"indexInfo":{"baseKey":"BSlUUax8fJ1kyP+p7xDjKpISmpOsFL2ytDH7sMxJmmd+","baseKeyType":1,"closed":-1,"used":1748354347639,"created":1748354347639,"remoteIdentityKey":"Be6SQxShJ1tkGZU2eZWtwsLwBQpl1XBXR6xXcrrq6YU4"},"_chains":{"BXDx4lKrm9KNIitW3wDpviSO47CsTcXlr2LShuv7Zp9M":{"chainKey":{"counter":0,"key":"LuzaCy2qY4ZpBgi/f/UPkBrk7oJfK993BzBpDWTk8i4="},"chainType":1,"messageKeys":{}}},"pendingPreKey":{"signedKeyId":1,"baseKey":"BSlUUax8fJ1kyP+p7xDjKpISmpOsFL2ytDH7sMxJmmd+"}}},"version":"v1"}