{"_sessions":{"BcJfkkY0bJxb4qaYogB0h1C/LVlU84FJ9JFJn8fAa1oa":{"registrationId":150197034,"currentRatchet":{"ephemeralKeyPair":{"pubKey":"BTwBywIhF1AEPQsxnzvR1EeuQxpCpVDUPyuPXSmuo9gY","privKey":"sGe7ZNJZuQC+F2btKtJOvx6Qxpf9/fUdw3UmWDxYZlU="},"lastRemoteEphemeralKey":"Bc5c15/27emCyV1pSt9n9BpcgXz0rxiQuCmFKXxJ3Y0Z","previousCounter":0,"rootKey":"dJDC9UaBbUjaeCqmf4kljH3+4SF7+YVrkNHxRelAGpw="},"indexInfo":{"baseKey":"BcJfkkY0bJxb4qaYogB0h1C/LVlU84FJ9JFJn8fAa1oa","baseKeyType":2,"closed":-1,"used":1748365762586,"created":1748365762586,"remoteIdentityKey":"BQhR5OmV2lesbS1XUqwgacDWv2XGFrUTkNJe5cKHt64N"},"_chains":{"Bc5c15/27emCyV1pSt9n9BpcgXz0rxiQuCmFKXxJ3Y0Z":{"chainKey":{"counter":1,"key":"z0x/i8EL4zqOzPlJrctBYLnOfvGtKIKfcsNkLd6Keck="},"chainType":2,"messageKeys":{}},"BTwBywIhF1AEPQsxnzvR1EeuQxpCpVDUPyuPXSmuo9gY":{"chainKey":{"counter":-1,"key":"M5KWg8Cym8oQjuBxJMWJEsa9h3r2mR2hGlbdg8fXaKw="},"chainType":1,"messageKeys":{}}}}},"version":"v1"}