{"_sessions":{"BaPXsYPjJNzBMbOroU2vnYORHGlVmOEup+jmGr0ghvpn":{"registrationId":903191925,"currentRatchet":{"ephemeralKeyPair":{"pubKey":"BZACwlLONM7uuKzR8WNuCUg/e5qloW5Org4pena4wsFb","privKey":"YJ2U1/oMNKrnmAwpEdE8yiNJ8tzYbYaqaevsPBlqVkI="},"lastRemoteEphemeralKey":"Bb+uGQkRkX0zM4N2caT80TpUbMrvpnmX1Ait8HXgoVof","previousCounter":0,"rootKey":"BzBkN+4r6Ty7vaw+Per9AN85gXFKta8LOkYHvG3bCYc="},"indexInfo":{"baseKey":"BaPXsYPjJNzBMbOroU2vnYORHGlVmOEup+jmGr0ghvpn","baseKeyType":1,"closed":-1,"used":1748354358337,"created":1748354358337,"remoteIdentityKey":"BUQm4mN+iSqA9wCDmgR7GCteLU3m15VyPsZ55y8C7AsC"},"_chains":{"BZACwlLONM7uuKzR8WNuCUg/e5qloW5Org4pena4wsFb":{"chainKey":{"counter":0,"key":"4K//o/41LEaU0Iqf0ar1lO51G4UleUIXJ2peItb3FOs="},"chainType":1,"messageKeys":{}}},"pendingPreKey":{"signedKeyId":0,"baseKey":"BaPXsYPjJNzBMbOroU2vnYORHGlVmOEup+jmGr0ghvpn","preKeyId":15102826}}},"version":"v1"}