{"_sessions":{"Bbj1lIhEI/X/sesxkrIlsF6vKlFh7JHxrAkjQZRQlO9N":{"registrationId":80204787,"currentRatchet":{"ephemeralKeyPair":{"pubKey":"Ba90XGhUu+SJ4JN+1AXxx5BPwDozK1gN906IZljtEgpX","privKey":"+HDw54Z+7rwpOD9hSGz8x5YTt6VPyyC+F8XTQI3MHXQ="},"lastRemoteEphemeralKey":"BXzf+pDpEOKal84QvLeSUNwDQmqfvj6HZVeGGn83U78C","previousCounter":0,"rootKey":"cWOFQpXyZ5kVRdkSYVDo7TSunPMeOp52J7g45DqAvLE="},"indexInfo":{"baseKey":"Bbj1lIhEI/X/sesxkrIlsF6vKlFh7JHxrAkjQZRQlO9N","baseKeyType":1,"closed":-1,"used":1748354351304,"created":1748354351304,"remoteIdentityKey":"BS74xzj6MSmnanK5iQ4UhSVz4orGINv1oNR7dQnVmsZD"},"_chains":{"Ba90XGhUu+SJ4JN+1AXxx5BPwDozK1gN906IZljtEgpX":{"chainKey":{"counter":0,"key":"bs647uzqvxNDVYgoawX6268Cde7bfkUp1SD2nR2PWjg="},"chainType":1,"messageKeys":{}}},"pendingPreKey":{"signedKeyId":12,"baseKey":"Bbj1lIhEI/X/sesxkrIlsF6vKlFh7JHxrAkjQZRQlO9N","preKeyId":15584780}}},"version":"v1"}