{"_sessions":{"BfTqAOaWCwtH8jhOAwYRwqsCd2cvuYlkIN2LYLptqCV2":{"registrationId":92240305,"currentRatchet":{"ephemeralKeyPair":{"pubKey":"BdO7sUIgQ5zyoW0Kis196Sz6lr+0e8IR2/RfVH+t3M80","privKey":"KG6n9UvjxrtHFxQgnbQIqElg+p9F/fcVfVFQshwOrnA="},"lastRemoteEphemeralKey":"BYWL009sbeUXN0hw20/l5CCOSUKdUcxOqVv/x9SzRtUD","previousCounter":0,"rootKey":"a1moGlBQMX8qiT4uz4S5C78JO94N6v8uMiXufds6TFg="},"indexInfo":{"baseKey":"BfTqAOaWCwtH8jhOAwYRwqsCd2cvuYlkIN2LYLptqCV2","baseKeyType":1,"closed":-1,"used":1748354352155,"created":1748354352155,"remoteIdentityKey":"BSLN7MKz36nA/nHT3GTdCN7cY1YRi7hOCm8eFwamTUtV"},"_chains":{"BdO7sUIgQ5zyoW0Kis196Sz6lr+0e8IR2/RfVH+t3M80":{"chainKey":{"counter":0,"key":"CUKxmEVbAKYB9z2hmBkfDmZSGSW/PhZQNp8zEHHMQIk="},"chainType":1,"messageKeys":{}}},"pendingPreKey":{"signedKeyId":10,"baseKey":"BfTqAOaWCwtH8jhOAwYRwqsCd2cvuYlkIN2LYLptqCV2","preKeyId":16390279}}},"version":"v1"}