{"_sessions":{"BU+wEikiqXvK48gnj61PdPlrSmI8lcVBXnYWNDU6w6oZ":{"registrationId":119098063,"currentRatchet":{"ephemeralKeyPair":{"pubKey":"BT/U3xUll7FNX6yXQwXoM1aXxlWWHhVK+HVAlnUlxko+","privKey":"EFMloPQga2jvLGWlibgIVeS74uAbTYdQ2mOYjAbAwlA="},"lastRemoteEphemeralKey":"BXBKrkQyilHZpYjSVJT3/aEtqDJUcxcwbR2uInnDARcX","previousCounter":0,"rootKey":"/vJWd6hxW6ZyvxQCj9pzwN+ijn3Lh7LmkDPSvl8OImU="},"indexInfo":{"baseKey":"BU+wEikiqXvK48gnj61PdPlrSmI8lcVBXnYWNDU6w6oZ","baseKeyType":1,"closed":-1,"used":1748354351181,"created":1748354351181,"remoteIdentityKey":"BVZEbkfGKAnixnSbovU1MvE/A2GCFaP7V2XXSuSkY8p1"},"_chains":{"BT/U3xUll7FNX6yXQwXoM1aXxlWWHhVK+HVAlnUlxko+":{"chainKey":{"counter":0,"key":"wUPm3vfa3wjHEx3yrjCskPdsE1g0U52kjRIG3i4bZyU="},"chainType":1,"messageKeys":{}}},"pendingPreKey":{"signedKeyId":40,"baseKey":"BU+wEikiqXvK48gnj61PdPlrSmI8lcVBXnYWNDU6w6oZ","preKeyId":2854214}}},"version":"v1"}