{"_sessions":{"BXTPt7DKWVgjdaP45gY/AkXlGhZ3zOKyk2CxSelGHDx/":{"registrationId":1539105000,"currentRatchet":{"ephemeralKeyPair":{"pubKey":"BYAW93j2X9bvl0BAMDNRAtRBazVRrw6GPErXMPQ55TAP","privKey":"YAdfSQztQHc5Qaxz4MeNjJ4ynTFogNJBes5wmArBkm4="},"lastRemoteEphemeralKey":"BVG2gZJTbC9fVvgBxwUfQhbtiA0RQlzUbPrXSQ/bdzBW","previousCounter":0,"rootKey":"dldo/QnJcHboGEz1sqwTbozU9Tg8tOu+3Vtjc9nUTOw="},"indexInfo":{"baseKey":"BXTPt7DKWVgjdaP45gY/AkXlGhZ3zOKyk2CxSelGHDx/","baseKeyType":1,"closed":-1,"used":1748354355504,"created":1748354355504,"remoteIdentityKey":"BdJ7SxM2RWBbiLMGwLTE5dJoUVdOU6QhHZ3R3aNqW3xG"},"_chains":{"BYAW93j2X9bvl0BAMDNRAtRBazVRrw6GPErXMPQ55TAP":{"chainKey":{"counter":0,"key":"FoUGqN4AgLDuZfjh3NqHo8Oc6TOdndmgqIwBQdyXpFA="},"chainType":1,"messageKeys":{}}},"pendingPreKey":{"signedKeyId":0,"baseKey":"BXTPt7DKWVgjdaP45gY/AkXlGhZ3zOKyk2CxSelGHDx/","preKeyId":123664}}},"version":"v1"}