{"_sessions":{"Bd2dTV6T+ViYj/R478g49k0ptCpAbM1zASZkAHmqzFJr":{"registrationId":1508990441,"currentRatchet":{"ephemeralKeyPair":{"pubKey":"BVs8KyNxtefDarpD168dSVie5PEKX9i/HhE076nrlVsf","privKey":"iDIUUKKGF0V9mppm2dnflaxso+YzMzb2qjmPjqNoGmY="},"lastRemoteEphemeralKey":"BRRED9IRmDWk1RfeJQ9hrDTQMFd48DQD8fY7cjikXzEm","previousCounter":0,"rootKey":"EpGNeo9SuJLYGd2rontkH7AlyZSqk0VUkfdEEpbMijc="},"indexInfo":{"baseKey":"Bd2dTV6T+ViYj/R478g49k0ptCpAbM1zASZkAHmqzFJr","baseKeyType":1,"closed":-1,"used":1748354358849,"created":1748354358849,"remoteIdentityKey":"BbS0j4B41mQ5M1quEZXVgAcJaeZtUqIu7U7oRpdMGbNJ"},"_chains":{"BVs8KyNxtefDarpD168dSVie5PEKX9i/HhE076nrlVsf":{"chainKey":{"counter":0,"key":"62T5k9f/Ngr5HY9nn1FsKhhU3mUd3DyVYg3so3UfAmo="},"chainType":1,"messageKeys":{}}},"pendingPreKey":{"signedKeyId":481852,"baseKey":"Bd2dTV6T+ViYj/R478g49k0ptCpAbM1zASZkAHmqzFJr","preKeyId":5720}}},"version":"v1"}