{"_sessions":{"BSxZ3Ym5xGLVKF6GXM/xOa/7Sa3y2ZbWFr5M8XkIDgkm":{"registrationId":1034801413,"currentRatchet":{"ephemeralKeyPair":{"pubKey":"BUruSUm4wJsxcWaoEYK6EsXj5KSdlwMG+eg88H89iXlQ","privKey":"UNaSkewG7nP1qEV+OeLj5c2oeCknZIQSNQzozCXm62M="},"lastRemoteEphemeralKey":"BYDBX1eB6qgChluo4OYonnrGq/28HZkk1b5DUt0JTsRm","previousCounter":0,"rootKey":"guTmv1evblOxGIOEAm6q+yCJrGLZDNmTI54vLCCfmdI="},"indexInfo":{"baseKey":"BSxZ3Ym5xGLVKF6GXM/xOa/7Sa3y2ZbWFr5M8XkIDgkm","baseKeyType":1,"closed":-1,"used":1748354358860,"created":1748354358860,"remoteIdentityKey":"BQetigLA1y4uljjBbS0Ewo0/HbisGLPFxn8rMTRHwp5x"},"_chains":{"BUruSUm4wJsxcWaoEYK6EsXj5KSdlwMG+eg88H89iXlQ":{"chainKey":{"counter":0,"key":"LKib//V9E1f+A0E1FGWh4Zo7UQf1tRZZWSoRDKr2w6Q="},"chainType":1,"messageKeys":{}}},"pendingPreKey":{"signedKeyId":4,"baseKey":"BSxZ3Ym5xGLVKF6GXM/xOa/7Sa3y2ZbWFr5M8XkIDgkm","preKeyId":2171531}}},"version":"v1"}