{"_sessions":{"Bdku/qLXa7ogRYYSMagxs57puO+gtveoaYTVaATa6+xE":{"registrationId":1654014440,"currentRatchet":{"ephemeralKeyPair":{"pubKey":"BbIpyDkZDvx48aqQMCdv+9VaJsHjNyIfwaMwk5wJW+gT","privKey":"+Iaxvh+OdOpYGojhoBZG3fsVSkzLiPJxpMLb9/WwgVs="},"lastRemoteEphemeralKey":"BSQndlzi9eAm+xxY/gX1SSzzzCXV3/9r0yOUGIdPX4w+","previousCounter":0,"rootKey":"gIeOLEz/fk/+cuU8V2ULGy84NL0/bHwFC/59/Y0CAyk="},"indexInfo":{"baseKey":"Bdku/qLXa7ogRYYSMagxs57puO+gtveoaYTVaATa6+xE","baseKeyType":1,"closed":-1,"used":1748354352016,"created":1748354352016,"remoteIdentityKey":"BaL1yIpb1/rCKJtIPZgs3yChgH48EzRYEXjmsNUs0UV0"},"_chains":{"BbIpyDkZDvx48aqQMCdv+9VaJsHjNyIfwaMwk5wJW+gT":{"chainKey":{"counter":0,"key":"+kBH6VhxqNVS4jNbk6Ki06s/6fn8OCThDyqvk+Xxxlc="},"chainType":1,"messageKeys":{}}},"pendingPreKey":{"signedKeyId":2,"baseKey":"Bdku/qLXa7ogRYYSMagxs57puO+gtveoaYTVaATa6+xE","preKeyId":2078870}}},"version":"v1"}