{"_sessions":{"BW3urIg3QJfO8L0tu2yQ3iaAdvaSXNsWOQDmKbpO9eJR":{"registrationId":31366531,"currentRatchet":{"ephemeralKeyPair":{"pubKey":"BRpMR1Dn3xa9XIQ+eGOGfcSDpS0AYNCQKsvoYL3/3qtb","privKey":"mCb17RRZcqux5VeZbqhyM79LRtSw+0VgiA/6IN5HkFo="},"lastRemoteEphemeralKey":"Bc2GMWNoC4CFGpRlqa1H6HGqKYCRwai//GJJHgjQMEdV","previousCounter":0,"rootKey":"AXpLhBBRnyQrIF/tInl9trP2CVLas0hGvk26kFj2QIQ="},"indexInfo":{"baseKey":"BW3urIg3QJfO8L0tu2yQ3iaAdvaSXNsWOQDmKbpO9eJR","baseKeyType":1,"closed":-1,"used":1748354351995,"created":1748354351995,"remoteIdentityKey":"Bfu8kqltji6wadjE42EBKP+qdYd3omP4GsILNClu0H1v"},"_chains":{"BRpMR1Dn3xa9XIQ+eGOGfcSDpS0AYNCQKsvoYL3/3qtb":{"chainKey":{"counter":0,"key":"rRQ5r5HFLl/ISA8h6NWm7ED+v+GfD0TJUd2IsrOAqdI="},"chainType":1,"messageKeys":{}}},"pendingPreKey":{"signedKeyId":6,"baseKey":"BW3urIg3QJfO8L0tu2yQ3iaAdvaSXNsWOQDmKbpO9eJR","preKeyId":13866459}}},"version":"v1"}