{"_sessions":{"BdP+vU80UtTKDz2eIFplCU59x053Ql8lv4juyX0w5hkO":{"registrationId":2006445945,"currentRatchet":{"ephemeralKeyPair":{"pubKey":"BY7ubKCZxfKvg5Wq3nQVbuIR732ShHrxfKUz1VWXeaws","privKey":"wP8p++dJVbo4T4kpuj+xpTRYIuXZCn7jibQQLxFLOn4="},"lastRemoteEphemeralKey":"BfCG79lzJSu0SwQy6rl0XX1fQrDFa4bnp0d4tAdUFkMK","previousCounter":0,"rootKey":"9rWIsvIoG/QVFKqcqpFSVfNZdK2M1rW3Gify8W3nPMA="},"indexInfo":{"baseKey":"BdP+vU80UtTKDz2eIFplCU59x053Ql8lv4juyX0w5hkO","baseKeyType":1,"closed":-1,"used":1748354355102,"created":1748354355102,"remoteIdentityKey":"BYVHwws91NR81sOuy+YmaRMonuTQ2HiTn93mzdx308cs"},"_chains":{"BY7ubKCZxfKvg5Wq3nQVbuIR732ShHrxfKUz1VWXeaws":{"chainKey":{"counter":0,"key":"UrhpqNm0Doa4dDZoktF+xYxIZFwTHcmsdZ6dUGDtDFI="},"chainType":1,"messageKeys":{}}},"pendingPreKey":{"signedKeyId":1,"baseKey":"BdP+vU80UtTKDz2eIFplCU59x053Ql8lv4juyX0w5hkO","preKeyId":10159734}}},"version":"v1"}