{"_sessions":{"BYbecC8iEnJz3zRFl5A0ot3rPemN2iDAxg1sSSbQOm5H":{"registrationId":956369083,"currentRatchet":{"ephemeralKeyPair":{"pubKey":"BfbAuWdAkPRx9o8M5BgwYlp9dJCrDd/0rDhpNJbtlcZs","privKey":"iC+HWP4Sv1n6Q+hfx0LuVKeuDqPKVH8q6gNDcBY0SE8="},"lastRemoteEphemeralKey":"Beu9Slo0JWBsQ7C+Zkjg6QqBDMghqblJU/CKZwMAi0cU","previousCounter":0,"rootKey":"VY9qTyDw1RrfjA31HYzmLMJ2EvU/kviTIZTf7IhejnA="},"indexInfo":{"baseKey":"BYbecC8iEnJz3zRFl5A0ot3rPemN2iDAxg1sSSbQOm5H","baseKeyType":1,"closed":-1,"used":1748354347909,"created":1748354347909,"remoteIdentityKey":"BdFQFj2/8f/ig3xT2yRzE8LFmIvJDGUpeKA6XsBKl3YO"},"_chains":{"BfbAuWdAkPRx9o8M5BgwYlp9dJCrDd/0rDhpNJbtlcZs":{"chainKey":{"counter":0,"key":"q0CIo+JidLbRSJX392Br+AuT9G+Ui3lFI33rf56QIog="},"chainType":1,"messageKeys":{}}},"pendingPreKey":{"signedKeyId":156,"baseKey":"BYbecC8iEnJz3zRFl5A0ot3rPemN2iDAxg1sSSbQOm5H","preKeyId":11484217}}},"version":"v1"}