{"_sessions":{"BdAC7aweFkPXeTn6sitqPs0QvC5YxEH2UlEDEGx5wXtA":{"registrationId":213455302,"currentRatchet":{"ephemeralKeyPair":{"pubKey":"BSuMc8BXVHAkrgmpyXlc6PXNgI06j6aZN+IpcAJYXcoe","privKey":"OO/ns7ZV2dTlN5thmXB2c+Nvz0u49D705QBt/h6M1lw="},"lastRemoteEphemeralKey":"Bc7ae6UQ7nIjpTIS12AtwQYSfkHMtIqQLV9j5ZVkMqA4","previousCounter":0,"rootKey":"b7YjPA4n6aMIi6hZnB1CkIxZL/8Lin7DNVK8EOCT8po="},"indexInfo":{"baseKey":"BdAC7aweFkPXeTn6sitqPs0QvC5YxEH2UlEDEGx5wXtA","baseKeyType":1,"closed":-1,"used":1748354347763,"created":1748354347763,"remoteIdentityKey":"Be/uE0RJfWg0XNJJjPDVl1FaaRnAMHh/MVeCbHNf2RtZ"},"_chains":{"BSuMc8BXVHAkrgmpyXlc6PXNgI06j6aZN+IpcAJYXcoe":{"chainKey":{"counter":0,"key":"yOvUr415onONNCtB1/Kfmrx7Skh1B9cz56MDaRwDW3o="},"chainType":1,"messageKeys":{}}},"pendingPreKey":{"signedKeyId":5,"baseKey":"BdAC7aweFkPXeTn6sitqPs0QvC5YxEH2UlEDEGx5wXtA","preKeyId":10485625}}},"version":"v1"}