{"_sessions":{"BXFqmLd9NsATedRtsu2UXBtKpL7wqyqXHtKzFhih264M":{"registrationId":1453584731,"currentRatchet":{"ephemeralKeyPair":{"pubKey":"BRkaOmi7L5ji+cTvWqkaY0h86lW8J7BAe1M67wwkrXxg","privKey":"SFP3VzOhmydv5XFTVof3ziP/RzX4DixizU41AhI9ZHU="},"lastRemoteEphemeralKey":"BfvLGtTMjTG3znthZ1wrpZAlx+eaCZ1JoMOYY+cN4VEO","previousCounter":0,"rootKey":"K0coGEXJ221lVcTy/Cr9TcQT9tSWDt18reOKAWvpdc0="},"indexInfo":{"baseKey":"BXFqmLd9NsATedRtsu2UXBtKpL7wqyqXHtKzFhih264M","baseKeyType":1,"closed":-1,"used":1748354348015,"created":1748354348015,"remoteIdentityKey":"BW0D/h082HA5hL+BBnm0O2E8Wbde2Sq092xKRdflPtgc"},"_chains":{"BRkaOmi7L5ji+cTvWqkaY0h86lW8J7BAe1M67wwkrXxg":{"chainKey":{"counter":0,"key":"/qz9j5r7uNF3jbYdvBM/yqiMwCDpu8Z4x1/agqzOeak="},"chainType":1,"messageKeys":{}}},"pendingPreKey":{"signedKeyId":13902382,"baseKey":"BXFqmLd9NsATedRtsu2UXBtKpL7wqyqXHtKzFhih264M","preKeyId":32690}}},"version":"v1"}