{"_sessions":{"BW2r7EgKnqy7Uu4GMieYMYhaPQjPz80obxjBAQR9MrET":{"registrationId":19940228,"currentRatchet":{"ephemeralKeyPair":{"pubKey":"BeMV2X04M4wACF1OiYWNyySmO05W4Xs69oU+PjZE/CZF","privKey":"eJLd6S87LjnWmg6Kflds2uuMHmZ14IhawpL7r0Afv3I="},"lastRemoteEphemeralKey":"BcrwAbhy4hUbtzNgY1RpqRfR4E81vdpeq1S5vvmPx7AU","previousCounter":0,"rootKey":"vKGdtSgkFd07Z2oiL5wggesL9+ppRLxD56lgcN2FfUM="},"indexInfo":{"baseKey":"BW2r7EgKnqy7Uu4GMieYMYhaPQjPz80obxjBAQR9MrET","baseKeyType":1,"closed":-1,"used":1748354348434,"created":1748354348434,"remoteIdentityKey":"BYKn3FhCjWJ86jCyrkMez9+nSmXu9ynY2P+8c2rZ/ZlR"},"_chains":{"BeMV2X04M4wACF1OiYWNyySmO05W4Xs69oU+PjZE/CZF":{"chainKey":{"counter":0,"key":"Xd1SBJAi5kpJhzlAAi49XZZ+BOMBT3lM+WqayFXfmyg="},"chainType":1,"messageKeys":{}}},"pendingPreKey":{"signedKeyId":4,"baseKey":"BW2r7EgKnqy7Uu4GMieYMYhaPQjPz80obxjBAQR9MrET","preKeyId":11890765}}},"version":"v1"}