{"_sessions":{"BSEsE4eEA1boRozR3vt4bVhqrwl5Xjvn9Q44QI5Npq9P":{"registrationId":92654545,"currentRatchet":{"ephemeralKeyPair":{"pubKey":"BeSWJ8qaR2ewHKSulr3CwRnZWVCPV0LZBx7nlnp5ykp0","privKey":"MAvcQ0SMkZA67MYEi1IOpCauw46XSimGSSzVbIxQ1k0="},"lastRemoteEphemeralKey":"BXjhiQCGMYLumElHgVxKTHCFCwage4wM40zxv4LmcF4J","previousCounter":0,"rootKey":"PHU2Tzg7nXDTybFyPvlKiUcI3jNunv/IAE1UJLsrij0="},"indexInfo":{"baseKey":"BSEsE4eEA1boRozR3vt4bVhqrwl5Xjvn9Q44QI5Npq9P","baseKeyType":1,"closed":-1,"used":1748354348651,"created":1748354348651,"remoteIdentityKey":"BVSQXqGL191UO1+IcAJrqNEdzeGWxdbG7JngKkj5xcN+"},"_chains":{"BeSWJ8qaR2ewHKSulr3CwRnZWVCPV0LZBx7nlnp5ykp0":{"chainKey":{"counter":0,"key":"oZxi0qayVGTNoatwVEptz0Y996wtjEFrWAvIv7Ua50Q="},"chainType":1,"messageKeys":{}}},"pendingPreKey":{"signedKeyId":5,"baseKey":"BSEsE4eEA1boRozR3vt4bVhqrwl5Xjvn9Q44QI5Npq9P","preKeyId":10379588}}},"version":"v1"}