{"_sessions":{"BX8Llf0MB2DCH/ReAbnxG8qafKtxSlwA+7+T6QW3bKVx":{"registrationId":2125904047,"currentRatchet":{"ephemeralKeyPair":{"pubKey":"Beikw/KiYncEs9gzQ4C28Pptot2YaLT6oHD+NC6cQtQ7","privKey":"kBTGWPAGBRddkmc+PvU1ztd6DYQQUfLQmgRKUubi7G4="},"lastRemoteEphemeralKey":"Baq1G2F4I27665z4oRbUqjnkfuflpkfWOsj7sj3huuMD","previousCounter":0,"rootKey":"6Mf3Rn2H6bvsy0Jif1JA5Xjk4XgFVD16fEVlaNpKw9c="},"indexInfo":{"baseKey":"BX8Llf0MB2DCH/ReAbnxG8qafKtxSlwA+7+T6QW3bKVx","baseKeyType":1,"closed":-1,"used":1748354352048,"created":1748354352048,"remoteIdentityKey":"BWrIWcmbFOcjaTmMTXiw6p8yFXDrjqVG9o95rL3/AV9X"},"_chains":{"Beikw/KiYncEs9gzQ4C28Pptot2YaLT6oHD+NC6cQtQ7":{"chainKey":{"counter":0,"key":"1CWYGV56/K98jPg2rPMsqX4ReASx0GQf3dX60491spg="},"chainType":1,"messageKeys":{}}},"pendingPreKey":{"signedKeyId":0,"baseKey":"BX8Llf0MB2DCH/ReAbnxG8qafKtxSlwA+7+T6QW3bKVx","preKeyId":1407094}}},"version":"v1"}