{"_sessions":{"BTkGMsk5dAHUp00QUg3DsrmQQTdvBJfoKYA8rbRKzXkc":{"registrationId":1384735803,"currentRatchet":{"ephemeralKeyPair":{"pubKey":"BWqm2a8KttHEWIFR5F8JiqfbWoGdzil0YUR6crzeA9cK","privKey":"qGXZd0riSwTq0fZo3gGcjW2uAaRJusz7gsyWc4xJtnc="},"lastRemoteEphemeralKey":"Bc0PjwhPfE7y1c3xSBrINvF4zsQbSabR4K3/nuyss/1O","previousCounter":0,"rootKey":"lv6Lm3IsV+zaeIyujAHqRMFDuauSuag8IYEF3O2jJvs="},"indexInfo":{"baseKey":"BTkGMsk5dAHUp00QUg3DsrmQQTdvBJfoKYA8rbRKzXkc","baseKeyType":1,"closed":-1,"used":1748354348268,"created":1748354348268,"remoteIdentityKey":"BbW+OUaQvJ7rkmCVsXMKX250UZjQGNdBVNJKF76MaZlt"},"_chains":{"BWqm2a8KttHEWIFR5F8JiqfbWoGdzil0YUR6crzeA9cK":{"chainKey":{"counter":0,"key":"1qNyNLjpGjeL6nEr9/3R9PbqFLlQR3Trobi4ad/qPC0="},"chainType":1,"messageKeys":{}}},"pendingPreKey":{"signedKeyId":1,"baseKey":"BTkGMsk5dAHUp00QUg3DsrmQQTdvBJfoKYA8rbRKzXkc","preKeyId":6674992}}},"version":"v1"}