{"_sessions":{"BQ6OMopRsuZSYtv1MWEKCPUuqNaPcBT1xMDwmye4++Vs":{"registrationId":178914613,"currentRatchet":{"ephemeralKeyPair":{"pubKey":"BeuSUSegnJFXQFtzxIihLMJo8ibP3SPBfnwU330xCR01","privKey":"uH33l0MxupTdnaZvWgDWoLV608wNdEkU8jLXdUhQAHY="},"lastRemoteEphemeralKey":"BWclvRDUsGbUNA9vLg8Kwnm1WDE7X+X+iIleX5q1EyZH","previousCounter":0,"rootKey":"XwqdOOTNsYrhH7jrv8ZzUYbGySHOIyrLDYmXUfyINMo="},"indexInfo":{"baseKey":"BQ6OMopRsuZSYtv1MWEKCPUuqNaPcBT1xMDwmye4++Vs","baseKeyType":1,"closed":-1,"used":1748354351933,"created":1748354351933,"remoteIdentityKey":"BUijjMk0W7Eug2gnPOf6cYmYypS52UfIl8wfyT6IIOxN"},"_chains":{"BeuSUSegnJFXQFtzxIihLMJo8ibP3SPBfnwU330xCR01":{"chainKey":{"counter":0,"key":"icCGcRNrb1GoJ1+QOIRxERFtH05wRaGQqxys8Cxmg7A="},"chainType":1,"messageKeys":{}}},"pendingPreKey":{"signedKeyId":3,"baseKey":"BQ6OMopRsuZSYtv1MWEKCPUuqNaPcBT1xMDwmye4++Vs","preKeyId":10319514}}},"version":"v1"}