{"_sessions":{"BXvGYAbOGIYtHBlRrXGN8RnKhexHrL8sSlIftuuzj7BE":{"registrationId":1465551610,"currentRatchet":{"ephemeralKeyPair":{"pubKey":"BXZcF5Ky/9JH/3uL7NywLcgIqxJvPlNC5hriZwT0docs","privKey":"QHdpi2INtbE/zvb37e9wZEXKBgWrVH027P0TB3Q1MGA="},"lastRemoteEphemeralKey":"BWAGn1UwHcu2ZZkQWsb9zfx3cKBkO5SY43cTfFjPVsA+","previousCounter":0,"rootKey":"OWKysWKrmEb47BpljtHC3IpLGW4FV9mtiII7NK9kluQ="},"indexInfo":{"baseKey":"BXvGYAbOGIYtHBlRrXGN8RnKhexHrL8sSlIftuuzj7BE","baseKeyType":1,"closed":-1,"used":1748354359073,"created":1748354359073,"remoteIdentityKey":"BSWDUf5DaerY40gu63ZrbiJIggFN9/JgDCozGjI35BRw"},"_chains":{"BXZcF5Ky/9JH/3uL7NywLcgIqxJvPlNC5hriZwT0docs":{"chainKey":{"counter":0,"key":"QrDxEtQKkbwV+b6Y+J3nblxmekh31oefd6UTi9qSbJs="},"chainType":1,"messageKeys":{}}},"pendingPreKey":{"signedKeyId":0,"baseKey":"BXvGYAbOGIYtHBlRrXGN8RnKhexHrL8sSlIftuuzj7BE","preKeyId":866481}}},"version":"v1"}