{"_sessions":{"BXgqqOJDTXf8MSLvD2Q8tPKahRZdd8/9kDUHr+ZytuI9":{"registrationId":1833581775,"currentRatchet":{"ephemeralKeyPair":{"pubKey":"BWLv0GmyuCmTYd71jw3GtqG6X22rqUj+LYB7SJDbBIx3","privKey":"SB0frUXiVAMIlys236pSrlfcyRYaGFx4qvFRBDC2cW8="},"lastRemoteEphemeralKey":"BX6JHPIqi87hHsqu5cO6SjsoqWCD0gxmZefemGYfH1xS","previousCounter":0,"rootKey":"oVINZy6OPRbLXT8k7fglq9uLhzGjQM88JTv/Acz1rfw="},"indexInfo":{"baseKey":"BXgqqOJDTXf8MSLvD2Q8tPKahRZdd8/9kDUHr+ZytuI9","baseKeyType":1,"closed":-1,"used":1748354354852,"created":1748354354852,"remoteIdentityKey":"BdACkNqTTgaqjlDsoHyOpJGMQ8R4LfjtXLzTO2WrNN0I"},"_chains":{"BWLv0GmyuCmTYd71jw3GtqG6X22rqUj+LYB7SJDbBIx3":{"chainKey":{"counter":0,"key":"4wiKcQi8YnEsArNO923J5LlTe8fnq8gSGq8FVpyMcfk="},"chainType":1,"messageKeys":{}}},"pendingPreKey":{"signedKeyId":0,"baseKey":"BXgqqOJDTXf8MSLvD2Q8tPKahRZdd8/9kDUHr+ZytuI9","preKeyId":16130356}}},"version":"v1"}