{"_sessions":{"BdDhsP4LGnM/WxsKod6X4hHKZql1pyBkCPoC6YL8tQoe":{"registrationId":1799148543,"currentRatchet":{"ephemeralKeyPair":{"pubKey":"BabOyiWOvL8RE4PMJJ2i722taeEkSo0BLflaFmok/DsF","privKey":"YNTTP2XVgHozMrLwFxeSQWD6pDr5wBWW1gj3xoLxelo="},"lastRemoteEphemeralKey":"BaYL8ofgTcMlvnpiJtlVgYHhYQuJCDNRf/H78bPQcZVw","previousCounter":0,"rootKey":"qGkg+zhJ6ziLHce9xj3AxfOH0GmSxipg7UXOpzxMFa8="},"indexInfo":{"baseKey":"BdDhsP4LGnM/WxsKod6X4hHKZql1pyBkCPoC6YL8tQoe","baseKeyType":1,"closed":-1,"used":1748354355448,"created":1748354355448,"remoteIdentityKey":"BSW40KZ+eaiVmnJHbuPIbjzMrE/k4Z79wNXSCc+SYBkI"},"_chains":{"BabOyiWOvL8RE4PMJJ2i722taeEkSo0BLflaFmok/DsF":{"chainKey":{"counter":0,"key":"0fpfTA5a72KuAdJ8fRIjOassUdXKq7cpUwoQf4TPN6c="},"chainType":1,"messageKeys":{}}},"pendingPreKey":{"signedKeyId":14,"baseKey":"BdDhsP4LGnM/WxsKod6X4hHKZql1pyBkCPoC6YL8tQoe","preKeyId":2598611}}},"version":"v1"}