{"_sessions":{"BRdbg2KWatACgRndzY2KmQkpLiwgu0pcQ8rizrRNn7Id":{"registrationId":1045977975,"currentRatchet":{"ephemeralKeyPair":{"pubKey":"BTYYyf4SCprLKbOdxZBntjYuwuB6AwTCGKrJayqu7hdL","privKey":"UO+cf9KqpfQKzOSITGwqQQXaghNy8eYdqFtBa4k7NlY="},"lastRemoteEphemeralKey":"BainL2TjbvPr0VwBtPK25L5hCml0NlFtI7c2a8nPeGV+","previousCounter":0,"rootKey":"HNM7WXm5fKW/dyNFQ3AVYcDjLVQu3zXHQrjphto3C8s="},"indexInfo":{"baseKey":"BRdbg2KWatACgRndzY2KmQkpLiwgu0pcQ8rizrRNn7Id","baseKeyType":1,"closed":-1,"used":1748354358510,"created":1748354358510,"remoteIdentityKey":"BUY99lngkhHDZifQiY98u6rHLkBhldXdmRst6fo6IU8v"},"_chains":{"BTYYyf4SCprLKbOdxZBntjYuwuB6AwTCGKrJayqu7hdL":{"chainKey":{"counter":0,"key":"H9nM+ryjwblwHKFVzBoOvV/mWcobKtwyfkl12h+MIO4="},"chainType":1,"messageKeys":{}}},"pendingPreKey":{"signedKeyId":0,"baseKey":"BRdbg2KWatACgRndzY2KmQkpLiwgu0pcQ8rizrRNn7Id","preKeyId":3811725}}},"version":"v1"}