{"_sessions":{"BdNsOl+hg3skaZlTxuBu2fcElLpeydOI48Y1NftwSsBz":{"registrationId":1506118404,"currentRatchet":{"ephemeralKeyPair":{"pubKey":"BRN8iiIfTk/L92S6r2JmwBrOj9n9lEa5VDCbLRnOXudA","privKey":"4KW4HRFej3lnQg8bD3YGBw5Jf4XKybyCdkiT8UFqwUc="},"lastRemoteEphemeralKey":"BROtkUQIBIHbrS34aus5XSjEPXHYprbLlw3oTByjDa1F","previousCounter":0,"rootKey":"GCkigMI0GwKqb7GUsmuhkD7nUR27voRc6qNkpQwla7A="},"indexInfo":{"baseKey":"BdNsOl+hg3skaZlTxuBu2fcElLpeydOI48Y1NftwSsBz","baseKeyType":1,"closed":-1,"used":1748354351818,"created":1748354351818,"remoteIdentityKey":"Bfp4QIziM03f21uta+cRnNiGXlyX+GKHJAHiNRnGcRxF"},"_chains":{"BRN8iiIfTk/L92S6r2JmwBrOj9n9lEa5VDCbLRnOXudA":{"chainKey":{"counter":0,"key":"YcPwxCH4mpuljBsCcgu0UDcj+6a55Ls7G5ECUlOat7U="},"chainType":1,"messageKeys":{}}},"pendingPreKey":{"signedKeyId":12,"baseKey":"BdNsOl+hg3skaZlTxuBu2fcElLpeydOI48Y1NftwSsBz","preKeyId":15055676}}},"version":"v1"}