{"_sessions":{"BXU6fItFLnV2xdbckmSTaNgyXJyr0V2NJpUkDX62f6Jn":{"registrationId":535548465,"currentRatchet":{"ephemeralKeyPair":{"pubKey":"Bal+QsPbcoGjtRvFppDLn3XfY5xG6NJLeglkCXI3BO5B","privKey":"sLwT9Zm3eMcvg0OB1GQQnUb0qGT6bg/v8ZfStqXxCUQ="},"lastRemoteEphemeralKey":"BcOlZi8lMrPyYFHdxKUxpGJh0fcdlJJ7k2SkdtSI91ky","previousCounter":0,"rootKey":"b1Yz/mnjfyukyYqT0RONhI80Vkd3epmwpmET0uu8r3I="},"indexInfo":{"baseKey":"BXU6fItFLnV2xdbckmSTaNgyXJyr0V2NJpUkDX62f6Jn","baseKeyType":1,"closed":-1,"used":1748354359407,"created":1748354359407,"remoteIdentityKey":"BaASCvOSkC4UE2Y3urFVHs5deRbk9/eyBW6otA1CQDJK"},"_chains":{"Bal+QsPbcoGjtRvFppDLn3XfY5xG6NJLeglkCXI3BO5B":{"chainKey":{"counter":0,"key":"pc66XEm21XdEiUfWnuKRidl/nvzkGSukGjvcDV+3wAo="},"chainType":1,"messageKeys":{}}},"pendingPreKey":{"signedKeyId":0,"baseKey":"BXU6fItFLnV2xdbckmSTaNgyXJyr0V2NJpUkDX62f6Jn","preKeyId":15159264}}},"version":"v1"}