{"_sessions":{"BSqxdFd+Lp/0ydtwzafxfZUFC8LOjMH8MJ9uwzJALd0d":{"registrationId":1498320121,"currentRatchet":{"ephemeralKeyPair":{"pubKey":"BQNIG9i0+MM2PcxZ/dN/BtbPiRwuAIKbIg2e6ZZjd/Nf","privKey":"wJXaQ9gNCDWkKtvCcgK60pVKQoJNBQGr0T6DGZ4GVH4="},"lastRemoteEphemeralKey":"BZhZCZVXuD1TU/l247kPmeMVqMmpQpKUtXES1gvROzdV","previousCounter":0,"rootKey":"dPcnmAlOd4Jce5lEJsxPKCKU3iH1Shwi9maLlC5M++c="},"indexInfo":{"baseKey":"BSqxdFd+Lp/0ydtwzafxfZUFC8LOjMH8MJ9uwzJALd0d","baseKeyType":1,"closed":-1,"used":1748354352037,"created":1748354352037,"remoteIdentityKey":"BRILSikSYZlhIGCaeXKK2F/05Ii+qFEPcLPt05Ivo5tj"},"_chains":{"BQNIG9i0+MM2PcxZ/dN/BtbPiRwuAIKbIg2e6ZZjd/Nf":{"chainKey":{"counter":0,"key":"x8f6Q3zXcy3KqLAQhgztoCFsnZIU+XivnMBGliefDG8="},"chainType":1,"messageKeys":{}}},"pendingPreKey":{"signedKeyId":5,"baseKey":"BSqxdFd+Lp/0ydtwzafxfZUFC8LOjMH8MJ9uwzJALd0d","preKeyId":13049604}}},"version":"v1"}