{"_sessions":{"BeKvfT4iNTJWfyGEYCisi+PovUYGVWpj28Quv0pdH6xj":{"registrationId":303953618,"currentRatchet":{"ephemeralKeyPair":{"pubKey":"BSnHQmD3x5P7fBoX2Yvo9li8UEtAdH+SECnSVD1jNPlE","privKey":"uElsepNdBgDtAGaGdpdFaEWbE4go4scoku8fraug1GA="},"lastRemoteEphemeralKey":"BYq6RhBCosWORhLa8ET9llh+ThDLFd9tpGutqVd9CUc8","previousCounter":0,"rootKey":"xHkQs6/oW9m/2h7yJahZnL7MnUmcI6v0xhmJaE+2pNY="},"indexInfo":{"baseKey":"BeKvfT4iNTJWfyGEYCisi+PovUYGVWpj28Quv0pdH6xj","baseKeyType":1,"closed":-1,"used":1748354358439,"created":1748354358439,"remoteIdentityKey":"BaF87Imt6kQCHlltUKYyusDSnufbTiDsyxUA99D5zkEz"},"_chains":{"BSnHQmD3x5P7fBoX2Yvo9li8UEtAdH+SECnSVD1jNPlE":{"chainKey":{"counter":0,"key":"jtMGz2tSlHpy7o1lVGTKUyX8qs8V5vjp+D945TfCguw="},"chainType":1,"messageKeys":{}}},"pendingPreKey":{"signedKeyId":0,"baseKey":"BeKvfT4iNTJWfyGEYCisi+PovUYGVWpj28Quv0pdH6xj","preKeyId":9849263}}},"version":"v1"}