{"_sessions":{"BcX5+5dlVbOkfoO9xJ4k3B2FVOwXTZ3xi8zGdhZ9/6Jj":{"registrationId":1085678207,"currentRatchet":{"ephemeralKeyPair":{"pubKey":"BRM5POXCzad9ly48S11tk8bNvaM0m/w0VQEa4cD81MIv","privKey":"8Kd8Qaol8WALfJKXI6/cmFvw1o66yySAevhcnAY3hVU="},"lastRemoteEphemeralKey":"BRUXROLO41wA1OUI8hQENgcWU9ALq8Kt8vDdHjDXsiNf","previousCounter":0,"rootKey":"caO9UOjAFqZtSrJXueLDy032KqBMVeGUGJX4fwBRrh0="},"indexInfo":{"baseKey":"BcX5+5dlVbOkfoO9xJ4k3B2FVOwXTZ3xi8zGdhZ9/6Jj","baseKeyType":1,"closed":-1,"used":1748354355845,"created":1748354355845,"remoteIdentityKey":"BT4QxN/VmnTyNygDdQon5FAiCkDUyVkOE3uhnagQbPYp"},"_chains":{"BRM5POXCzad9ly48S11tk8bNvaM0m/w0VQEa4cD81MIv":{"chainKey":{"counter":0,"key":"sgDu4misKQ3zmUXKt7bJ+o0T9/OchKlCPH2RJ/rUK3g="},"chainType":1,"messageKeys":{}}},"pendingPreKey":{"signedKeyId":0,"baseKey":"BcX5+5dlVbOkfoO9xJ4k3B2FVOwXTZ3xi8zGdhZ9/6Jj","preKeyId":6399588}}},"version":"v1"}