{"_sessions":{"BUcc3bWbFZSbdbIorVZ7vIogmV5tMy4s4Xl7s5c0d/xt":{"registrationId":654496371,"currentRatchet":{"ephemeralKeyPair":{"pubKey":"BUBynjqQrfvyJngiJRW9CwMv+vY89sgWbqfJ/JyMC7Fk","privKey":"QADnFtDT0KlBZszw0eGwJF7Mr61Bgw2zXSN54wgJV3M="},"lastRemoteEphemeralKey":"Ba5vZzcr8yjoJ8SQSgz2L3M2dkJ2WXWk5jD/WHUidz9W","previousCounter":1,"rootKey":"kADYcLrHETX2zB0DHQEoJXdA5pDHd7R43LrAT4+9Ovs="},"indexInfo":{"baseKey":"BUcc3bWbFZSbdbIorVZ7vIogmV5tMy4s4Xl7s5c0d/xt","baseKeyType":2,"closed":1748353610741,"used":1748351557605,"created":1748348737531,"remoteIdentityKey":"BTXIIQDROR/DuKZ3Iu1b+D4icV+iFOv2Df+rdOIvHBp7"},"_chains":{"BQU2dHMBKOakNj4z/vQp2YBmz7dhlYU1J2x31AiKYkA6":{"chainKey":{"counter":0},"chainType":2,"messageKeys":{}},"Ba5vZzcr8yjoJ8SQSgz2L3M2dkJ2WXWk5jD/WHUidz9W":{"chainKey":{"counter":4,"key":"vIlVQnUvn/qof1Z4DpbSa3+AVim7tVLSD4r5Hb+sf80="},"chainType":2,"messageKeys":{}},"BUBynjqQrfvyJngiJRW9CwMv+vY89sgWbqfJ/JyMC7Fk":{"chainKey":{"counter":-1,"key":"pogUOIkDLFW0nX1WQe84fKfP0OfoUZuaSyZSNuVHn+w="},"chainType":1,"messageKeys":{}}}},"BUpw5+3yVPyC4o1mrMVacDVfX2ZKQH+/abiafPdhucli":{"registrationId":654496371,"currentRatchet":{"ephemeralKeyPair":{"pubKey":"BaX9txEby54ABzquA9vPBUbL70oWmiFEYHxuToaY/WQv","privKey":"+PqMY+vO8oeyrDNam4J0pSQJVZVs5grg3HdrGM0gkEM="},"lastRemoteEphemeralKey":"Bdu3fOgjg/DF44/DA2d+RIfH7vEDnG90tRtGi3fY8yYK","previousCounter":0,"rootKey":"SJmKio/92zLefwkvbcBBp6p/jysG4y/jressfiS7PDE="},"indexInfo":{"baseKey":"BUpw5+3yVPyC4o1mrMVacDVfX2ZKQH+/abiafPdhucli","baseKeyType":2,"closed":-1,"used":1748353610772,"created":1748353610772,"remoteIdentityKey":"BTXIIQDROR/DuKZ3Iu1b+D4icV+iFOv2Df+rdOIvHBp7"},"_chains":{"Bdu3fOgjg/DF44/DA2d+RIfH7vEDnG90tRtGi3fY8yYK":{"chainKey":{"counter":1,"key":"M1EFwgejMmFAVj/++ayutDz9BtZA1GGCAx0khNk9YmE="},"chainType":2,"messageKeys":{}},"BaX9txEby54ABzquA9vPBUbL70oWmiFEYHxuToaY/WQv":{"chainKey":{"counter":-1,"key":"+g6slUYKHEBUITLGfh0mRVXu6w5IwhfupaqCVGi+CYA="},"chainType":1,"messageKeys":{}}}}},"version":"v1"}