{"_sessions":{"BfGOF7EUz7IEc7oxZGlByEfP9mZAZOXQT1XvgVJvXGIx":{"registrationId":427154310,"currentRatchet":{"ephemeralKeyPair":{"pubKey":"BcFID9S8MpdiD/9iL1obX66JM3CdY2H0UNBVktURhS1q","privKey":"yJWPG/j9b+bkiOKHb5LnCIMpF3RpSls6HVb4NeSUjnk="},"lastRemoteEphemeralKey":"BVOORh/YwErasa408t3yY8NK95VbtvgnkmPsrFdvQbFS","previousCounter":0,"rootKey":"1uKv1hhV8H+BG4cZPaU6Z0carlwDLLopvi5FX5ibbks="},"indexInfo":{"baseKey":"BfGOF7EUz7IEc7oxZGlByEfP9mZAZOXQT1XvgVJvXGIx","baseKeyType":1,"closed":-1,"used":1748354360646,"created":1748354360646,"remoteIdentityKey":"BTGDCLYB4PoFyexFz3a8dp/VL5rVsz4vRzVW5A3AxhZe"},"_chains":{"BcFID9S8MpdiD/9iL1obX66JM3CdY2H0UNBVktURhS1q":{"chainKey":{"counter":0,"key":"jRptzQLcO6pjeKoSxdEs9Ak+mCQiSNZLbebyJ53u0Tc="},"chainType":1,"messageKeys":{}}},"pendingPreKey":{"signedKeyId":1,"baseKey":"BfGOF7EUz7IEc7oxZGlByEfP9mZAZOXQT1XvgVJvXGIx","preKeyId":2128388}}},"version":"v1"}