{"_sessions":{"BUCsB6jXfUJ7+wRScAPinIPvb4GedCXCCpwOqqhRwNZQ":{"registrationId":793533848,"currentRatchet":{"ephemeralKeyPair":{"pubKey":"BfDS9Zt4ASd3C8qA9r3bS/pyqxvZWY8Hbn6+kHXzKpVR","privKey":"UH0Rxc0msf1BYT7v7MkgpQi09Up+OIVKiXMyBvUWa3Q="},"lastRemoteEphemeralKey":"BVnULkAL0g4QP0jF1Lw3tEl7eJKA8rfgr5Lq12ARQeAi","previousCounter":0,"rootKey":"cPQusJlRmNbpV7R83nSKnaJ7HEQMZtSi2FCuQGwzIMA="},"indexInfo":{"baseKey":"BUCsB6jXfUJ7+wRScAPinIPvb4GedCXCCpwOqqhRwNZQ","baseKeyType":1,"closed":-1,"used":1748354351166,"created":1748354351166,"remoteIdentityKey":"BRsByEIy1KOYCPbeLMqYDY2RhCcQlhSM1iv7Gmhch3Ah"},"_chains":{"BfDS9Zt4ASd3C8qA9r3bS/pyqxvZWY8Hbn6+kHXzKpVR":{"chainKey":{"counter":0,"key":"hEs8YW9WA2Ur/gbef9NSQ5SofPtXtrYpQ6UUf41c6Q8="},"chainType":1,"messageKeys":{}}},"pendingPreKey":{"signedKeyId":4,"baseKey":"BUCsB6jXfUJ7+wRScAPinIPvb4GedCXCCpwOqqhRwNZQ","preKeyId":10171510}}},"version":"v1"}