{"_sessions":{"BerndqH2A53UNwLV58ZZr2CCPpPzpxAAt9P3icwsw9Mb":{"registrationId":585421177,"currentRatchet":{"ephemeralKeyPair":{"pubKey":"BS3DsCcx6rABtoqP5a8rJd6RRX4uZKPnwJSEnsgQXQEj","privKey":"8CJOJq+zb/IwpVZOV/Y8M1iaLxk0brdSilg/eQ3WK1U="},"lastRemoteEphemeralKey":"Bc2OlJ0hYr1ydkyltW9BHbZ5C5dRMiWf4C3oYauIdI0T","previousCounter":0,"rootKey":"2vEz5IOZBCPu2Pvt7WdVEgpwP69tAUJFJLgr3zAZD3c="},"indexInfo":{"baseKey":"BerndqH2A53UNwLV58ZZr2CCPpPzpxAAt9P3icwsw9Mb","baseKeyType":1,"closed":-1,"used":1748354348624,"created":1748354348624,"remoteIdentityKey":"BYfiYBUYLt6WpmwjT7GUl2i7vH4ShECG/7PCtUImJucX"},"_chains":{"BS3DsCcx6rABtoqP5a8rJd6RRX4uZKPnwJSEnsgQXQEj":{"chainKey":{"counter":0,"key":"34p06IL7h8NbYQTwWzgvRDO5MJ3VtJE1kh/YSoo4edU="},"chainType":1,"messageKeys":{}}},"pendingPreKey":{"signedKeyId":3,"baseKey":"BerndqH2A53UNwLV58ZZr2CCPpPzpxAAt9P3icwsw9Mb","preKeyId":13096760}}},"version":"v1"}