{"_sessions":{"BQT507caWUynrhk5x6lZxj2PqMRJGZZdUm9Cs4fiWJt1":{"registrationId":1023293461,"currentRatchet":{"ephemeralKeyPair":{"pubKey":"BVbVgoxQTKBMQ3iZk4tmie4TxxOgDSdYmP9+Qk7mr8AH","privKey":"cGFJaZNxCcqb+OcSC6U4bYg8GmjfJVyW/Rz1LDuF0Ww="},"lastRemoteEphemeralKey":"BYeMXlnCtBrlnEMvCftdAZaCC6MBHOGBYXW0Iy4R5BQh","previousCounter":0,"rootKey":"bk/CfcHkNetE3FkL71SMLoT+WfnRYEyv8RcxVTCjyQ0="},"indexInfo":{"baseKey":"BQT507caWUynrhk5x6lZxj2PqMRJGZZdUm9Cs4fiWJt1","baseKeyType":1,"closed":-1,"used":1748354354729,"created":1748354354729,"remoteIdentityKey":"BXHmp5e4puwO2kGIGI9y/sZfWwEFBoLIaLyQ7wxbEKVG"},"_chains":{"BVbVgoxQTKBMQ3iZk4tmie4TxxOgDSdYmP9+Qk7mr8AH":{"chainKey":{"counter":0,"key":"K+ZSj5eSYKVLu13btsK3TasyOQtkH4DOrlQ+K8DXtzQ="},"chainType":1,"messageKeys":{}}},"pendingPreKey":{"signedKeyId":27,"baseKey":"BQT507caWUynrhk5x6lZxj2PqMRJGZZdUm9Cs4fiWJt1","preKeyId":5998140}}},"version":"v1"}