{"_sessions":{"BXlest7RLjy84YDzdSYQieny7sIM4+KQZdFWK2ADVsEB":{"registrationId":791504529,"currentRatchet":{"ephemeralKeyPair":{"pubKey":"BXCNbagJoIHX/ynWxxuNzwbB5q08cLywhmcbV89E4kU6","privKey":"eGILf4y27AU+5eyy5UQKF3cSFzXlz205FdvxVBSbCn8="},"lastRemoteEphemeralKey":"BdJwwwDNX0rip8OfodV8FcBVvP2ZAoBuYvO/4SIWFu9d","previousCounter":0,"rootKey":"I897rvd4lcBmPfpBbyAn9n8nkl0pUia/kdqWVvlZq8k="},"indexInfo":{"baseKey":"BXlest7RLjy84YDzdSYQieny7sIM4+KQZdFWK2ADVsEB","baseKeyType":1,"closed":-1,"used":1748354351767,"created":1748354351767,"remoteIdentityKey":"BRwuuqZVk9CKz5yb1lY1+Ne63xnIbab0aQs+IGuqK1tA"},"_chains":{"BXCNbagJoIHX/ynWxxuNzwbB5q08cLywhmcbV89E4kU6":{"chainKey":{"counter":0,"key":"np6EY+MFY/5ISSnO8l68wFLtCmyrayxLy1hbqa194pM="},"chainType":1,"messageKeys":{}}},"pendingPreKey":{"signedKeyId":3,"baseKey":"BXlest7RLjy84YDzdSYQieny7sIM4+KQZdFWK2ADVsEB","preKeyId":6698826}}},"version":"v1"}