{"_sessions":{"BQ5Srn8DaAkPJpPfTvIHs5lZjQCcTzsiRTWULQG/yFhe":{"registrationId":450742968,"currentRatchet":{"ephemeralKeyPair":{"pubKey":"BTS/Mmvn2MK7KLH+8C92tiVkn0gksqajbWHAwX6C5lRl","privKey":"oKiA22mBw9qt8DXQlorNWHekmlLjWp4Qthkyoy9ZBFc="},"lastRemoteEphemeralKey":"BcpLOwySu3NqZ7tke/N8uGVtUJprKad/PRCsV1CxK7tq","previousCounter":0,"rootKey":"ZKQN9fMEnTJkwBU9ZbLlMEJebdI14mEsTAvgsa/SixU="},"indexInfo":{"baseKey":"BQ5Srn8DaAkPJpPfTvIHs5lZjQCcTzsiRTWULQG/yFhe","baseKeyType":1,"closed":-1,"used":1748354348309,"created":1748354348309,"remoteIdentityKey":"BUAvLFG4Fvc1a58LoSfWbjs6eqbLamTpiDKVm/uIPE4s"},"_chains":{"BTS/Mmvn2MK7KLH+8C92tiVkn0gksqajbWHAwX6C5lRl":{"chainKey":{"counter":0,"key":"N/RxWvnSShwii7elFW0PNXPUgkLvU4fmaE2Ru1ZWKP8="},"chainType":1,"messageKeys":{}}},"pendingPreKey":{"signedKeyId":0,"baseKey":"BQ5Srn8DaAkPJpPfTvIHs5lZjQCcTzsiRTWULQG/yFhe","preKeyId":8921480}}},"version":"v1"}