{"_sessions":{"BXitTYUm+U9SKuPZ+7O2aErl6blzVgjb0XtrGlzvg1Fy":{"registrationId":1868168951,"currentRatchet":{"ephemeralKeyPair":{"pubKey":"BWgHKwBfK/vNhE1iydmF/SLEKbyUAOdD2tVKrJ5N/xJX","privKey":"OGL2F54pbRSjh5yi/W0+8+yTEfaL5bsy8ZkdNjlZ9mQ="},"lastRemoteEphemeralKey":"BcjHlD9qymnsGk6H4Zlc7LMR4t9DCxBzUsPqZXe5brlv","previousCounter":0,"rootKey":"qEe8Y+LrJx8dtpKq+EUBWWciD7Ms2aesLQVJI05gtQU="},"indexInfo":{"baseKey":"BXitTYUm+U9SKuPZ+7O2aErl6blzVgjb0XtrGlzvg1Fy","baseKeyType":1,"closed":-1,"used":1748354347967,"created":1748354347967,"remoteIdentityKey":"BUsnmIy0g51lMqYgwdDgcKLRJi/vTjlJ8+OxnV0m0dJX"},"_chains":{"BWgHKwBfK/vNhE1iydmF/SLEKbyUAOdD2tVKrJ5N/xJX":{"chainKey":{"counter":0,"key":"uZE3OgMeKMmZ/A/eQwcGlNDvJiaSVY5f52wegsjWv88="},"chainType":1,"messageKeys":{}}},"pendingPreKey":{"signedKeyId":15909533,"baseKey":"BXitTYUm+U9SKuPZ+7O2aErl6blzVgjb0XtrGlzvg1Fy","preKeyId":11665}}},"version":"v1"}