{"_sessions":{"Bbk01IVCAnhS0n7gUsQ0AO63IJrkNtZd+o5aMZF73HUz":{"registrationId":1837802628,"currentRatchet":{"ephemeralKeyPair":{"pubKey":"BZFa+yRQ+nLp/GugNeWtHQrFQw4DcwAmikr3LaTpvHFI","privKey":"2PQQyPSewT9m6WFuESPL6xvczD0sdpy1/XwJaUHCtmo="},"lastRemoteEphemeralKey":"BRdQYJ5u90+Lpw5Y/ilTAS3nzh7/OJY4FUDdh+0QEdN5","previousCounter":0,"rootKey":"zYAg+FwZBZqsir4kk2BIcUhWTeI2KFMau8/MBlpH3GI="},"indexInfo":{"baseKey":"Bbk01IVCAnhS0n7gUsQ0AO63IJrkNtZd+o5aMZF73HUz","baseKeyType":1,"closed":-1,"used":1748354351829,"created":1748354351829,"remoteIdentityKey":"BXpfcV5+d9J88gwa0wbNCNaHEvCgjNLJAlqYebE0hNd1"},"_chains":{"BZFa+yRQ+nLp/GugNeWtHQrFQw4DcwAmikr3LaTpvHFI":{"chainKey":{"counter":0,"key":"0GGN9WP9L1MH2Ht3lUJOI18LkwtHs0MKsFTJjpivlqg="},"chainType":1,"messageKeys":{}}},"pendingPreKey":{"signedKeyId":19,"baseKey":"Bbk01IVCAnhS0n7gUsQ0AO63IJrkNtZd+o5aMZF73HUz","preKeyId":9196851}}},"version":"v1"}