{"_sessions":{"BZxmj+7jnX5hMYjAVL6eK0Owk6ggi/BDQylpytmrF4ca":{"registrationId":1501374993,"currentRatchet":{"ephemeralKeyPair":{"pubKey":"BfeDKcDQIdEyr0EK2hHJZ4jhug6Z5OVdZvx/AzDYbrsn","privKey":"EAq0rMeHh3G0J2cP81pNH/nVQcMcB5oiE4oVQtHFGWQ="},"lastRemoteEphemeralKey":"BV9EwPY/WD44LskBHnW1cIx/J8fVZsaGKyNWrZHACkYE","previousCounter":0,"rootKey":"uO4uddXQobPdDav+xAQFRpHp/iC0SJMqRQ6U8kz6hIU="},"indexInfo":{"baseKey":"BZxmj+7jnX5hMYjAVL6eK0Owk6ggi/BDQylpytmrF4ca","baseKeyType":1,"closed":-1,"used":1748354355678,"created":1748354355678,"remoteIdentityKey":"BSdBKBmJdEhhufjNhKKExOUrFb37NAK4GZr/mqV9HCsc"},"_chains":{"BfeDKcDQIdEyr0EK2hHJZ4jhug6Z5OVdZvx/AzDYbrsn":{"chainKey":{"counter":0,"key":"PnsuWDhC8WYREGaV33nqfK06bJdSe44bq87phFcLrD4="},"chainType":1,"messageKeys":{}}},"pendingPreKey":{"signedKeyId":5279200,"baseKey":"BZxmj+7jnX5hMYjAVL6eK0Owk6ggi/BDQylpytmrF4ca","preKeyId":7724}}},"version":"v1"}