{"_sessions":{"BRmM9bJndOPsFbhdRmv3zHH73ZVOZlOIPUJ13GW3XDo5":{"registrationId":789902848,"currentRatchet":{"ephemeralKeyPair":{"pubKey":"BeV817FZnIHlPXZgeIFp5D6DR6cWn/Lx2YsE2Ay5vjQN","privKey":"0FVXhT5uW9Orw3JJfWT9VQTfG0UvywA42++ALvYkhUo="},"lastRemoteEphemeralKey":"BagwTgOjHfORRLbFTaDdPNXULF7VokHEkwb/hupbkTIH","previousCounter":0,"rootKey":"7xvdQhYUzw4WHQhJjT3PpYPnii5uH+EkogIGLjfAnt0="},"indexInfo":{"baseKey":"BRmM9bJndOPsFbhdRmv3zHH73ZVOZlOIPUJ13GW3XDo5","baseKeyType":1,"closed":-1,"used":1748354347616,"created":1748354347616,"remoteIdentityKey":"BSk3+4z9+Pqtb2opRTBqdOYJjtfzYPqxO9Wn2hmV8Ao8"},"_chains":{"BeV817FZnIHlPXZgeIFp5D6DR6cWn/Lx2YsE2Ay5vjQN":{"chainKey":{"counter":0,"key":"LNufukbv7b++l+J+wvnOBFOtYXvseRRuVkVTs8L1Iek="},"chainType":1,"messageKeys":{}}},"pendingPreKey":{"signedKeyId":2,"baseKey":"BRmM9bJndOPsFbhdRmv3zHH73ZVOZlOIPUJ13GW3XDo5","preKeyId":8462}}},"version":"v1"}