{"_sessions":{"BRNEVMKVainrHZKJDnQyJWgdaANeLm/SAIoHRwWPLtMZ":{"registrationId":1378637003,"currentRatchet":{"ephemeralKeyPair":{"pubKey":"BdVqbgNNunXup2LXaWPTtvqpqsvnByfOtT4w/SJ7eFgA","privKey":"oFtUqitDbht7Y/t+a8b7c7B9mkfmEs68TvU33f4p4W8="},"lastRemoteEphemeralKey":"BZQ0sJjH+kDKXuqiu9D3XNxF7EXyyL9Rrk0F6axCxJVr","previousCounter":0,"rootKey":"sHddxD5S+Yot0e2jQIPasglW3MXFYErPXUwDvie6wRg="},"indexInfo":{"baseKey":"BRNEVMKVainrHZKJDnQyJWgdaANeLm/SAIoHRwWPLtMZ","baseKeyType":1,"closed":-1,"used":1748354359094,"created":1748354359094,"remoteIdentityKey":"BWdMnfsoFhnc6FfSrH0O/WzteQHlajvFCTwS4Ku7BNgw"},"_chains":{"BdVqbgNNunXup2LXaWPTtvqpqsvnByfOtT4w/SJ7eFgA":{"chainKey":{"counter":0,"key":"5BxWOOL/ZVrSbwU+FiSmHHqgBaaKi1XHAxdeGqhQ63g="},"chainType":1,"messageKeys":{}}},"pendingPreKey":{"signedKeyId":7,"baseKey":"BRNEVMKVainrHZKJDnQyJWgdaANeLm/SAIoHRwWPLtMZ","preKeyId":15520005}}},"version":"v1"}