{"_sessions":{"BXQNOWhhKJ7/ozCUJiNtETgBoRTOJalbkjwtmOPAjJJP":{"registrationId":1542312564,"currentRatchet":{"ephemeralKeyPair":{"pubKey":"BTnkId86R2lJjW3svRrNc/csyw3vicbaJ3yEh3j8XlhW","privKey":"eAOApGt+u1LsYyoTgGgtP4SpBLguGezabs1JP+ggJnc="},"lastRemoteEphemeralKey":"BTHytThOTJtpNvgaLR59D3C5rfs1jW3f/XC14bB7tWFb","previousCounter":0,"rootKey":"cHq0jUacK/TWBjkHwKdkTSQnuJwJRdrR/yooGIQZw1M="},"indexInfo":{"baseKey":"BXQNOWhhKJ7/ozCUJiNtETgBoRTOJalbkjwtmOPAjJJP","baseKeyType":1,"closed":-1,"used":1748354359026,"created":1748354359026,"remoteIdentityKey":"BQAo0vW8f6RpC1iepcjgyb8fOxtMw3jN7LqhD47RV9Ie"},"_chains":{"BTnkId86R2lJjW3svRrNc/csyw3vicbaJ3yEh3j8XlhW":{"chainKey":{"counter":0,"key":"JIg7yJCTRDo2kiAPO3oU7MQncgLgrKxBVxqjVuVHgNA="},"chainType":1,"messageKeys":{}}},"pendingPreKey":{"signedKeyId":7,"baseKey":"BXQNOWhhKJ7/ozCUJiNtETgBoRTOJalbkjwtmOPAjJJP","preKeyId":15021585}}},"version":"v1"}