{"_sessions":{"BXufGJQLGXYdjDh9oUUGCa/mCvj7+5/I1XnQ2PY0Vwd+":{"registrationId":1931413023,"currentRatchet":{"ephemeralKeyPair":{"pubKey":"BZkNmjbMTTWsuA1WlvFQL5MuPt4IsAJIsn2LlSIMSzF/","privKey":"eNXVazzmSWFNkD6wTBkbUA0s/VEK2uF6Bp5ph2sq4GM="},"lastRemoteEphemeralKey":"BcW3ey12+8ZXt4fXf3nbNSHxzIg5vcWOvYEGODTJVxpy","previousCounter":0,"rootKey":"XAdPtAy8qjtl5wb75F/tRxLgRFZ0/WH6HZE/x0H7c4w="},"indexInfo":{"baseKey":"BXufGJQLGXYdjDh9oUUGCa/mCvj7+5/I1XnQ2PY0Vwd+","baseKeyType":1,"closed":-1,"used":1748354360727,"created":1748354360727,"remoteIdentityKey":"BfcZ9QRmWZ21Bhrqe4kWjN9ANSqplgK3zi/44FVf8Xhh"},"_chains":{"BZkNmjbMTTWsuA1WlvFQL5MuPt4IsAJIsn2LlSIMSzF/":{"chainKey":{"counter":0,"key":"L+U8Xyg6idPnOB/lMjTO3zUyUN/d/sk2+ZGtrAnwtUA="},"chainType":1,"messageKeys":{}}},"pendingPreKey":{"signedKeyId":1,"baseKey":"BXufGJQLGXYdjDh9oUUGCa/mCvj7+5/I1XnQ2PY0Vwd+","preKeyId":13193294}}},"version":"v1"}