{"_sessions":{"Be9T9KN/1X9Q9oXPLkzE+JShtaPHCXQA7e1GwrWnOeIk":{"registrationId":591708061,"currentRatchet":{"ephemeralKeyPair":{"pubKey":"BTlBp/Qf/XJOrgmXZtxr67XbKFNwk11rgdI6eadUv5AI","privKey":"ICC9NU2D+mK3jfEe1AVcdDkZljloffm78bQ43WtMaVg="},"lastRemoteEphemeralKey":"BTBvb/4QnnM7kojkIm8QmpPSsNOC/qtDTao7dhjHu644","previousCounter":0,"rootKey":"f0L9HCNuMo6MAzwHwWKsWPwdf4X8BWJk+6j9rB3XcqQ="},"indexInfo":{"baseKey":"Be9T9KN/1X9Q9oXPLkzE+JShtaPHCXQA7e1GwrWnOeIk","baseKeyType":1,"closed":-1,"used":1748354351116,"created":1748354351116,"remoteIdentityKey":"BSvJEJ7hPi806i+MRnefMyFTYsl5Exvqoas7CWMirsYL"},"_chains":{"BTlBp/Qf/XJOrgmXZtxr67XbKFNwk11rgdI6eadUv5AI":{"chainKey":{"counter":0,"key":"codEb/L7GhEdrVQs1o7XRFZmT5mjuUlf8Yvr6pSmmOM="},"chainType":1,"messageKeys":{}}},"pendingPreKey":{"signedKeyId":4,"baseKey":"Be9T9KN/1X9Q9oXPLkzE+JShtaPHCXQA7e1GwrWnOeIk","preKeyId":2718174}}},"version":"v1"}