{"_sessions":{"BfRPJiR/W3TJTqoE0DcT35IPv2Se1BzE1AHgc6htFkl7":{"registrationId":1399721679,"currentRatchet":{"ephemeralKeyPair":{"pubKey":"BRbGw/x3R4DmW5EXkaQ0BuYSMftj48ednQTDBxnBtiNc","privKey":"cJ5yysS5IQ8/s/i56sqPLNaHQSwPF/Rd5nW/aVLVeUs="},"lastRemoteEphemeralKey":"BaipUKiBZE7lx7OvKtNWnD5zFjSgkpjyKAWD9b3LsBNv","previousCounter":0,"rootKey":"tEKSL++qOl/maCB3iaB38G51lT1mGDQsMRtjfShFRvc="},"indexInfo":{"baseKey":"BfRPJiR/W3TJTqoE0DcT35IPv2Se1BzE1AHgc6htFkl7","baseKeyType":1,"closed":-1,"used":1748354347933,"created":1748354347933,"remoteIdentityKey":"BchJs7/TnMPbjBnO3gsOMwg1Bw0b4wI/ojvHPF5S7Ngq"},"_chains":{"BRbGw/x3R4DmW5EXkaQ0BuYSMftj48ednQTDBxnBtiNc":{"chainKey":{"counter":0,"key":"6FRLiKieK0rhgEizJnifn/uEU/EUU/ZL63yx+yedB/o="},"chainType":1,"messageKeys":{}}},"pendingPreKey":{"signedKeyId":13084663,"baseKey":"BfRPJiR/W3TJTqoE0DcT35IPv2Se1BzE1AHgc6htFkl7","preKeyId":7760}}},"version":"v1"}