{"_sessions":{"Baf8VymBxphUGTt7TDEqoBb6dQ3zgDg27CjSkPpLMXg0":{"registrationId":1677703324,"currentRatchet":{"ephemeralKeyPair":{"pubKey":"BaINJrLH0aEAwAoWUlhz2xIFBrqhAwXHwUWGd4+vBDFK","privKey":"0MHPheeYItwEQy+0vnTW5D95erroktNpGbbQGMjONGM="},"lastRemoteEphemeralKey":"BY1raRHreYqw4JDKA0UkZZ9S6/nfHBUnMuTYVd8rk6hQ","previousCounter":0,"rootKey":"jHUvLcVjszQqO+2Oln6zm/BB6PjTLq2oRWrXm6lQWmE="},"indexInfo":{"baseKey":"Baf8VymBxphUGTt7TDEqoBb6dQ3zgDg27CjSkPpLMXg0","baseKeyType":1,"closed":-1,"used":1748354358559,"created":1748354358559,"remoteIdentityKey":"BStiWt/Gny7EqXU4c9zBMK9WuGbUv/GxZQUyz/d0gzVY"},"_chains":{"BaINJrLH0aEAwAoWUlhz2xIFBrqhAwXHwUWGd4+vBDFK":{"chainKey":{"counter":0,"key":"LC0OFQp9n/4NfUesjqyzaN5UO7fNmMhbQqhaULd4Bns="},"chainType":1,"messageKeys":{}}},"pendingPreKey":{"signedKeyId":1,"baseKey":"Baf8VymBxphUGTt7TDEqoBb6dQ3zgDg27CjSkPpLMXg0","preKeyId":5773492}}},"version":"v1"}