{"_sessions":{"BVKT22rMHi0laHN7Zv4dA0SevpQYiziwreohIRkOpd9Y":{"registrationId":2086143493,"currentRatchet":{"ephemeralKeyPair":{"pubKey":"BTNV3GK6X/3R1hhXWGbBXpczPclAFnNj+4xIsirMCFt/","privKey":"wD2/XbXkyx/p72tQmWmhGvihd3EnMOx4E9egvmi4fEg="},"lastRemoteEphemeralKey":"BaBKspQo0EAh6URHziZCWINFJyQ4wMjhgvje6jEppzE2","previousCounter":0,"rootKey":"+QTZLd+iLJRQxuQT2KFYY23xFD/28qR1WAX2sLYsn1M="},"indexInfo":{"baseKey":"BVKT22rMHi0laHN7Zv4dA0SevpQYiziwreohIRkOpd9Y","baseKeyType":1,"closed":-1,"used":1748354355744,"created":1748354355744,"remoteIdentityKey":"BQueU1/KG6E5ZCAQwJM/x3Zd5wHxssJuGM3OGaUxqu5u"},"_chains":{"BTNV3GK6X/3R1hhXWGbBXpczPclAFnNj+4xIsirMCFt/":{"chainKey":{"counter":0,"key":"6x4ogDvhx1wtYDq/Kj1JxB7OC6UlAuBtSpE344eUPF8="},"chainType":1,"messageKeys":{}}},"pendingPreKey":{"signedKeyId":0,"baseKey":"BVKT22rMHi0laHN7Zv4dA0SevpQYiziwreohIRkOpd9Y","preKeyId":14701653}}},"version":"v1"}