{"_sessions":{"BWIPHnw9wPg+FGTER6HHDVVQwLP8M43CcEvLKB/jTrA4":{"registrationId":1144735587,"currentRatchet":{"ephemeralKeyPair":{"pubKey":"BV+TvcQtAJ1508rI8T321ds5oZrRmR8aKMa0IkRd25x6","privKey":"QAjwUmxbJfwf7TFSYgU++hVMSZtmRjt9RVvJgSaC9lk="},"lastRemoteEphemeralKey":"BRbmNf7gL00JWJNcFVJvzPcKkAdig69FuBWbxuwvr+If","previousCounter":0,"rootKey":"Scxkyd4HjEqvEudvPVQkVWwmf56n9UioexaaxYdmh5Y="},"indexInfo":{"baseKey":"BWIPHnw9wPg+FGTER6HHDVVQwLP8M43CcEvLKB/jTrA4","baseKeyType":2,"closed":-1,"used":1748365755364,"created":1748365755364,"remoteIdentityKey":"BVOZzLcz9W4g/ROf2mamXpPLUvYC9P7gOQFvojuZBh1/"},"_chains":{"BRbmNf7gL00JWJNcFVJvzPcKkAdig69FuBWbxuwvr+If":{"chainKey":{"counter":2,"key":"gtKY0odJihW+RywSc2cCumciuhFGWPhq3kX5CWi2j68="},"chainType":2,"messageKeys":{}},"BV+TvcQtAJ1508rI8T321ds5oZrRmR8aKMa0IkRd25x6":{"chainKey":{"counter":-1,"key":"WTIbnqTn7I9KAbRakrjl2h6/nAuLJJ3WwR/i3/OVptY="},"chainType":1,"messageKeys":{}}}}},"version":"v1"}