{"_sessions":{"BUWADbY+Ec4VpxkeRSAZ4v9tT2JTG0qjwkFigmt2F+ol":{"registrationId":1163558616,"currentRatchet":{"ephemeralKeyPair":{"pubKey":"BbepYH8jw/0mG6a1r/KcK1VGDP7hDorLK4VF0/c6a0oa","privKey":"yBT5V4bBAq+RxZEo3myB1l3y6dkziRyi1IwabYWY32g="},"lastRemoteEphemeralKey":"BePKXZoX8hwXICpZby5QKR6qdi5YoC2FLfdh+/BEBjoz","previousCounter":0,"rootKey":"lcuufwkZcV4TQp1FYyjNKPYOqW1M6tWNdS5NnoPwIJE="},"indexInfo":{"baseKey":"BUWADbY+Ec4VpxkeRSAZ4v9tT2JTG0qjwkFigmt2F+ol","baseKeyType":2,"closed":-1,"used":1748355346230,"created":1748348673957,"remoteIdentityKey":"BZmB2AyABeWi4hvZKfoKzxlAntRF160sTzXE+9MfIbho"},"_chains":{"BcBKgzD+z3pUfLOODrZx99ckv44rYbuiDbSzocFCRDME":{"chainKey":{"counter":6},"chainType":2,"messageKeys":{}},"BZADWr1rflN1SYaa8pRdIGgREOq3z8uYmbkcpnOYihNj":{"chainKey":{"counter":1},"chainType":2,"messageKeys":{"1":"3Q+TBM0csEYGvkA3605Gmaxno7jZtUQDQw/z8EfmrX0="}},"BTFFpbCMO8N2iGdMxdqrWsO4mwkuFia6MsrLkkuTHYV+":{"chainKey":{"counter":1},"chainType":2,"messageKeys":{"1":"gn+yEQhal19VlJOxOdJ5zrHfblf75FILOvhstxgay3s="}},"BSiDQ6/r48+I3bTKor5KloHen1byxgi4fYjdpTMMMIYk":{"chainKey":{"counter":0},"chainType":2,"messageKeys":{}},"BePKXZoX8hwXICpZby5QKR6qdi5YoC2FLfdh+/BEBjoz":{"chainKey":{"counter":0,"key":"RmTLHmvAXBiUP5kI978goctpcgwFO98FS4SkN5FQ0c8="},"chainType":2,"messageKeys":{}},"BbepYH8jw/0mG6a1r/KcK1VGDP7hDorLK4VF0/c6a0oa":{"chainKey":{"counter":-1,"key":"GeCP+DzQMBLiX5PvBKZYGAD+OL8AKRtCA5BhGOrcarU="},"chainType":1,"messageKeys":{}}}}},"version":"v1"}