{"_sessions":{"BcDX8BGNPp66XLQ3fMsquYbDJb5s93T99MN9JbWBDxV/":{"registrationId":1418346276,"currentRatchet":{"ephemeralKeyPair":{"pubKey":"Bay1fbc1hC1OAM7kaP7GWVZVcbzhXuL/7/LOGIkWIz9B","privKey":"uCx/A4fMT5USqsVmgWzGMbMMCCO2Nj69S9ZGuwmKTV8="},"lastRemoteEphemeralKey":"BcxLjyqDVcOu/t6BbMfHP4mLDKcbR+hfByhePHSnv2RA","previousCounter":0,"rootKey":"/mj/6Q3F2ZS5hO+C/KAWU3l2N9Ky1+1OBHv/UCcLOnQ="},"indexInfo":{"baseKey":"BcDX8BGNPp66XLQ3fMsquYbDJb5s93T99MN9JbWBDxV/","baseKeyType":1,"closed":-1,"used":1748354347487,"created":1748354347487,"remoteIdentityKey":"BWuaSoJ9gBd2zozISMbGA0uvq+hT6EjFfZ+pBu4d635i"},"_chains":{"Bay1fbc1hC1OAM7kaP7GWVZVcbzhXuL/7/LOGIkWIz9B":{"chainKey":{"counter":0,"key":"/j3VrZTzzTCqEqZxl9LsYoDWTwodJKbfetkTGrpn3YM="},"chainType":1,"messageKeys":{}}},"pendingPreKey":{"signedKeyId":47,"baseKey":"BcDX8BGNPp66XLQ3fMsquYbDJb5s93T99MN9JbWBDxV/"}}},"version":"v1"}