{"_sessions":{"BRc4XDfIIH/u6kcaSK5efZJTdsXvVxBI1Isg7bqvUugw":{"registrationId":197793956,"currentRatchet":{"ephemeralKeyPair":{"pubKey":"BThZ0Ae3Pqx7nhTr2/hFrzU8KL4KcMkwLBrgi71MDS5t","privKey":"YOOf1OVTBfidn/5oaP5ywbejh7JOFcoJ8LHSUla/HGA="},"lastRemoteEphemeralKey":"BahUAHu1VxETbCj4YBJYgOSRMsMMWUzwgbV7grfplkwb","previousCounter":0,"rootKey":"tHm+1ymz3DCZD27kmtUNEI/2Mo4bp0j2NP5B1gRH1LY="},"indexInfo":{"baseKey":"BRc4XDfIIH/u6kcaSK5efZJTdsXvVxBI1Isg7bqvUugw","baseKeyType":1,"closed":-1,"used":1748354355244,"created":1748354355244,"remoteIdentityKey":"BZ3rUjIbas7yxcgDhKkIkJH8bkOfZ79TV1HjQjWLlCoU"},"_chains":{"BThZ0Ae3Pqx7nhTr2/hFrzU8KL4KcMkwLBrgi71MDS5t":{"chainKey":{"counter":0,"key":"11zuYjUeT2J0ErH4WynWT3PtGGPoQRhZgkHCmadKht8="},"chainType":1,"messageKeys":{}}},"pendingPreKey":{"signedKeyId":1,"baseKey":"BRc4XDfIIH/u6kcaSK5efZJTdsXvVxBI1Isg7bqvUugw","preKeyId":11288239}}},"version":"v1"}