{"_sessions":{"BZlMeiFx35m8eNdBwom5Eg1Bpwszisszi1RbYwttq6JN":{"registrationId":367338240,"currentRatchet":{"ephemeralKeyPair":{"pubKey":"BU9TQ8oUQlLa9h+5eE8YLsXLaBM07XjWzhw4Z8Epnq49","privKey":"uMsaUticFaBeTFw02r1PbsPSwmHwBVXLTTSFk/+x3kw="},"lastRemoteEphemeralKey":"BV4G6vi4kjjrWG9Vu8dJRrtMZXx2yCeJ28Ccnau1B654","previousCounter":0,"rootKey":"jIXpIqRomcj5CSi7NHwLok3l2iOmXfMF8ZjcnE/PaIU="},"indexInfo":{"baseKey":"BZlMeiFx35m8eNdBwom5Eg1Bpwszisszi1RbYwttq6JN","baseKeyType":1,"closed":-1,"used":1748354360623,"created":1748354360623,"remoteIdentityKey":"BXKF3axUjQFWsNt+ev03mOi/onsYbfAxObjBrVo9WKkq"},"_chains":{"BU9TQ8oUQlLa9h+5eE8YLsXLaBM07XjWzhw4Z8Epnq49":{"chainKey":{"counter":0,"key":"Op43I4ARPz2G+ecWBhXUV5ZtD//dlYNMzW+Y/HkgTBY="},"chainType":1,"messageKeys":{}}},"pendingPreKey":{"signedKeyId":6,"baseKey":"BZlMeiFx35m8eNdBwom5Eg1Bpwszisszi1RbYwttq6JN","preKeyId":12318328}}},"version":"v1"}