{"_sessions":{"BQ2KsZTrtRAVBakTRjrxFFyz80dbqXPNP3rnylU8cqFG":{"registrationId":1682240857,"currentRatchet":{"ephemeralKeyPair":{"pubKey":"BeRRlOupey6Eqlwdyeq6TR2i8zpVqclrn8iyXYv7cQ52","privKey":"6LuSjCrHy4BWc2DRj2bnMHMq+QnivnjCmZKNBAKGx3Y="},"lastRemoteEphemeralKey":"BZ/+ewy1LSksfzjSQzCoBr6aqzoQEGCvAJLTLBETiOJL","previousCounter":0,"rootKey":"AJRTdj/1x1LyGRIhOQ4/2YBP1lspaDxkXvUMYR5MJDc="},"indexInfo":{"baseKey":"BQ2KsZTrtRAVBakTRjrxFFyz80dbqXPNP3rnylU8cqFG","baseKeyType":1,"closed":-1,"used":1748354354866,"created":1748354354866,"remoteIdentityKey":"BXiWanEwZRwfctW8oN5UVQZ88xZqexcomB4wzZWRzD8G"},"_chains":{"BeRRlOupey6Eqlwdyeq6TR2i8zpVqclrn8iyXYv7cQ52":{"chainKey":{"counter":0,"key":"mLZAdNDhq+namp9uRFGleo7AGmGrvuYyCwzEfPsIM78="},"chainType":1,"messageKeys":{}}},"pendingPreKey":{"signedKeyId":1,"baseKey":"BQ2KsZTrtRAVBakTRjrxFFyz80dbqXPNP3rnylU8cqFG","preKeyId":328255}}},"version":"v1"}