{"_sessions":{"Bcus3J8yuVBT1KaYtYpGoBFnCeX3XbGoWLFAEHzsGatT":{"registrationId":1163388082,"currentRatchet":{"ephemeralKeyPair":{"pubKey":"BVLfKFymKiY/w0KaK87HkULQea8FPOjlzDrunNu9aSp1","privKey":"eDyvGr8uigukuw7cZrLEFuR3KdBrm0MLmmmf6bnidFI="},"lastRemoteEphemeralKey":"BXZjMptQeKPmym9GXHRFtzoqOHaF9haGHHlHwLMBID5C","previousCounter":0,"rootKey":"B48070kssjVSIo9ZRpbcWQu2ihUDlVL3E00x1EPlWsY="},"indexInfo":{"baseKey":"Bcus3J8yuVBT1KaYtYpGoBFnCeX3XbGoWLFAEHzsGatT","baseKeyType":1,"closed":1748349410747,"used":1748348748157,"created":1748348748157,"remoteIdentityKey":"BZNhA4uM59uMndswhD475RBlClP06P60RJYFsRoX/m5/"},"_chains":{"BVLfKFymKiY/w0KaK87HkULQea8FPOjlzDrunNu9aSp1":{"chainKey":{"counter":0,"key":"M7b0rhrwY4Vf3N5NrLjGnJvM13U15ccvGWb4Cbwnq7M="},"chainType":1,"messageKeys":{}}},"pendingPreKey":{"signedKeyId":1,"baseKey":"Bcus3J8yuVBT1KaYtYpGoBFnCeX3XbGoWLFAEHzsGatT","preKeyId":4119}},"BYwl4Yq5I8yDCkITYMp3osNfpWcly14b5llAsVyyb5ha":{"registrationId":1163388082,"currentRatchet":{"ephemeralKeyPair":{"pubKey":"BecrlFpQnMQXFd/wAPvAW8pw12mSpi85KxCiHQgMGSRx","privKey":"6IEO2D3f9T8FHUOeCYCFPuKK4zM47LgqdncrimZWI3M="},"lastRemoteEphemeralKey":"BXZjMptQeKPmym9GXHRFtzoqOHaF9haGHHlHwLMBID5C","previousCounter":0,"rootKey":"8JVmUq41b9xGxx6gA1erN2TSO+TkvU/jWnxPWj/fpmo="},"indexInfo":{"baseKey":"BYwl4Yq5I8yDCkITYMp3osNfpWcly14b5llAsVyyb5ha","baseKeyType":1,"closed":1748349412472,"used":1748349410735,"created":1748349410735,"remoteIdentityKey":"BZNhA4uM59uMndswhD475RBlClP06P60RJYFsRoX/m5/"},"_chains":{"BecrlFpQnMQXFd/wAPvAW8pw12mSpi85KxCiHQgMGSRx":{"chainKey":{"counter":-1,"key":"Q+ifTCRBtn6vWeCB1/WJ0QP0Nv4bqe2E8S3xJFVh+w8="},"chainType":1,"messageKeys":{}}},"pendingPreKey":{"signedKeyId":1,"baseKey":"BYwl4Yq5I8yDCkITYMp3osNfpWcly14b5llAsVyyb5ha","preKeyId":4050}},"BfHjafTm68jzObt/nbkIgDMh2p8KvFbz7y3VXm4hpylJ":{"registrationId":1163388082,"currentRatchet":{"ephemeralKeyPair":{"pubKey":"BaDqjKgR/reCgexyYGZdZkxf36V3ZmOmHtXalMrAjyJg","privKey":"CNPvBEAfgMBecAHfAilgBO7iApRHSAr15ok7J7yD1GY="},"lastRemoteEphemeralKey":"BXZjMptQeKPmym9GXHRFtzoqOHaF9haGHHlHwLMBID5C","previousCounter":0,"rootKey":"oNO/eEsSwfX5XCNFJwcaC6MtND39aCcMFbW4oPwT34M="},"indexInfo":{"baseKey":"BfHjafTm68jzObt/nbkIgDMh2p8KvFbz7y3VXm4hpylJ","baseKeyType":1,"closed":-1,"used":1748349412466,"created":1748349412466,"remoteIdentityKey":"BZNhA4uM59uMndswhD475RBlClP06P60RJYFsRoX/m5/"},"_chains":{"BaDqjKgR/reCgexyYGZdZkxf36V3ZmOmHtXalMrAjyJg":{"chainKey":{"counter":0,"key":"Xwcih5eNsSaJ6eGumTS+cWe6Jr8bHdBPtwShQuCnwL0="},"chainType":1,"messageKeys":{}}},"pendingPreKey":{"signedKeyId":1,"baseKey":"BfHjafTm68jzObt/nbkIgDMh2p8KvFbz7y3VXm4hpylJ","preKeyId":3413}}},"version":"v1"}