{"_sessions":{"BW6xEyS6v4bqwqsipGt3d9LuWKjJg64oaCvWDFYhQWpw":{"registrationId":1406813137,"currentRatchet":{"ephemeralKeyPair":{"pubKey":"BXCIvPfjioNtdHS6+SpErvBnqmnNyPBKftFpL0TJxOsY","privKey":"KHkzcjZN6SvJiLuqXhBVfDEd6mkAp/k7QdeqwqefsU0="},"lastRemoteEphemeralKey":"BT04Pv8jOB5cJU8TlUaW5vgRjPuHJ+0Wu8cdiM5D1/56","previousCounter":0,"rootKey":"oktCIrXkvLzOJyTB+9lx9dJH/7OMQxh4Ng6dSjDt6Ys="},"indexInfo":{"baseKey":"BW6xEyS6v4bqwqsipGt3d9LuWKjJg64oaCvWDFYhQWpw","baseKeyType":1,"closed":-1,"used":1748354348405,"created":1748354348405,"remoteIdentityKey":"BcUNfRYzEg1w1aG5eISwe3KuSIVCqzob6Zo5aroOLrAd"},"_chains":{"BXCIvPfjioNtdHS6+SpErvBnqmnNyPBKftFpL0TJxOsY":{"chainKey":{"counter":0,"key":"zEKjLzIb/9u1TnVapGMG8qN9Ea0YuqVRduDIgqBuohs="},"chainType":1,"messageKeys":{}}},"pendingPreKey":{"signedKeyId":12510491,"baseKey":"BW6xEyS6v4bqwqsipGt3d9LuWKjJg64oaCvWDFYhQWpw","preKeyId":7520}}},"version":"v1"}