{"_sessions":{"BVUYHnjxpr5URxHh42ofT9hju4+m5qL8YEwPRHBCmgk5":{"registrationId":1744925421,"currentRatchet":{"ephemeralKeyPair":{"pubKey":"BRXoEi0AeSNSYY4py0ZiKZ88Y6I177FuFgdFR3tsDtlG","privKey":"wDqW23ybexvzz91etGpm5QEDqC6bHHe1mq7LQcnPH2Q="},"lastRemoteEphemeralKey":"BewVJi1L9luwPb22820YYB2YSPtLhX49n4H1t+rAvYIS","previousCounter":0,"rootKey":"HR/3j1kYJZB6cdI6Xz0EYXzQp45LtZ3+S8hdOuG+vvA="},"indexInfo":{"baseKey":"BVUYHnjxpr5URxHh42ofT9hju4+m5qL8YEwPRHBCmgk5","baseKeyType":1,"closed":-1,"used":1748354354947,"created":1748354354947,"remoteIdentityKey":"BSm2n06WfLnmkleOXburleMKwivoOxedI5BCKcyLSShV"},"_chains":{"BRXoEi0AeSNSYY4py0ZiKZ88Y6I177FuFgdFR3tsDtlG":{"chainKey":{"counter":0,"key":"IhgLHOC8RtB2r6gWxkId7yVrtCGdZ0B+0HNaFDA/vkc="},"chainType":1,"messageKeys":{}}},"pendingPreKey":{"signedKeyId":9,"baseKey":"BVUYHnjxpr5URxHh42ofT9hju4+m5qL8YEwPRHBCmgk5","preKeyId":12772678}}},"version":"v1"}