{"_sessions":{"Bfr702QMV2oooTlectL5m4nmD7b/sdLDCwZR3+Cgg6lY":{"registrationId":12147,"currentRatchet":{"ephemeralKeyPair":{"pubKey":"BfC57qTbvuCyyh2d6pzzvIzSCgsxgT5l1/7O4+ljMJRy","privKey":"wBXOrzeM6VoYzgXXLw/TiGi86RNk0roKwZ/nEzfK+kc="},"lastRemoteEphemeralKey":"BYQevgxXhTz0TpbbX2yvkk4zjeV9nj8xJh6s3gHMwMko","previousCounter":0,"rootKey":"RzK/5OjncwRJ4JZw4NDaZ8jZhg8K418JxufeMEJ5gDg="},"indexInfo":{"baseKey":"Bfr702QMV2oooTlectL5m4nmD7b/sdLDCwZR3+Cgg6lY","baseKeyType":1,"closed":-1,"used":1748354347595,"created":1748354347595,"remoteIdentityKey":"BVfBSZ/3TckBq6UYOv66cZz8AkFpGouEC2VhetkrfSlH"},"_chains":{"BfC57qTbvuCyyh2d6pzzvIzSCgsxgT5l1/7O4+ljMJRy":{"chainKey":{"counter":0,"key":"ObKPTlI2SwyQ+OZ8khG24f1b51xhG0BB7Y72tpbpwzg="},"chainType":1,"messageKeys":{}}},"pendingPreKey":{"signedKeyId":1,"baseKey":"Bfr702QMV2oooTlectL5m4nmD7b/sdLDCwZR3+Cgg6lY","preKeyId":1601}}},"version":"v1"}