{"_sessions":{"Ba2Tn6NYTFXS7XQbG3B3dv2A4LQNflW572rfY9aSoH8o":{"registrationId":783959172,"currentRatchet":{"ephemeralKeyPair":{"pubKey":"BWFbSgX+BMqWPJSVtSpm669SVPurMK6puUKpd5Tm9L1k","privKey":"wGQDIHpeFmT7FEOa1iW4hdgZyywRJmV3XGm9x43i61Q="},"lastRemoteEphemeralKey":"BYHMyKX9GchkZVyaVGnF9UJ9BVzEzds0HkcBQ/WJeHQy","previousCounter":0,"rootKey":"2qGz/FJ+w814y+4v0YKtdBofEDjsD0tc4YWrkXrdeUg="},"indexInfo":{"baseKey":"Ba2Tn6NYTFXS7XQbG3B3dv2A4LQNflW572rfY9aSoH8o","baseKeyType":1,"closed":-1,"used":1748354354801,"created":1748354354801,"remoteIdentityKey":"BeVGYg2jgCq6dpio60AD7wLuRypMKAGx6k+dsmO1cw0G"},"_chains":{"BWFbSgX+BMqWPJSVtSpm669SVPurMK6puUKpd5Tm9L1k":{"chainKey":{"counter":0,"key":"6eyMwl2JPgWoX6CgV3UnUxeUGiy8T5FgPVx+scWB5Zw="},"chainType":1,"messageKeys":{}}},"pendingPreKey":{"signedKeyId":1,"baseKey":"Ba2Tn6NYTFXS7XQbG3B3dv2A4LQNflW572rfY9aSoH8o","preKeyId":13061745}}},"version":"v1"}