{"_sessions":{"Baw9DeAI5tUe/fskzOtVI4mjPu2I9HgFc90VOIt7zi43":{"registrationId":1997495270,"currentRatchet":{"ephemeralKeyPair":{"pubKey":"BYcdRzelpFwH8VIt0mXe5x2RAKi9sZoHJYOGX4ackyQP","privKey":"+L/9cBRhmN9vfO3jYvCxcZQVlWkxpXFO8s029JZ3n1k="},"lastRemoteEphemeralKey":"BQ6p+S7NhCq+k/sYWHjY6olJaxtl1c0BpLRRbyeyRhxQ","previousCounter":0,"rootKey":"DOfN6jM59CmdNWFktlQGCRn4Ld9PLwW7lSeSKHsQIAU="},"indexInfo":{"baseKey":"Baw9DeAI5tUe/fskzOtVI4mjPu2I9HgFc90VOIt7zi43","baseKeyType":1,"closed":-1,"used":1748354360435,"created":1748354360435,"remoteIdentityKey":"BeHi6lNYsX+whDkcnSGq+BpMNYyzMecMG5q4P1lGrtw9"},"_chains":{"BYcdRzelpFwH8VIt0mXe5x2RAKi9sZoHJYOGX4ackyQP":{"chainKey":{"counter":0,"key":"5G3B39wnXH7AwtJgPbxRRwnSg/Ti+jrNLf0YoPMyGyg="},"chainType":1,"messageKeys":{}}},"pendingPreKey":{"signedKeyId":12,"baseKey":"Baw9DeAI5tUe/fskzOtVI4mjPu2I9HgFc90VOIt7zi43","preKeyId":1283180}}},"version":"v1"}