{"_sessions":{"BTfzhPjVdfFBR9GNdNyCQXR/6/sc2Wf6rnl8wvBbZUtw":{"registrationId":873595370,"currentRatchet":{"ephemeralKeyPair":{"pubKey":"Bd/5PmQf8xItApUg4/BimOEkFc7v44AxQ/Cfqk2V9Ugi","privKey":"yIPraZGI5F+j4p+iTaFaPcM7FjNAQsL/1gIj4P0IGXM="},"lastRemoteEphemeralKey":"BVbFTzPaOmo6dxNfPIW97WLMV+/3njbbRJo9ZE81+p1V","previousCounter":0,"rootKey":"jCopAgz3OrsOxYXqKoqQ1qYm4x4xmI0oRcHhmeqUH2Q="},"indexInfo":{"baseKey":"BTfzhPjVdfFBR9GNdNyCQXR/6/sc2Wf6rnl8wvBbZUtw","baseKeyType":1,"closed":-1,"used":1748354351103,"created":1748354351103,"remoteIdentityKey":"BdukDAmxivg3GjIL9aNuCcY5DEaW2obeLkiP+w3JfoQm"},"_chains":{"Bd/5PmQf8xItApUg4/BimOEkFc7v44AxQ/Cfqk2V9Ugi":{"chainKey":{"counter":0,"key":"kiqcXkX2gW822w9mRE+Dijt7oXnj4SDtHt+cXhmZJXU="},"chainType":1,"messageKeys":{}}},"pendingPreKey":{"signedKeyId":3,"baseKey":"BTfzhPjVdfFBR9GNdNyCQXR/6/sc2Wf6rnl8wvBbZUtw","preKeyId":13870666}}},"version":"v1"}