{"_sessions":{"Ben5A0Y0dfd2VacwAlhWUCrrpf8adJFp6ZMAFQHAm5JI":{"registrationId":75425176,"currentRatchet":{"ephemeralKeyPair":{"pubKey":"BROsx0J9bgh/z1oP2ZaSeQA7nAP8/zsfZ1Hy3MzyRU54","privKey":"GM5xkDnBlMC+mbEPVhdYkD0SQpmA+VcgoHTN9ZymUWU="},"lastRemoteEphemeralKey":"BY5R91SkhW/3Ip2/VCUI1Mjrm5dvXuagiGnSr00qXQVb","previousCounter":0,"rootKey":"6QgTAzFsNvY5jDf6+K9o7w5Q2GoS8UkVSG9QaB1GL54="},"indexInfo":{"baseKey":"Ben5A0Y0dfd2VacwAlhWUCrrpf8adJFp6ZMAFQHAm5JI","baseKeyType":1,"closed":-1,"used":1748354351730,"created":1748354351730,"remoteIdentityKey":"BXO47VqDbc/FjF6fUlXtYgzJIL6QD22ds3Vxphx2oVws"},"_chains":{"BROsx0J9bgh/z1oP2ZaSeQA7nAP8/zsfZ1Hy3MzyRU54":{"chainKey":{"counter":0,"key":"HjpoOXmC+iEoxbuTPT9hna62Eh3SXT5BlSDZlWV993Q="},"chainType":1,"messageKeys":{}}},"pendingPreKey":{"signedKeyId":7,"baseKey":"Ben5A0Y0dfd2VacwAlhWUCrrpf8adJFp6ZMAFQHAm5JI","preKeyId":3109112}}},"version":"v1"}