{"_sessions":{"BVOdJTRXsZlbqZBvOYk7cQuKvkXzef4ProRrMxeVEhZT":{"registrationId":1650796992,"currentRatchet":{"ephemeralKeyPair":{"pubKey":"BbdHpYj6FQ6tyxEVBCGjJ1OwvwzuTUmAQpAREW+ufQhd","privKey":"CCy13B5il8OMx2jJaO+2AfGywhwxTiz4+7hk0867PmU="},"lastRemoteEphemeralKey":"BSJY+sIkp2xHhwoM9WLaSTrxNupUrQo6oMWTqRNVVcg3","previousCounter":0,"rootKey":"p5S4lvlerUv7auq1I/tcbf9iazlJKL5jeV9Gc5Xsbmw="},"indexInfo":{"baseKey":"BVOdJTRXsZlbqZBvOYk7cQuKvkXzef4ProRrMxeVEhZT","baseKeyType":1,"closed":-1,"used":1748354351985,"created":1748354351985,"remoteIdentityKey":"BZz7JJjuGLRJ8+/ksymzIqhtivlqnWZNjzTLJ7ByLwMr"},"_chains":{"BbdHpYj6FQ6tyxEVBCGjJ1OwvwzuTUmAQpAREW+ufQhd":{"chainKey":{"counter":0,"key":"lI/v4XMLP96avUFHcUZhCl3VmYVyDcKcygFNtlldWMk="},"chainType":1,"messageKeys":{}}},"pendingPreKey":{"signedKeyId":4,"baseKey":"BVOdJTRXsZlbqZBvOYk7cQuKvkXzef4ProRrMxeVEhZT","preKeyId":11168188}}},"version":"v1"}