{"_sessions":{"BZ9BGYA6YwMXLtyk0uKxrps5KhbK/VuRZSjoyA9ImKwd":{"registrationId":1021999549,"currentRatchet":{"ephemeralKeyPair":{"pubKey":"BUY1DD5fDAcgjorBcw7u4/xvRwAughvMYfWdEXGCO11V","privKey":"KPVvqh0DWLQLrliGpn4hbME3vX4+7pkh/mXOpfHPBmo="},"lastRemoteEphemeralKey":"BfFcpi3u2HI3PBt+XLr+WqQOUHq+hJGLyJ3uBnHHMsx+","previousCounter":0,"rootKey":"aQWQPGi3g2q5hw3K5P8rZ0uFv5V2V9rXnczwEC2kHuo="},"indexInfo":{"baseKey":"BZ9BGYA6YwMXLtyk0uKxrps5KhbK/VuRZSjoyA9ImKwd","baseKeyType":1,"closed":-1,"used":1748354348094,"created":1748354348094,"remoteIdentityKey":"BRWc1LCQxDiW6s1w026Owz8aORhjQT1rdjcztl1/FjgK"},"_chains":{"BUY1DD5fDAcgjorBcw7u4/xvRwAughvMYfWdEXGCO11V":{"chainKey":{"counter":0,"key":"mRKt069lE/C/EN3ecDFMplXIBbF8GqHZTv/3peiV1yc="},"chainType":1,"messageKeys":{}}},"pendingPreKey":{"signedKeyId":1,"baseKey":"BZ9BGYA6YwMXLtyk0uKxrps5KhbK/VuRZSjoyA9ImKwd","preKeyId":4389804}}},"version":"v1"}