{"_sessions":{"BUoxVlsrx1AmoiZKyptF8jegVAU+rZhhh56y7JFAByZX":{"registrationId":2102310790,"currentRatchet":{"ephemeralKeyPair":{"pubKey":"Bb1M977Ln96MZEJDuOiCwe8KhYqY0+RQBpo/04PZYn5S","privKey":"SIiVTWar8UpSGawkz0QWLO7iOzDcTiRoNO94iioLdEQ="},"lastRemoteEphemeralKey":"BcdfM3ZxZ6xGi3f2h4USnIeM9jKbLjklTgiOUgnKWwxr","previousCounter":0,"rootKey":"Ac7xH4SOZzhHImfAXaShP+scPD+1XgQm98tRp8Heojc="},"indexInfo":{"baseKey":"BUoxVlsrx1AmoiZKyptF8jegVAU+rZhhh56y7JFAByZX","baseKeyType":1,"closed":-1,"used":1748354359252,"created":1748354359252,"remoteIdentityKey":"BQyAvAvObPuxHqcGHrdOwKxmkaU5lPOe7D2MBsBhYqNj"},"_chains":{"Bb1M977Ln96MZEJDuOiCwe8KhYqY0+RQBpo/04PZYn5S":{"chainKey":{"counter":0,"key":"dkX19ILUBw/6Y4UzXl09fjxIY3EmkBQhmEB0iZW9oac="},"chainType":1,"messageKeys":{}}},"pendingPreKey":{"signedKeyId":13645860,"baseKey":"BUoxVlsrx1AmoiZKyptF8jegVAU+rZhhh56y7JFAByZX","preKeyId":3251}}},"version":"v1"}