{"_sessions":{"BQZkkHfETKyx4WUqJdQCB+kywKrPT3lGXdR8WdWbF8EP":{"registrationId":1145843154,"currentRatchet":{"ephemeralKeyPair":{"pubKey":"BeGypWM0CzLk+dIm4pDL+gzzR+HMwdac4XxZkN9JHFcF","privKey":"GJoIxwgi8jjEsEpIgkvAkuR3pfDwQXhjO1l2CwFh9Xg="},"lastRemoteEphemeralKey":"BTep8fEnielV+a+gFvmXYLPbZbHD4Bwf3jMtMY3cyvB1","previousCounter":0,"rootKey":"SRXxlDS30mYw/u8gA07Wqt4v87P2y28riaJR8ry124k="},"indexInfo":{"baseKey":"BQZkkHfETKyx4WUqJdQCB+kywKrPT3lGXdR8WdWbF8EP","baseKeyType":1,"closed":-1,"used":1748354359391,"created":1748354359391,"remoteIdentityKey":"BSuucCJkB8vVX3xo2hQWo1jX5C7AK/Prolwth8uaT1kQ"},"_chains":{"BeGypWM0CzLk+dIm4pDL+gzzR+HMwdac4XxZkN9JHFcF":{"chainKey":{"counter":0,"key":"qy3+8mdCQXBU1njUbEoC3V5y0vwoO04YPgkzlLLf9d4="},"chainType":1,"messageKeys":{}}},"pendingPreKey":{"signedKeyId":1,"baseKey":"BQZkkHfETKyx4WUqJdQCB+kywKrPT3lGXdR8WdWbF8EP","preKeyId":241831}}},"version":"v1"}