{"_sessions":{"BVXguKKFeXWwehi8jBPsqSpeHj8m8SQ5E7T9F0WQxIAO":{"registrationId":102,"currentRatchet":{"ephemeralKeyPair":{"pubKey":"BTRnuRrS9mzrYrORrpQIbwRmYE+ALtFi1FRLsOrtRLQQ","privKey":"wFILVCtADNq1X9fQlotTbg+qlhPqNF6LXZoexlEwMWI="},"lastRemoteEphemeralKey":"BWhtJNv067zLouD6TiHYXPrg/pqJ7xII7JjsNaq7DHQv","previousCounter":0,"rootKey":"fjXtSB+hmNOWAQ5mUC4oqAasQKqtWmGtjQgkv93n+sM="},"indexInfo":{"baseKey":"BVXguKKFeXWwehi8jBPsqSpeHj8m8SQ5E7T9F0WQxIAO","baseKeyType":1,"closed":-1,"used":1748354347402,"created":1748354347402,"remoteIdentityKey":"Baaq2DT/rvawoJkjHwfVt3R1NMm4EreJuxvNZCakGJIc"},"_chains":{"BTRnuRrS9mzrYrORrpQIbwRmYE+ALtFi1FRLsOrtRLQQ":{"chainKey":{"counter":0,"key":"PFLg9m/M9ph+aQ1cH3/Xp863Z2L9ixHBuERcj+s66to="},"chainType":1,"messageKeys":{}}},"pendingPreKey":{"signedKeyId":1,"baseKey":"BVXguKKFeXWwehi8jBPsqSpeHj8m8SQ5E7T9F0WQxIAO"}}},"version":"v1"}