{"_sessions":{"BXl6+srsRilOJGol17N5/gbg64yvS8VngUwb5BBZkEFY":{"registrationId":907906856,"currentRatchet":{"ephemeralKeyPair":{"pubKey":"BcFTKJReJlybEleQoT5IVqw24s2RLrBBHXK6mV1Lwv14","privKey":"QCFo+exGOSHoFl94PwqJubLDvSq4Z0HXLTnTcvZJwUc="},"lastRemoteEphemeralKey":"BYOpMN1u6aoO+UZTO70qntNEqcR36PEeVQlQoSIVXCZT","previousCounter":0,"rootKey":"leLKwWRRCutAXL5OGZ39XunF9/Y/xBSKVruKw1zVoqk="},"indexInfo":{"baseKey":"BXl6+srsRilOJGol17N5/gbg64yvS8VngUwb5BBZkEFY","baseKeyType":1,"closed":-1,"used":1748354355515,"created":1748354355515,"remoteIdentityKey":"BdVf80bosDup/m+ecrIm8r3SQlY7nqdVJPlSQUfqHuBX"},"_chains":{"BcFTKJReJlybEleQoT5IVqw24s2RLrBBHXK6mV1Lwv14":{"chainKey":{"counter":0,"key":"vyYpjYvkX5Mq6YvlowY80ojTEHYjNKFXTAoLRi2ot3E="},"chainType":1,"messageKeys":{}}},"pendingPreKey":{"signedKeyId":4,"baseKey":"BXl6+srsRilOJGol17N5/gbg64yvS8VngUwb5BBZkEFY","preKeyId":1108814}}},"version":"v1"}