{"_sessions":{"Bc8GEIvnzqBSm1YhGkcEoJeOZAhLPyNlZbgDkGY613wt":{"registrationId":849325123,"currentRatchet":{"ephemeralKeyPair":{"pubKey":"BYKUVsCS7wG/dXlIU7UkhRMDwCZfA5hOoPRBhdoBimQZ","privKey":"gJnnJtDfE51s2VcGZ07nEHeexNEEu8FfctXfVRiuDEM="},"lastRemoteEphemeralKey":"BVtTURKXSH8VpynJ9ueXD6B3CZPp0oRwd6SInlgXkqlS","previousCounter":0,"rootKey":"Mh3E7Rp8VIUiC68cElcIOsZrZhP8pWIr8HcHuJkVumc="},"indexInfo":{"baseKey":"Bc8GEIvnzqBSm1YhGkcEoJeOZAhLPyNlZbgDkGY613wt","baseKeyType":1,"closed":-1,"used":1748354351862,"created":1748354351862,"remoteIdentityKey":"BQZ48zFlS9JXQTFbA3Q9Zkv9eE/eWwOej1ji6nI++lMl"},"_chains":{"BYKUVsCS7wG/dXlIU7UkhRMDwCZfA5hOoPRBhdoBimQZ":{"chainKey":{"counter":0,"key":"Yav7h/HOxf4TSJU0BsfXpgeIz+Jn4chzSGbxsNuw248="},"chainType":1,"messageKeys":{}}},"pendingPreKey":{"signedKeyId":2,"baseKey":"Bc8GEIvnzqBSm1YhGkcEoJeOZAhLPyNlZbgDkGY613wt","preKeyId":1500883}}},"version":"v1"}