{"_sessions":{"BVe5RCXe5jg6Jxu70a1yTi6FuySWgMADl3KTH55omYZf":{"registrationId":219,"currentRatchet":{"ephemeralKeyPair":{"pubKey":"BbL0KJmsVtMcdxQVn23OaAd/GSFcnRd8RGuKtYGNHAl7","privKey":"uHvBSiAO1uFIRAd7Ya9SkwCEiv1a6MZd6du+LA8JinU="},"lastRemoteEphemeralKey":"Be2n+wJ/vdng11FgLFHW2MXHueztDVDBX1glFyt2H/Um","previousCounter":0,"rootKey":"T5tqWAPXdm1+2VcdoaZV1KL81Afg4XaqkLE7Qh93NyE="},"indexInfo":{"baseKey":"BVe5RCXe5jg6Jxu70a1yTi6FuySWgMADl3KTH55omYZf","baseKeyType":1,"closed":-1,"used":1748351975024,"created":1748351975024,"remoteIdentityKey":"BUHTK/751p8QzKaZR1v6FmAO2qdEMk/BAxjsM1uxtBYK"},"_chains":{"BbL0KJmsVtMcdxQVn23OaAd/GSFcnRd8RGuKtYGNHAl7":{"chainKey":{"counter":0,"key":"6EM9oZK3v2zN7uIGk/inOdY9sRWxgkmlJ/amrJ3qpmc="},"chainType":1,"messageKeys":{}}},"pendingPreKey":{"signedKeyId":1,"baseKey":"BVe5RCXe5jg6Jxu70a1yTi6FuySWgMADl3KTH55omYZf","preKeyId":19}}},"version":"v1"}