{"_sessions":{"BbldSx7Nqri4wpA2J5SNJr0KT85YburkWKz6zZwWY1dZ":{"registrationId":1099879796,"currentRatchet":{"ephemeralKeyPair":{"pubKey":"BQnxoiLCf0qxUaBGkuj07AkFJjPe0E+raWQFuLhGKG14","privKey":"MEmo46Lyibmx1H9mYXEP+9ZhI/C0rtt7kcxYe3o2G18="},"lastRemoteEphemeralKey":"BXRKki13B0JBU3gmKdzfVS754BgerwO3eWMJJkjo+nQ7","previousCounter":0,"rootKey":"Q8u7GETyMHYECFw8SIJ6VNIISEfV/KamzDkVBVbbqow="},"indexInfo":{"baseKey":"BbldSx7Nqri4wpA2J5SNJr0KT85YburkWKz6zZwWY1dZ","baseKeyType":1,"closed":-1,"used":1748354351640,"created":1748354351640,"remoteIdentityKey":"BU6bZ/sClL846+DEPxy36JRmmDxNnjEXzHktd6kOcOoC"},"_chains":{"BQnxoiLCf0qxUaBGkuj07AkFJjPe0E+raWQFuLhGKG14":{"chainKey":{"counter":0,"key":"eh7FbrOjuK1/r9Wj6RX9jULRNwM6CJdsmHEGSAPZcEg="},"chainType":1,"messageKeys":{}}},"pendingPreKey":{"signedKeyId":6,"baseKey":"BbldSx7Nqri4wpA2J5SNJr0KT85YburkWKz6zZwWY1dZ","preKeyId":7760169}}},"version":"v1"}