{"_sessions":{"BWmDHXtaxAihkM7bMPlDHsFhNFnZRZPN5fRJ5/t9mQ9K":{"registrationId":355012965,"currentRatchet":{"ephemeralKeyPair":{"pubKey":"BaJOExZh053U6hB97qP4yR/Z/PKr3btRdYX0XEzANLsw","privKey":"sDj+JOuyvjW4/bKbASJ2jSXeE9PuGPgI36Y2aMN7TEs="},"lastRemoteEphemeralKey":"BRoh4qdVzR++wu0pC1v8E8y+icWVJ9QaMg8IKknQNJpT","previousCounter":0,"rootKey":"qXRaClwYE/FtHcp8P2BCjIji0VfMlZLC5pCPiEiU+k4="},"indexInfo":{"baseKey":"BWmDHXtaxAihkM7bMPlDHsFhNFnZRZPN5fRJ5/t9mQ9K","baseKeyType":1,"closed":-1,"used":1748354351265,"created":1748354351265,"remoteIdentityKey":"BWLLg2DG0Dw+9Y8Xiybey3Z3p7UjZTqY+ab8e+EYhpEN"},"_chains":{"BaJOExZh053U6hB97qP4yR/Z/PKr3btRdYX0XEzANLsw":{"chainKey":{"counter":0,"key":"MCCMWqcWGA62xdz335Un9QrF/n+j3AWeFqUDQKJhFKQ="},"chainType":1,"messageKeys":{}}},"pendingPreKey":{"signedKeyId":2,"baseKey":"BWmDHXtaxAihkM7bMPlDHsFhNFnZRZPN5fRJ5/t9mQ9K","preKeyId":6564167}}},"version":"v1"}