{"_sessions":{"BSqvSe3OkRfwEef1Oxsg1zNQtyJIPn1HnFioiRDVMyx/":{"registrationId":2080822703,"currentRatchet":{"ephemeralKeyPair":{"pubKey":"BcdF0gPHzcJFIBRDrsRb6FDgH1r3noXatmtAJBlxj4FL","privKey":"QERK7eCFj9qv+TE00WyCrS1+ChS++oewJi2tlsVAi0Q="},"lastRemoteEphemeralKey":"BSmHC52HRB98ZCpvLWQcuTN5hryYMb3zHOndDxomx8RQ","previousCounter":0,"rootKey":"Zk42FyQTsV1znCD30VF3gL2VqfG/A1ebeGbVVnHccnc="},"indexInfo":{"baseKey":"BSqvSe3OkRfwEef1Oxsg1zNQtyJIPn1HnFioiRDVMyx/","baseKeyType":1,"closed":-1,"used":1748354347921,"created":1748354347921,"remoteIdentityKey":"BRSqxJL4MLtpczLA5V0YPpYocG93aT2MFsbXimyr3kVy"},"_chains":{"BcdF0gPHzcJFIBRDrsRb6FDgH1r3noXatmtAJBlxj4FL":{"chainKey":{"counter":0,"key":"rDhmnqxa9CKwabdkhlkLDf0WOk19rhE1NgEWaWsNbzw="},"chainType":1,"messageKeys":{}}},"pendingPreKey":{"signedKeyId":1,"baseKey":"BSqvSe3OkRfwEef1Oxsg1zNQtyJIPn1HnFioiRDVMyx/","preKeyId":1545521}}},"version":"v1"}