{"_sessions":{"BeQncCD4U4Pl0IDi1GF1bqYjY5gC5jI1JWoXFWKuJrow":{"registrationId":13324,"currentRatchet":{"ephemeralKeyPair":{"pubKey":"BaM8zI4DefxFRn//OsuTXrIhtFTESBQJ7s8b+W45mJIt","privKey":"eGcaiTsEzaR3kC4X6Rvn11v7k2G4Krv+r0NQQ783/ns="},"lastRemoteEphemeralKey":"Bdi8re4+fhyuLXGMlNRhcorwNkdnl+QHU9vtT5aqvkxU","previousCounter":0,"rootKey":"CVVua4Cv/3gU2+S0R6S2Raf40gJ0uKVxnQTjyThLD04="},"indexInfo":{"baseKey":"BeQncCD4U4Pl0IDi1GF1bqYjY5gC5jI1JWoXFWKuJrow","baseKeyType":1,"closed":-1,"used":1748354355760,"created":1748354355760,"remoteIdentityKey":"BUws4nbgyEGDbw9UGJWe8vo/GzwcEo3sDyFJaicfhBR0"},"_chains":{"BaM8zI4DefxFRn//OsuTXrIhtFTESBQJ7s8b+W45mJIt":{"chainKey":{"counter":0,"key":"050Ui3QXYfOqQD/7izWdnIbzx6SIwN/n2cfkBWRBfBI="},"chainType":1,"messageKeys":{}}},"pendingPreKey":{"signedKeyId":13324,"baseKey":"BeQncCD4U4Pl0IDi1GF1bqYjY5gC5jI1JWoXFWKuJrow","preKeyId":1151}}},"version":"v1"}