{"_sessions":{"BYGyXVYQglcH2mMqvL7yy4Y4x033wZ9y1tXhYB6t2T5y":{"registrationId":519012040,"currentRatchet":{"ephemeralKeyPair":{"pubKey":"BW0u6Ij1S3XstusVExYHFS3kqTjK2oMiApLPycicvopI","privKey":"KBJxVqPOr4ArMzJO4szlqdikjjoWHLS8tZzpsAjya20="},"lastRemoteEphemeralKey":"BQZyqmWUKjvAteAdFKgMryP2kGC7T1zI2r47LoWX08MD","previousCounter":0,"rootKey":"in8lj+4T6uZhR+AfTAYb4WeMuVlkkpcPG1BicCxNpx0="},"indexInfo":{"baseKey":"BYGyXVYQglcH2mMqvL7yy4Y4x033wZ9y1tXhYB6t2T5y","baseKeyType":1,"closed":-1,"used":1748354355624,"created":1748354355624,"remoteIdentityKey":"BRJL4nmLwz9EzGf/rHzccZuutVws37HvMisEhRSagtVU"},"_chains":{"BW0u6Ij1S3XstusVExYHFS3kqTjK2oMiApLPycicvopI":{"chainKey":{"counter":0,"key":"XIwhiwa3OHFpZvO4DjfrdMMNq4iPc2sbp82pKnr4FpQ="},"chainType":1,"messageKeys":{}}},"pendingPreKey":{"signedKeyId":3,"baseKey":"BYGyXVYQglcH2mMqvL7yy4Y4x033wZ9y1tXhYB6t2T5y","preKeyId":5919865}}},"version":"v1"}