{"_sessions":{"BcxTfUiEqrZyBQaN9qHDuzxZ1BTi5I/XH8bl/hWHNfVH":{"registrationId":1585567867,"currentRatchet":{"ephemeralKeyPair":{"pubKey":"BSXS4orpD9zmdGu2WO+AZwA7Ngq+xqLJgi8Zucg9a3BT","privKey":"CLE89ADIx2ySvm6x8jwkvYoU5ux9aewRQp+4hObKx1s="},"lastRemoteEphemeralKey":"BWU0s3isVyxsDC0LGPivh378aoJz+AXxwH0Av0+pTmBr","previousCounter":0,"rootKey":"nHM9jRAlIoOa/2XwwigOt9iRR0+sLN2BGbLlwhxts04="},"indexInfo":{"baseKey":"BcxTfUiEqrZyBQaN9qHDuzxZ1BTi5I/XH8bl/hWHNfVH","baseKeyType":1,"closed":-1,"used":1748354348478,"created":1748354348478,"remoteIdentityKey":"BYBPMnlZhBrnM281/hY5pS1qZz0XM3mJ9ilVwniAk64Z"},"_chains":{"BSXS4orpD9zmdGu2WO+AZwA7Ngq+xqLJgi8Zucg9a3BT":{"chainKey":{"counter":0,"key":"231aJPFc/u5tpiheKTbVnuNo+1A29DSU1gTthgKX7jc="},"chainType":1,"messageKeys":{}}},"pendingPreKey":{"signedKeyId":7,"baseKey":"BcxTfUiEqrZyBQaN9qHDuzxZ1BTi5I/XH8bl/hWHNfVH","preKeyId":13554828}}},"version":"v1"}