{"_sessions":{"Bdi7ISNeG1d3QJsMCBcVOCKfvPbRbxONeeV+Czm8+h4G":{"registrationId":337543484,"currentRatchet":{"ephemeralKeyPair":{"pubKey":"BXwHE3d8ge4vl2fSfhH7xRamyBWwrNXQEltmTYBSczdt","privKey":"2Nv9PKmRrr4CHdAXK+eHqb5cJDFprDaQKliD/LOGLkY="},"lastRemoteEphemeralKey":"Beozn8O3phv1X99NXG85rVCEnWMjIqwaWBAJadnwR+Fx","previousCounter":0,"rootKey":"RSSPJdki6qMlXbXTyHA194O0J30Xng4YXiTdas4m3wY="},"indexInfo":{"baseKey":"Bdi7ISNeG1d3QJsMCBcVOCKfvPbRbxONeeV+Czm8+h4G","baseKeyType":1,"closed":-1,"used":1748354351721,"created":1748354351721,"remoteIdentityKey":"BVjGigNVAX7tJs8ZqIJTW9FzlwJrB0E7RwZcK4OtAKJF"},"_chains":{"BXwHE3d8ge4vl2fSfhH7xRamyBWwrNXQEltmTYBSczdt":{"chainKey":{"counter":0,"key":"SQfykHV4f5S6eCLZNLXPtJcRvhlTTBmUYOTz8AFRIaw="},"chainType":1,"messageKeys":{}}},"pendingPreKey":{"signedKeyId":1,"baseKey":"Bdi7ISNeG1d3QJsMCBcVOCKfvPbRbxONeeV+Czm8+h4G","preKeyId":14881886}}},"version":"v1"}