{"_sessions":{"BZsvkcP9XoIGgydrqmrhe9JDT+bS6WZIjns9lsB6iOd9":{"registrationId":1614905130,"currentRatchet":{"ephemeralKeyPair":{"pubKey":"BS7x1+JwnUfYPQvSWorvUrNuB/9s6lDHyNU7nzOhVcB6","privKey":"sCcgxEOBWUTUzOpsqaVLvQg1Xgns7OgKZPUfalpgTnM="},"lastRemoteEphemeralKey":"Ba1jGZ7gX1qo7m2PIUn9A9q8mvVTtP6pYo0ObEZ+pw4x","previousCounter":0,"rootKey":"zAoM4c96we2GxCI0n/TRD7kzhvIrJS3894dbojy999g="},"indexInfo":{"baseKey":"BZsvkcP9XoIGgydrqmrhe9JDT+bS6WZIjns9lsB6iOd9","baseKeyType":1,"closed":-1,"used":1748354355549,"created":1748354355549,"remoteIdentityKey":"Bf0iggEVsBgkpGQPsAtY8I7SC4RH2xmyf68RA0TGLXwM"},"_chains":{"BS7x1+JwnUfYPQvSWorvUrNuB/9s6lDHyNU7nzOhVcB6":{"chainKey":{"counter":0,"key":"Umq5zXnseRBSxmIOaCkwpsIXi+1SvUC/Ij34tJSG8iU="},"chainType":1,"messageKeys":{}}},"pendingPreKey":{"signedKeyId":1,"baseKey":"BZsvkcP9XoIGgydrqmrhe9JDT+bS6WZIjns9lsB6iOd9","preKeyId":7011145}}},"version":"v1"}