{"_sessions":{"BSk/3dUTQmhaM7P3YzAIpeD1NKjrJ68WRTSQJWvIy+I7":{"registrationId":567954131,"currentRatchet":{"ephemeralKeyPair":{"pubKey":"BRnPqGQN99HajM0gASf+cqPM5nlMsRMhaDdK/N/npddV","privKey":"ABM4oOabkulfGQdcP3wXh33ETlrbPa/2OmARn5+Cm2s="},"lastRemoteEphemeralKey":"BXGkvP/iHh8KUoCRk/4jNw1KZ8CkQ3UOfhO2oOxRiY5T","previousCounter":0,"rootKey":"0LVK0Huj4DN4s+yuxNd3X8LoEgyUL7a4O2sBSuasSHw="},"indexInfo":{"baseKey":"BSk/3dUTQmhaM7P3YzAIpeD1NKjrJ68WRTSQJWvIy+I7","baseKeyType":1,"closed":-1,"used":1748354355469,"created":1748354355469,"remoteIdentityKey":"BRgIlmgUaPb8209fFdcLOAVyG3Sr1tJA619B63J9FL0w"},"_chains":{"BRnPqGQN99HajM0gASf+cqPM5nlMsRMhaDdK/N/npddV":{"chainKey":{"counter":0,"key":"1XDABub9xLQAp6G11fZaKvj16scscRZsVzThNY7qsYM="},"chainType":1,"messageKeys":{}}},"pendingPreKey":{"signedKeyId":14,"baseKey":"BSk/3dUTQmhaM7P3YzAIpeD1NKjrJ68WRTSQJWvIy+I7","preKeyId":15702364}}},"version":"v1"}