{"_sessions":{"BTls3xNroKNSWkJkyurs0xWhPVERC1JZmoAycDtovmxz":{"registrationId":1504001349,"currentRatchet":{"ephemeralKeyPair":{"pubKey":"BVEjXvIeBWth2dbGwsI84kQTwNXV8XeXnW11L7GEB3JZ","privKey":"eBIgUrpEjvvdAiPdPjQ7EbDTlhoVdaxzLvhm41Byzmg="},"lastRemoteEphemeralKey":"BWY8DEo99HOp4zP+e7hE3j3eHpv0eKH8Wj5Z8pQX0AhZ","previousCounter":0,"rootKey":"U53YNSBJc943I7d5kB+ns/6Kr8jWmyjWn05Zr+i7mqg="},"indexInfo":{"baseKey":"BTls3xNroKNSWkJkyurs0xWhPVERC1JZmoAycDtovmxz","baseKeyType":1,"closed":-1,"used":1748354351591,"created":1748354351591,"remoteIdentityKey":"Bfazk4gjQA6LVJPvXR8ZvMCsYy0Nj396vSJZkyeguXw6"},"_chains":{"BVEjXvIeBWth2dbGwsI84kQTwNXV8XeXnW11L7GEB3JZ":{"chainKey":{"counter":0,"key":"AZaQMBqAyrDeeEExs5wRFsUiH/ceK5tb5NXpFVYT0dc="},"chainType":1,"messageKeys":{}}},"pendingPreKey":{"signedKeyId":3,"baseKey":"BTls3xNroKNSWkJkyurs0xWhPVERC1JZmoAycDtovmxz","preKeyId":7638020}}},"version":"v1"}