{"_sessions":{"BV+NR+4eNfAKhT74OR/Y9pSAAvCkHE54orocol26P+Qu":{"registrationId":1592459900,"currentRatchet":{"ephemeralKeyPair":{"pubKey":"BRTxjSGqHs5S2DHQcK3bRY3yWsGrZ8hxoRQfIeHqcAAE","privKey":"cL89AmJbG7wZUYtvCjAP10vlE6N/YoGALeEvAaXWkmU="},"lastRemoteEphemeralKey":"BRadYPH9TFGnhADjgYmQ79vPW4qmITCwy8h9/+03oTgR","previousCounter":0,"rootKey":"OSmiv1vx7FEVKCfSc2b3oGxkoriTsBJUZvHgQEBF064="},"indexInfo":{"baseKey":"BV+NR+4eNfAKhT74OR/Y9pSAAvCkHE54orocol26P+Qu","baseKeyType":1,"closed":1748355348046,"used":1748348748178,"created":1748348748178,"remoteIdentityKey":"BRpqtZpMrnAzIlb5f7Ye8WtMifjN08oeCG1tvejI78QQ"},"_chains":{"BRTxjSGqHs5S2DHQcK3bRY3yWsGrZ8hxoRQfIeHqcAAE":{"chainKey":{"counter":1,"key":"VjN4Lp+H19Bsv6+wAmXaOG/lUDle9xQrGmH7JU/7AzY="},"chainType":1,"messageKeys":{}}},"pendingPreKey":{"signedKeyId":7,"baseKey":"BV+NR+4eNfAKhT74OR/Y9pSAAvCkHE54orocol26P+Qu","preKeyId":1816253}},"BS2duqwwGMtGYaBbFI0Iz+LNPZhli5oJhYyh1BU9JZln":{"registrationId":1592459900,"currentRatchet":{"ephemeralKeyPair":{"pubKey":"BQapbn4MUYtCkaPS1dB6sX8qM8rLcSQTZATVwUpAzkxA","privKey":"4KJU+DPe6rHbkLdHP8rJGmIEHZ12rpWZIickWAYVFFk="},"lastRemoteEphemeralKey":"BTae31JeuPCoGmc1ZJYB6mhdbQChqFk7/vfhbSWFkT1M","previousCounter":0,"rootKey":"XGWFJIuFGc9V9ff2gDOkS2dKCn6RVDJ9WAN7FTL4nEE="},"indexInfo":{"baseKey":"BS2duqwwGMtGYaBbFI0Iz+LNPZhli5oJhYyh1BU9JZln","baseKeyType":2,"closed":-1,"used":1748355348111,"created":1748355348111,"remoteIdentityKey":"BRpqtZpMrnAzIlb5f7Ye8WtMifjN08oeCG1tvejI78QQ"},"_chains":{"BTae31JeuPCoGmc1ZJYB6mhdbQChqFk7/vfhbSWFkT1M":{"chainKey":{"counter":2,"key":"dztGPl4qTU5wPvE17xoDcNbZhNOHRTI2sAJM98BMrpM="},"chainType":2,"messageKeys":{}},"BQapbn4MUYtCkaPS1dB6sX8qM8rLcSQTZATVwUpAzkxA":{"chainKey":{"counter":-1,"key":"/mpJP619ckAWqWQ/QlgGcWjC7SYCJmiZLSDdi0mFwJY="},"chainType":1,"messageKeys":{}}}}},"version":"v1"}