{"_sessions":{"Bf6M+CmSsdwT8H2goFw0LK2/PuMgxeM/T86xB6SGthdU":{"registrationId":1512303733,"currentRatchet":{"ephemeralKeyPair":{"pubKey":"BTYSYQyzNtz2tckhE2ld73ZTnTBrOpo8xmwgNdElVD45","privKey":"CNgxRrQuX9WgqNXSXKXmEjPnD7G4tI0XKs66H5wahF8="},"lastRemoteEphemeralKey":"BRSkMo1kE94nASmFoyk9tqZQ/q8ey3NgknyTJu9CYitj","previousCounter":0,"rootKey":"gwCEfvBeUkeRVD0CWLVTP1tQTMkr4X2Y87JZEhiSG24="},"indexInfo":{"baseKey":"Bf6M+CmSsdwT8H2goFw0LK2/PuMgxeM/T86xB6SGthdU","baseKeyType":1,"closed":-1,"used":1748354358892,"created":1748354358892,"remoteIdentityKey":"BQQgTlCzdi0A3P49+q0yMhsrsdRFxHS7TZu3WQlocH1t"},"_chains":{"BTYSYQyzNtz2tckhE2ld73ZTnTBrOpo8xmwgNdElVD45":{"chainKey":{"counter":0,"key":"1klkGz8OfHolJjFAuDVsEnLO5r/5tZ/28b4Y56vng6g="},"chainType":1,"messageKeys":{}}},"pendingPreKey":{"signedKeyId":635887,"baseKey":"Bf6M+CmSsdwT8H2goFw0LK2/PuMgxeM/T86xB6SGthdU","preKeyId":1018}}},"version":"v1"}