{"_sessions":{"BVWX0IRpRUwFJT0ezKXs+ekFwspI78Sw0W2fSh9PGH4u":{"registrationId":185840370,"currentRatchet":{"ephemeralKeyPair":{"pubKey":"Bb9LAxslKEbmOHSTKgGkxf1bBus3US6me/mnXcZgRjxG","privKey":"gIn6rAClwIwxDLmeKnJJYbH4HOIvG4uUPCxOWAb09m8="},"lastRemoteEphemeralKey":"BZ/ARmv4wBNY1qfyHXUSUixnerpB+NxOeqewUKiL8MQD","previousCounter":0,"rootKey":"020gpZ6EM1DLMq1cOIsUKjrtH15YdNvenQ7qrz0guTg="},"indexInfo":{"baseKey":"BVWX0IRpRUwFJT0ezKXs+ekFwspI78Sw0W2fSh9PGH4u","baseKeyType":1,"closed":-1,"used":1748354358572,"created":1748354358572,"remoteIdentityKey":"BdDlzwZHsVwvUfqzEXqGKbPlU4ict1ZJF6GBObKfyk4A"},"_chains":{"Bb9LAxslKEbmOHSTKgGkxf1bBus3US6me/mnXcZgRjxG":{"chainKey":{"counter":0,"key":"rr/U5FVPftgHsrbYOfXr0uJVj4wLbdMEhBLKEa+vTIA="},"chainType":1,"messageKeys":{}}},"pendingPreKey":{"signedKeyId":6,"baseKey":"BVWX0IRpRUwFJT0ezKXs+ekFwspI78Sw0W2fSh9PGH4u","preKeyId":14922451}}},"version":"v1"}