{"_sessions":{"BfIZbYpYSlNdahspeSE4p/I6TCqk2wvoteoMvif+lEpg":{"registrationId":538664647,"currentRatchet":{"ephemeralKeyPair":{"pubKey":"BZHTpmxlKlUvMwQRB7re7zgrEjs5Pyd0WMK/1o75/rEN","privKey":"gL6xUs93O5ANmqwAssBwdEakk+XhHZu1YPgyA6LfZWQ="},"lastRemoteEphemeralKey":"BSQbvUEPHhVSQbHIdtg7smSIiK4aZOufwcglit/f+Lhv","previousCounter":0,"rootKey":"C0oE5zkzNO+x3f6DhC68KFOSsKA34DmZfRUkTFnOV9U="},"indexInfo":{"baseKey":"BfIZbYpYSlNdahspeSE4p/I6TCqk2wvoteoMvif+lEpg","baseKeyType":1,"closed":-1,"used":1748354359240,"created":1748354359240,"remoteIdentityKey":"BQvYALXKH8VWQCIFodVbXnTvM9xHDIKegpB3uXcmz01b"},"_chains":{"BZHTpmxlKlUvMwQRB7re7zgrEjs5Pyd0WMK/1o75/rEN":{"chainKey":{"counter":0,"key":"94InRWhrZJGBr3qv5G94jYsWlwVaKtciq4PikVEW55M="},"chainType":1,"messageKeys":{}}},"pendingPreKey":{"signedKeyId":2,"baseKey":"BfIZbYpYSlNdahspeSE4p/I6TCqk2wvoteoMvif+lEpg","preKeyId":7492133}}},"version":"v1"}