{"_sessions":{"BUWYgqrEiViM2aux1z47MejRmtKU45WrpoMugVfjQb4d":{"registrationId":233289886,"currentRatchet":{"ephemeralKeyPair":{"pubKey":"BdRRtE14WAidIVZYB0I/s2pRPiX7Rfy6jhYPqUCk0AdM","privKey":"KG7a8O4W8s64tHDx+MoXrYvhHNmApv5Hf8tr6Df533Q="},"lastRemoteEphemeralKey":"Bb0zWrXT74lxUpDYls85V8TBRLdUqOtUSu9rCtf6ljN5","previousCounter":0,"rootKey":"yfJEpK7gMf+AA8ewzM1I4/5FJhvrVtzNBWLwxBjQp8E="},"indexInfo":{"baseKey":"BUWYgqrEiViM2aux1z47MejRmtKU45WrpoMugVfjQb4d","baseKeyType":1,"closed":-1,"used":1748354347748,"created":1748354347748,"remoteIdentityKey":"BW6SKYL4NtoJCJCgqWuAwgada7jj7SC0PCra+f+aUzE1"},"_chains":{"BdRRtE14WAidIVZYB0I/s2pRPiX7Rfy6jhYPqUCk0AdM":{"chainKey":{"counter":0,"key":"lE87ZhzHGqn+qDY78I22tgmzlqShMLHZXN/i+t0AhdE="},"chainType":1,"messageKeys":{}}},"pendingPreKey":{"signedKeyId":1,"baseKey":"BUWYgqrEiViM2aux1z47MejRmtKU45WrpoMugVfjQb4d","preKeyId":1064005}}},"version":"v1"}