{"_sessions":{"BUXBwa0PMOe+73tW9pqNxoDx1v1J5TR3/NNGToiY0SQU":{"registrationId":430260406,"currentRatchet":{"ephemeralKeyPair":{"pubKey":"BeYwOAfxldPoit9qMghgKUeocYnvCjoCXe0hZzeu73Ug","privKey":"KG/X7iHsz2d+OJZuVIWX7WT4jZ+YvVzJ2jeaGMeKtVU="},"lastRemoteEphemeralKey":"BSuVACBpmiJ88vN6RRvN6qCMkJDymRm1rxJEpCsEbg49","previousCounter":0,"rootKey":"YLLRKl8zD/6UhMhOQ3oXZrK8R0cjsaH6GqkEAZO5tBE="},"indexInfo":{"baseKey":"BUXBwa0PMOe+73tW9pqNxoDx1v1J5TR3/NNGToiY0SQU","baseKeyType":1,"closed":-1,"used":1748354359038,"created":1748354359038,"remoteIdentityKey":"BXEIQWOcNfwyCtJfswtOtJtyJ+WYHVBoUGIWv9FmnLF5"},"_chains":{"BeYwOAfxldPoit9qMghgKUeocYnvCjoCXe0hZzeu73Ug":{"chainKey":{"counter":0,"key":"2rsdImltMb3glgLeDxSLZSH27dJVOLQOjXrAeVGsDks="},"chainType":1,"messageKeys":{}}},"pendingPreKey":{"signedKeyId":1,"baseKey":"BUXBwa0PMOe+73tW9pqNxoDx1v1J5TR3/NNGToiY0SQU","preKeyId":4808826}}},"version":"v1"}