{"_sessions":{"BUJIhttmbr63Zi7cqB6IFlAx2IyLEqVoIuejiRzzGbQO":{"registrationId":1313454629,"currentRatchet":{"ephemeralKeyPair":{"pubKey":"BQDVYHIj3rVT1MYeytmzBTd8LYJFpvLI6dnaG1dO1Awb","privKey":"UA2vsMuX2dwUKlD+OkSaB6ni9vEeJT60mAgAYlx44XI="},"lastRemoteEphemeralKey":"BU87euGZbpe1exZFoFMIBomNlZGC9yr6kWFLBY12grVC","previousCounter":0,"rootKey":"OKr7433/9oDrUS9o5pUDLpXvo5C7yxAdxCWxLvy1E3s="},"indexInfo":{"baseKey":"BUJIhttmbr63Zi7cqB6IFlAx2IyLEqVoIuejiRzzGbQO","baseKeyType":1,"closed":-1,"used":1748354347956,"created":1748354347956,"remoteIdentityKey":"Bb3tdMj2e69H5CZPFGbBmBmsesVMo0/iPdEuqS99GlAp"},"_chains":{"BQDVYHIj3rVT1MYeytmzBTd8LYJFpvLI6dnaG1dO1Awb":{"chainKey":{"counter":0,"key":"15oDUJeF8kXzfeA8Ld1Fz1XsMnj4UvKwprJoE2Q8wNY="},"chainType":1,"messageKeys":{}}},"pendingPreKey":{"signedKeyId":3,"baseKey":"BUJIhttmbr63Zi7cqB6IFlAx2IyLEqVoIuejiRzzGbQO","preKeyId":3934705}}},"version":"v1"}