{"_sessions":{"BbP7YXJMlw3zlb6Qz+vQvNEP9sI1DLRB/paVIOj662sm":{"registrationId":1968774569,"currentRatchet":{"ephemeralKeyPair":{"pubKey":"BRcaAjgBBj+qR5bABxbW6CChpFnocYvHJrOcMIZN7RZF","privKey":"GKSIeTlHxa8PdkKvMItSyP5PLpyWxyecg3EsBGnGY2U="},"lastRemoteEphemeralKey":"BRarMoP0OsSgUg98Aa72aoHW95pR8Y7agP1QAOxptOZL","previousCounter":0,"rootKey":"j8YnZNIQk1XnVLeDN+ohk5NiV4vsdBVJ92tscYVDKcM="},"indexInfo":{"baseKey":"BbP7YXJMlw3zlb6Qz+vQvNEP9sI1DLRB/paVIOj662sm","baseKeyType":1,"closed":-1,"used":1748354347672,"created":1748354347672,"remoteIdentityKey":"BYM8KHEsBSi+b5re+G28BvfoltQseHHbi+ssvUUKdqgL"},"_chains":{"BRcaAjgBBj+qR5bABxbW6CChpFnocYvHJrOcMIZN7RZF":{"chainKey":{"counter":0,"key":"qKl+nl21ZqtRcKiKOvIaKxmTmIStqQx5O3sGa0luAb8="},"chainType":1,"messageKeys":{}}},"pendingPreKey":{"signedKeyId":0,"baseKey":"BbP7YXJMlw3zlb6Qz+vQvNEP9sI1DLRB/paVIOj662sm","preKeyId":13225602}}},"version":"v1"}