{"_sessions":{"BVPuCDijsN7xpKS08IuvAUMZIowiEJP6aKL8gYjJ87Bk":{"registrationId":1780612086,"currentRatchet":{"ephemeralKeyPair":{"pubKey":"BfcofioGsN1IwjL572RuGP7TGbdv3FWgxvLhEUr9IktH","privKey":"MLGt26fkG/JpY7MebceOcXNz+ICGNYXuhOX4I2QBv08="},"lastRemoteEphemeralKey":"BRygks9XGedilxxLAJxQDA9JUd5Jugnaxj77mIgJh7QR","previousCounter":0,"rootKey":"QITxdAn5s1Yzx9t+BHg7gmyzFZbfNCFuInSeQy7fSGw="},"indexInfo":{"baseKey":"BVPuCDijsN7xpKS08IuvAUMZIowiEJP6aKL8gYjJ87Bk","baseKeyType":1,"closed":-1,"used":1748354347843,"created":1748354347843,"remoteIdentityKey":"BQqDeGXFG36RgbpgTnjmAc4YZNatBzQf05DwYV8ycWpG"},"_chains":{"BfcofioGsN1IwjL572RuGP7TGbdv3FWgxvLhEUr9IktH":{"chainKey":{"counter":0,"key":"8rQX+gEdffgFuOoythjs+EAY63bla9rtoES2nQ9DBGM="},"chainType":1,"messageKeys":{}}},"pendingPreKey":{"signedKeyId":12281867,"baseKey":"BVPuCDijsN7xpKS08IuvAUMZIowiEJP6aKL8gYjJ87Bk"}}},"version":"v1"}