{"_sessions":{"BRfvnIHbr2H7qA63VwYaG+6NzY3D7aiupjef8BXmeSlz":{"registrationId":1299285624,"currentRatchet":{"ephemeralKeyPair":{"pubKey":"BXX5Qr880Th0DXi2GnyMgxGmf4qKDVSlqcMGeCxD/cUg","privKey":"AHupU6fdGlRVmbtbXxc5bY/IF+6Iyt6C3Jdkg1RQPE0="},"lastRemoteEphemeralKey":"BUvKuxwvCRF/DdyUCflgdeJQz8LlMwf7d/Sfp2xtfMFb","previousCounter":0,"rootKey":"a1dv/BvnqiAtlWW8UeU3QROjdp8UyETJTP7bD1KdlPU="},"indexInfo":{"baseKey":"BRfvnIHbr2H7qA63VwYaG+6NzY3D7aiupjef8BXmeSlz","baseKeyType":1,"closed":-1,"used":1748354358403,"created":1748354358403,"remoteIdentityKey":"BfvOG+Hv4WvABiP1YwZ9gvQHYo0FWPWMObof3pVM9FEi"},"_chains":{"BXX5Qr880Th0DXi2GnyMgxGmf4qKDVSlqcMGeCxD/cUg":{"chainKey":{"counter":0,"key":"pd/rNOonRxM9BiEoWTW88umbwQ543mMUAoieZwJz+V8="},"chainType":1,"messageKeys":{}}},"pendingPreKey":{"signedKeyId":41,"baseKey":"BRfvnIHbr2H7qA63VwYaG+6NzY3D7aiupjef8BXmeSlz","preKeyId":716551}}},"version":"v1"}