{"_sessions":{"BZ75i4ib1kCLN78XbpNGQmpOEmN8IWQONRuYGOVYC38i":{"registrationId":1435540428,"currentRatchet":{"ephemeralKeyPair":{"pubKey":"Bbs1o4GzKNHnWE+rMWzrUZtgm3798DUEPIYGe0KCQDgl","privKey":"EPYvMQxtm5Z+nzS6NTATcZkitQGQ/7DfnwbKdfRSvkk="},"lastRemoteEphemeralKey":"BetIvIzKdbNexo84sBxBf2zGxGqjtjexyuMjqC8Gvsxa","previousCounter":0,"rootKey":"pE5FDWSTP60aqXKJLi547S8kgig4dNXu1dhJcl+OFeo="},"indexInfo":{"baseKey":"BZ75i4ib1kCLN78XbpNGQmpOEmN8IWQONRuYGOVYC38i","baseKeyType":1,"closed":-1,"used":1748354351873,"created":1748354351873,"remoteIdentityKey":"BadegJYxrk+TV+XJnoUZDjlBGXXfjZH2KhH/LwzHLpcu"},"_chains":{"Bbs1o4GzKNHnWE+rMWzrUZtgm3798DUEPIYGe0KCQDgl":{"chainKey":{"counter":0,"key":"BUBJZucr/l1ZV+2n6BtqCiqYhIUS2cBUB92bNhIZFeI="},"chainType":1,"messageKeys":{}}},"pendingPreKey":{"signedKeyId":27,"baseKey":"BZ75i4ib1kCLN78XbpNGQmpOEmN8IWQONRuYGOVYC38i","preKeyId":7448961}}},"version":"v1"}