{"_sessions":{"BYgT9HbKsNFJO93v6Z9WY4dSthwbfdOTU9aA+crD7Lk4":{"registrationId":642131398,"currentRatchet":{"ephemeralKeyPair":{"pubKey":"BcSdJwwFZLDm0vgT3lyYGB2N3427WAQF4f8oETU2BkN8","privKey":"GOG29X60mHVelxg94Dl4lEIocbJwTWGOCfrShfrShFU="},"lastRemoteEphemeralKey":"BeF9pVxPtwtKZ71IK59igSkQQaipIFvFst+huOOC4UY1","previousCounter":0,"rootKey":"W4s6EyWpFn4hEe1NN6+27nMAHN+1rism2i79opdAYgY="},"indexInfo":{"baseKey":"BYgT9HbKsNFJO93v6Z9WY4dSthwbfdOTU9aA+crD7Lk4","baseKeyType":1,"closed":-1,"used":1748354358653,"created":1748354358653,"remoteIdentityKey":"BXe+cDgOPKWbHJhIW7KqpZpTzWNooLt7Pm3kREiRsf9f"},"_chains":{"BcSdJwwFZLDm0vgT3lyYGB2N3427WAQF4f8oETU2BkN8":{"chainKey":{"counter":0,"key":"Fd1Eljyqj0sxnK8jIuMlNqVqHPRTX+jOFteL8f5+2ZE="},"chainType":1,"messageKeys":{}}},"pendingPreKey":{"signedKeyId":2,"baseKey":"BYgT9HbKsNFJO93v6Z9WY4dSthwbfdOTU9aA+crD7Lk4","preKeyId":8125396}}},"version":"v1"}