{"_sessions":{"BdcawM7UL3JAQzzYPSEmUjuJTtORpce/zqRmokCu7Ko7":{"registrationId":1670449135,"currentRatchet":{"ephemeralKeyPair":{"pubKey":"BTOC838vNQC+wgjm/IJSNNZDm34Vvd9oM6BySmVDQ8E0","privKey":"iGT6jtHuP7Lj+ul6sRuYltY1nEY3uFHDbxyW6J18tkk="},"lastRemoteEphemeralKey":"BY//i+Ou3dKikH1I0XuLQHAbZMZefLJ9vq75XgHTtSZu","previousCounter":0,"rootKey":"4q9evCFhQwrc7erNISj2osI9m28jgkgpZIFN7WKh81g="},"indexInfo":{"baseKey":"BdcawM7UL3JAQzzYPSEmUjuJTtORpce/zqRmokCu7Ko7","baseKeyType":1,"closed":-1,"used":1748354355538,"created":1748354355538,"remoteIdentityKey":"BSBBdaMj+xwljSjUdHfOm3NDC+UdAIwSz1aEcKjpv80o"},"_chains":{"BTOC838vNQC+wgjm/IJSNNZDm34Vvd9oM6BySmVDQ8E0":{"chainKey":{"counter":0,"key":"N8TLtX8j48+kYxFn6pwrCLheWJKntOKlmV14hXpkg9M="},"chainType":1,"messageKeys":{}}},"pendingPreKey":{"signedKeyId":1,"baseKey":"BdcawM7UL3JAQzzYPSEmUjuJTtORpce/zqRmokCu7Ko7","preKeyId":4181101}}},"version":"v1"}