{"_sessions":{"BeBB3Gt1pw+FLAD5s+SVnsb1FBsgu3EdkbRkZVZFtPF8":{"registrationId":132,"currentRatchet":{"ephemeralKeyPair":{"pubKey":"BeSXB75yFooACeLFs3oJK/cLRUvzsno+EtyeLsNjUT5j","privKey":"2GfN5ZQtK9r3IHVDUYcFI081c6NYWYR0sgSkAdhhV24="},"lastRemoteEphemeralKey":"BX9IE7KVoYB+RsistdceckcdI1txoBwbSySqZPL0dBN5","previousCounter":0,"rootKey":"75OlM2ScvEP3h6oQzHJTySA+uic7GFmxcgH7G0lpaMk="},"indexInfo":{"baseKey":"BeBB3Gt1pw+FLAD5s+SVnsb1FBsgu3EdkbRkZVZFtPF8","baseKeyType":1,"closed":-1,"used":1748348758106,"created":1748348748172,"remoteIdentityKey":"BWETIUMcL4feSfXtGG5xMcTW1kpLvEBG5XQ2+pRVEu9l"},"_chains":{"BX9IE7KVoYB+RsistdceckcdI1txoBwbSySqZPL0dBN5":{"chainKey":{"counter":0,"key":"1WrqStBAEeL06hHFaTyjdSd0fTz9i4bVfSQrOB9sdhs="},"chainType":2,"messageKeys":{}},"BeSXB75yFooACeLFs3oJK/cLRUvzsno+EtyeLsNjUT5j":{"chainKey":{"counter":0,"key":"JKGvb8HOy8IDEvTAWVOcSKYVSoSWXhlf1IdeWg7yNVY="},"chainType":1,"messageKeys":{}}}}},"version":"v1"}