{"_sessions":{"BTNv3Gnyf17/H+7mmanpRD2C3sAZV9FveNpWF/lbSTAz":{"registrationId":1383502029,"currentRatchet":{"ephemeralKeyPair":{"pubKey":"BSyHAGQsMoeNiqxudrIbTZylW0u3CnfRvks9LKAiR49s","privKey":"+CxgsOZ8zL7D4oPdGfQxgDFYkv+sif9/xNnq+D9Or3M="},"lastRemoteEphemeralKey":"BSgj66mdZjAHgezbD7V3u4lFaXnHrW1QOcUAy1ir3vgP","previousCounter":0,"rootKey":"fyeWff/1eQNY4sCwqFUCTFuU8L3V1KcbqqXCYIviw3E="},"indexInfo":{"baseKey":"BTNv3Gnyf17/H+7mmanpRD2C3sAZV9FveNpWF/lbSTAz","baseKeyType":1,"closed":-1,"used":1748354352118,"created":1748354352118,"remoteIdentityKey":"BciNE2K4bzccDJSK9N+mPaTNcKnDt5oDzugG1lebn0Qb"},"_chains":{"BSyHAGQsMoeNiqxudrIbTZylW0u3CnfRvks9LKAiR49s":{"chainKey":{"counter":0,"key":"TfPuAqngB618dfC6+dsq3HkpV+uh4mSW/ABz1v4B5jo="},"chainType":1,"messageKeys":{}}},"pendingPreKey":{"signedKeyId":39,"baseKey":"BTNv3Gnyf17/H+7mmanpRD2C3sAZV9FveNpWF/lbSTAz","preKeyId":8765207}}},"version":"v1"}