{"_sessions":{"BcuyzHuXzF0hs8SKx08Y5FaMlAG621iV7ikd6uA1vC8i":{"registrationId":732818300,"currentRatchet":{"ephemeralKeyPair":{"pubKey":"BcPQz4tZlZhajxKXxVVvx26AKpHVYNmMn/OWfY6u1FBz","privKey":"OIOYQuQIYAq5Cah5c5c1uumvKMV4WIhg4NO3Vyc7zEY="},"lastRemoteEphemeralKey":"BcPQnfCVFOaOuW++pZuh6rtfL4gysaokpucflsdWDyxI","previousCounter":0,"rootKey":"nwu1NzxIMmQ66jRSxsOSEX1TtRyO29vaa+kW8fxuqqw="},"indexInfo":{"baseKey":"BcuyzHuXzF0hs8SKx08Y5FaMlAG621iV7ikd6uA1vC8i","baseKeyType":1,"closed":-1,"used":1748354354756,"created":1748354354756,"remoteIdentityKey":"BcsucqIAd+QT+zaFAMtAv+yPkOQVj2N/yVN1rOFPqOIQ"},"_chains":{"BcPQz4tZlZhajxKXxVVvx26AKpHVYNmMn/OWfY6u1FBz":{"chainKey":{"counter":0,"key":"+yHeqqd1MhUWD1mpQKggIeSFJttdaddxOy8pnyy1tz8="},"chainType":1,"messageKeys":{}}},"pendingPreKey":{"signedKeyId":1,"baseKey":"BcuyzHuXzF0hs8SKx08Y5FaMlAG621iV7ikd6uA1vC8i","preKeyId":7822549}}},"version":"v1"}