{"_sessions":{"BR1YgprQN9yOwFyvonNYRwi9EKtB2GpRcWJQ6GzTD94o":{"registrationId":5119,"currentRatchet":{"ephemeralKeyPair":{"pubKey":"BSlBP8WaiVZtm67vbLlmtgHf3zS6FtVMJgUz6xOnNOcN","privKey":"0DDE0Wzm9J3ufQUkAbwaqGbiLpqVYNtkSmYTZ8CwtWI="},"lastRemoteEphemeralKey":"BZt3whzotCA8EyhyR2zuEBb99uJ5m+HHMIW2nbZHoSVI","previousCounter":0,"rootKey":"v+RNqZXWudu9yOqcZmYAtWl/3lj2REkm4YQzhU7n2lA="},"indexInfo":{"baseKey":"BR1YgprQN9yOwFyvonNYRwi9EKtB2GpRcWJQ6GzTD94o","baseKeyType":1,"closed":-1,"used":1748354347374,"created":1748354347374,"remoteIdentityKey":"BaeGRyJcty+VzrTfe4Sv5zPOq5qOVf9KFPgVsXrG8SMV"},"_chains":{"BSlBP8WaiVZtm67vbLlmtgHf3zS6FtVMJgUz6xOnNOcN":{"chainKey":{"counter":0,"key":"i8lrWC3gcKUlJPetHJ2eqRjU7LNE0kMoa8aGUVX+skg="},"chainType":1,"messageKeys":{}}},"pendingPreKey":{"signedKeyId":1,"baseKey":"BR1YgprQN9yOwFyvonNYRwi9EKtB2GpRcWJQ6GzTD94o"}}},"version":"v1"}