{"_sessions":{"BTXr6MTWpWjhdPHAQAuO8PVnNi1IMq8Zhtn1RZx1fAlg":{"registrationId":1280106095,"currentRatchet":{"ephemeralKeyPair":{"pubKey":"BWvyIcptkVm44oTncDwg4LiRAZtypoUwIiibOxkB/jkT","privKey":"gCh+kijcYpbXRuTthGlMrAeZwaj/aSf4cbF0+vF02X8="},"lastRemoteEphemeralKey":"BaH+RZK0EKoIOU0Hxi+lh3KBVLUFATgQZ4jq4dAel0kH","previousCounter":0,"rootKey":"KAnr9FhDP/54dlPut4IfX5frDm7h7SPGyRehKkDPtFQ="},"indexInfo":{"baseKey":"BTXr6MTWpWjhdPHAQAuO8PVnNi1IMq8Zhtn1RZx1fAlg","baseKeyType":1,"closed":-1,"used":1748354355032,"created":1748354355032,"remoteIdentityKey":"BblP8XBlruaIC4vNAOk8Lcy/nXomN8+RTuEc8h3aviRA"},"_chains":{"BWvyIcptkVm44oTncDwg4LiRAZtypoUwIiibOxkB/jkT":{"chainKey":{"counter":0,"key":"NCAwSeadUpPJy2KszcGdkqT8ZuGVBto+OcwFp/s/yOc="},"chainType":1,"messageKeys":{}}},"pendingPreKey":{"signedKeyId":0,"baseKey":"BTXr6MTWpWjhdPHAQAuO8PVnNi1IMq8Zhtn1RZx1fAlg","preKeyId":16465779}}},"version":"v1"}