{"_sessions":{"BR6o2olpfL7JonjMj5PPsV/6Nx62O1IMZIXLOWVbUJli":{"registrationId":1950182853,"currentRatchet":{"ephemeralKeyPair":{"pubKey":"BQLaRoaBGkcu4J4cxoydfBDCcafvKfHlhsBeZ4Uu50Ux","privKey":"cOnQRIVZ60O/z4HH2Irqow+QyNC+yI464dslbG7PKWo="},"lastRemoteEphemeralKey":"Bb2TAgqPKadAdxjhcAW1Fdz0odQln3YXawHDMyeC2qYO","previousCounter":0,"rootKey":"1NA67dgyAmS3Ay5mxgZtz1776k2zvgl1b4cQj/KQ8wc="},"indexInfo":{"baseKey":"BR6o2olpfL7JonjMj5PPsV/6Nx62O1IMZIXLOWVbUJli","baseKeyType":1,"closed":-1,"used":1748354360563,"created":1748354360563,"remoteIdentityKey":"BcRPsxmKegDlloc8x5CexHeHDO8Dc1rPlg5YtaYMN6kT"},"_chains":{"BQLaRoaBGkcu4J4cxoydfBDCcafvKfHlhsBeZ4Uu50Ux":{"chainKey":{"counter":0,"key":"NKoDAbfuXDpgSt6P0OzXWQeoa7PsTingzGkcTQyZ6GQ="},"chainType":1,"messageKeys":{}}},"pendingPreKey":{"signedKeyId":3,"baseKey":"BR6o2olpfL7JonjMj5PPsV/6Nx62O1IMZIXLOWVbUJli","preKeyId":10207766}}},"version":"v1"}