{"_sessions":{"BQfCVL2cdHkzRzshYCnSnpHUEKd09DRMR/Qj86XNl34y":{"registrationId":504355178,"currentRatchet":{"ephemeralKeyPair":{"pubKey":"BZTasuJhQjs3DYgBosZyjpti/9nvywKybr/nvq3yVg0x","privKey":"sPYh/3/lcRNeaywGC1RcoGviPpIwO49pzF5cZGABmF0="},"lastRemoteEphemeralKey":"BWQO7+i5O40W7NoYdfUVKqjwHmrj2HRNadwaxL5V3chO","previousCounter":0,"rootKey":"SwyEOhXH/9CnFljbWnRdXphBbYJNO/KeIGaMVRrRnUw="},"indexInfo":{"baseKey":"BQfCVL2cdHkzRzshYCnSnpHUEKd09DRMR/Qj86XNl34y","baseKeyType":1,"closed":-1,"used":1748354354897,"created":1748354354897,"remoteIdentityKey":"BdZzOHTnUL4EIb7axgpN1U+NuACQJjq2B+0nMrnXTf1T"},"_chains":{"BZTasuJhQjs3DYgBosZyjpti/9nvywKybr/nvq3yVg0x":{"chainKey":{"counter":0,"key":"v4VkU9oddg7VeaK926tpSsfYR3Yi5AFL0K1pcTVgqew="},"chainType":1,"messageKeys":{}}},"pendingPreKey":{"signedKeyId":4,"baseKey":"BQfCVL2cdHkzRzshYCnSnpHUEKd09DRMR/Qj86XNl34y","preKeyId":10348110}}},"version":"v1"}