{"_sessions":{"BWHGwb22m7xzhXSmNdUnwVkedayyTkG0hIgCVkSnYzRs":{"registrationId":315967176,"currentRatchet":{"ephemeralKeyPair":{"pubKey":"BaKFQmlhJB9fXQJoJuwmxIyMmovGcciJxtqXv5Ggn0sT","privKey":"wF+aF/F5e37w2QWlTWQUARfVcO4pvm5g4j7DNRGNDWU="},"lastRemoteEphemeralKey":"Bf3ViG5kN8+w/jijB/wjPzJxyVoNfiTFgQdy8XNhwCU/","previousCounter":0,"rootKey":"MQR/3cpu4NBrz2j9zYFRaLBle4IxOjyHNrbIguPk34g="},"indexInfo":{"baseKey":"BWHGwb22m7xzhXSmNdUnwVkedayyTkG0hIgCVkSnYzRs","baseKeyType":1,"closed":-1,"used":1748354355020,"created":1748354355020,"remoteIdentityKey":"BQY8gBEnd1x6ohGTOvHaA8B53HJH2qG/ZO16nrS0P2UC"},"_chains":{"BaKFQmlhJB9fXQJoJuwmxIyMmovGcciJxtqXv5Ggn0sT":{"chainKey":{"counter":0,"key":"vDemNJutEYTILby/oeg/MFp1KzjhFpdfTxcBGtmP+v8="},"chainType":1,"messageKeys":{}}},"pendingPreKey":{"signedKeyId":15,"baseKey":"BWHGwb22m7xzhXSmNdUnwVkedayyTkG0hIgCVkSnYzRs","preKeyId":7546558}}},"version":"v1"}