{"_sessions":{"BeQ5rIxPBzgC+EN9tsgWzejexennW9I4xwn0lAYEZkJy":{"registrationId":1699610204,"currentRatchet":{"ephemeralKeyPair":{"pubKey":"BVufR2tCNJhEbXdzXoZ19WSYgdcV6whYDxN4vTdOfbUL","privKey":"mLNSife5+mpmvFTB0PrUGGsYgPB9Z7EUtxUOlDBN9VM="},"lastRemoteEphemeralKey":"BdzVg1fiWFnmfGk1s9U3TqPV05CbihJODH5U8yP+asxF","previousCounter":0,"rootKey":"ls9EuWoxUify41wX9+cvh3NbvZvWEclgcqay/V7pr1E="},"indexInfo":{"baseKey":"BeQ5rIxPBzgC+EN9tsgWzejexennW9I4xwn0lAYEZkJy","baseKeyType":1,"closed":-1,"used":1748354358813,"created":1748354358813,"remoteIdentityKey":"BZKfsFIpeiFFm96jfoHRkuAfHfMV5EE63uzueO0eTldI"},"_chains":{"BVufR2tCNJhEbXdzXoZ19WSYgdcV6whYDxN4vTdOfbUL":{"chainKey":{"counter":0,"key":"s7jnGcM9xuMfKhwUorAa9IPmshME2gEqWyd7/tWGwGs="},"chainType":1,"messageKeys":{}}},"pendingPreKey":{"signedKeyId":1,"baseKey":"BeQ5rIxPBzgC+EN9tsgWzejexennW9I4xwn0lAYEZkJy","preKeyId":10980053}}},"version":"v1"}