{"_sessions":{"BfSfWlwF8F5EIPn6yEqwnPJuqNxmeRGjvW375sJGlmIw":{"registrationId":1762319964,"currentRatchet":{"ephemeralKeyPair":{"pubKey":"BYIwUpBoHQpKhd2bDqd8qzyWy6YRjv/6gXAzluTxpqYu","privKey":"wDysIkQKle+UxuPdArruIrY7w3BsByQDUUXtrwJj1lc="},"lastRemoteEphemeralKey":"BcDW8lI4ru5nq7aXnXX9hkbMtCMSOjHyr3xZB2BmFHF4","previousCounter":0,"rootKey":"TbC8/1DRuUtP3PebIje+GK+ErnkFI0du5bsWkQXEFxw="},"indexInfo":{"baseKey":"BfSfWlwF8F5EIPn6yEqwnPJuqNxmeRGjvW375sJGlmIw","baseKeyType":1,"closed":-1,"used":1748354351620,"created":1748354351620,"remoteIdentityKey":"BRsghq6P+AW7SM6Uc8QNLQh7/4G9v93VEIGbrnGvH6MI"},"_chains":{"BYIwUpBoHQpKhd2bDqd8qzyWy6YRjv/6gXAzluTxpqYu":{"chainKey":{"counter":0,"key":"wtTN7Vk8tcsfqXIbmgHBFo7nSJYStIOYYnIX3FPrKT0="},"chainType":1,"messageKeys":{}}},"pendingPreKey":{"signedKeyId":0,"baseKey":"BfSfWlwF8F5EIPn6yEqwnPJuqNxmeRGjvW375sJGlmIw","preKeyId":6479932}}},"version":"v1"}