{"_sessions":{"BaKtkZKIQ2XMqfB7Gr4FWE4RlKHqOxIvQG4RY8VN20MU":{"registrationId":1863434951,"currentRatchet":{"ephemeralKeyPair":{"pubKey":"BcTKo4No0LbvkZ6Cgo+tZYoC2CQX2SJGv+Y7NxmBHMAG","privKey":"COWQPeK4NJeK6YrCmZ8Nwd8TiCAIcW5d2P1rCAUaSWg="},"lastRemoteEphemeralKey":"BfIZxA94L3Ir4a5C7QMvgnOqSd/Dd5EvdH+XIu3wfCAR","previousCounter":0,"rootKey":"MCmWjq7FQj4sdMh4LwUnuWmNMQMt8FVmgt5CEqyHcbo="},"indexInfo":{"baseKey":"BaKtkZKIQ2XMqfB7Gr4FWE4RlKHqOxIvQG4RY8VN20MU","baseKeyType":1,"closed":-1,"used":1748354359105,"created":1748354359105,"remoteIdentityKey":"BShnGrRjimqljueCKnXEPEcd25ujzphsyrLRAieaLQoI"},"_chains":{"BcTKo4No0LbvkZ6Cgo+tZYoC2CQX2SJGv+Y7NxmBHMAG":{"chainKey":{"counter":0,"key":"T6PghxMBio6+Ftr7RXYpbV5RI522ouO64gQ8ZZ5SV60="},"chainType":1,"messageKeys":{}}},"pendingPreKey":{"signedKeyId":0,"baseKey":"BaKtkZKIQ2XMqfB7Gr4FWE4RlKHqOxIvQG4RY8VN20MU","preKeyId":12273723}}},"version":"v1"}