{"_sessions":{"BfphnivmKaPRD7aK6CRzlN1ggRBhit6G0r2UCrLY7LtW":{"registrationId":1014280726,"currentRatchet":{"ephemeralKeyPair":{"pubKey":"BUNxtEYV5JopdpffXxBKIZ9HercsQiLiEsIxUo3i1gVn","privKey":"YPPOTVnIPHOZI9fQ8DQgVBiQvsg9z3yD5gKvQICj0HI="},"lastRemoteEphemeralKey":"BaYeiaJmpMusirrL6lSrqZPqL91lfiRNoCpTgre75lEB","previousCounter":0,"rootKey":"G+LLPkkjCyla6gBbd506+h2+ZKcXIiEuhQ+0OoVbDps="},"indexInfo":{"baseKey":"BfphnivmKaPRD7aK6CRzlN1ggRBhit6G0r2UCrLY7LtW","baseKeyType":1,"closed":-1,"used":1748354351391,"created":1748354351391,"remoteIdentityKey":"BZJbQeHBpglqCUJ/AupjedkkbCletJxjBOrAz5l2jIdg"},"_chains":{"BUNxtEYV5JopdpffXxBKIZ9HercsQiLiEsIxUo3i1gVn":{"chainKey":{"counter":0,"key":"u7Gu7DJVm2mMHMgb1kDs4ScUo68ZCsVwLliW4b6eIiU="},"chainType":1,"messageKeys":{}}},"pendingPreKey":{"signedKeyId":1,"baseKey":"BfphnivmKaPRD7aK6CRzlN1ggRBhit6G0r2UCrLY7LtW","preKeyId":5218039}}},"version":"v1"}