{"_sessions":{"BXpoqSA7vgEJb9o/AvY9KKnh9DPyzojTlCH6Z9EdKIJ5":{"registrationId":798571539,"currentRatchet":{"ephemeralKeyPair":{"pubKey":"BQXenXJFdSic5gahknEDoJ3boStqI0PwZIA/zFkcewQ0","privKey":"mFNqWPWWsk4NgHSJGMg1IfmSSBHRHfLO6PLoEa+VU1w="},"lastRemoteEphemeralKey":"BVhDtTod5zYAFuZdAGbqAKf3RxdSHx+8G5VqDZSKr1RF","previousCounter":0,"rootKey":"fiQ5Y5QXYZCsY80FS+M3d+Gwacnjg273fRmEzh/pAXs="},"indexInfo":{"baseKey":"BXpoqSA7vgEJb9o/AvY9KKnh9DPyzojTlCH6Z9EdKIJ5","baseKeyType":1,"closed":-1,"used":1748354348345,"created":1748354348345,"remoteIdentityKey":"Bezb4NgywLzEnaHPkbzdRfrbBZH56HLvmwxgn2hq3u4l"},"_chains":{"BQXenXJFdSic5gahknEDoJ3boStqI0PwZIA/zFkcewQ0":{"chainKey":{"counter":0,"key":"UrAygtLVOgYTA6Y2+are9W1eZAOlGKGVk6BiOAZPpjg="},"chainType":1,"messageKeys":{}}},"pendingPreKey":{"signedKeyId":22,"baseKey":"BXpoqSA7vgEJb9o/AvY9KKnh9DPyzojTlCH6Z9EdKIJ5","preKeyId":14821747}}},"version":"v1"}