{"_sessions":{"BRnpBjSZvwQuHqChlaclC/y2eNL5b/H+OyJBLurDXrxc":{"registrationId":2128629108,"currentRatchet":{"ephemeralKeyPair":{"pubKey":"BblNRlWS9SEzgJlBHLuyoQt8Z1p72GdrwplpH8y3me0a","privKey":"wDQPlT9MSZFIPUwA4JDxppxwgdrdRZUlFTi9r3NB8kU="},"lastRemoteEphemeralKey":"BQL0rpSDywWUpxFSFJH3XIlKAOJrK55SpQxAI3/ruvpQ","previousCounter":0,"rootKey":"Qo9bYkJV9I9gXqXZEUdEpHz5D5M2qPD5kPsrn3Tjx2w="},"indexInfo":{"baseKey":"BRnpBjSZvwQuHqChlaclC/y2eNL5b/H+OyJBLurDXrxc","baseKeyType":1,"closed":-1,"used":1748354358708,"created":1748354358708,"remoteIdentityKey":"BU3fIrX+oDVfl/Qlut+fClx64x3fWvtdFW3Z0jpCMuME"},"_chains":{"BblNRlWS9SEzgJlBHLuyoQt8Z1p72GdrwplpH8y3me0a":{"chainKey":{"counter":0,"key":"pRIhRyG3WEJNmBGr7UZWwy7ps+RMph0F3hB0UQDThJ8="},"chainType":1,"messageKeys":{}}},"pendingPreKey":{"signedKeyId":0,"baseKey":"BRnpBjSZvwQuHqChlaclC/y2eNL5b/H+OyJBLurDXrxc","preKeyId":11799681}}},"version":"v1"}