{"_sessions":{"Bbvj2gzZzA5tIBQNQSZrInuGkitx+DycIt9EehjEuKcL":{"registrationId":921532290,"currentRatchet":{"ephemeralKeyPair":{"pubKey":"BYtZFC6i5aGVw6y95Tx9/R5/pGILKUO7uQeaJoVOgjpy","privKey":"CG9iEvudt1d6drRTqa9+WoC7C17XeyyTXKA4Q22htVg="},"lastRemoteEphemeralKey":"BUqbqTvqFe0Vw7egZksWnWH7MV7agm3wNauocxi1oBhx","previousCounter":0,"rootKey":"LOTIcGqTIhAC05Sm0WWeV0wMsgq/InBJN9ipfS1pLl4="},"indexInfo":{"baseKey":"Bbvj2gzZzA5tIBQNQSZrInuGkitx+DycIt9EehjEuKcL","baseKeyType":1,"closed":-1,"used":1748354358784,"created":1748354358784,"remoteIdentityKey":"BTSDSrM2myqYQdj+qrW7QliRVk2k+VNJErRWt/B+20tF"},"_chains":{"BYtZFC6i5aGVw6y95Tx9/R5/pGILKUO7uQeaJoVOgjpy":{"chainKey":{"counter":0,"key":"CVQlBzwQ3AdNy29DIOOSXsRmoU6nODuFne0AlGUqR6M="},"chainType":1,"messageKeys":{}}},"pendingPreKey":{"signedKeyId":12,"baseKey":"Bbvj2gzZzA5tIBQNQSZrInuGkitx+DycIt9EehjEuKcL","preKeyId":10638168}}},"version":"v1"}