{"_sessions":{"BY3iViq/4MxrKAw7/h9Se7U5hCneOZvkSpe2aX+jJ90V":{"registrationId":1252860576,"currentRatchet":{"ephemeralKeyPair":{"pubKey":"BVbTJy9aSfd4OfQTID1Rbne7V1IN5aMaaW5axtOJdVFC","privKey":"UK5U0cXcCGc//LizCQqzVIJfkrmXAUpMqvq50NWCEXc="},"lastRemoteEphemeralKey":"BfKiCiBApOEVDKtucK7VH9JhXbqFepMYtNAgaX9BTKMn","previousCounter":0,"rootKey":"F2IbBPmDzufPqo8eEmqW41UEd8p1qHlk8NyH79Mb1KA="},"indexInfo":{"baseKey":"BY3iViq/4MxrKAw7/h9Se7U5hCneOZvkSpe2aX+jJ90V","baseKeyType":1,"closed":-1,"used":1748354358109,"created":1748354358109,"remoteIdentityKey":"BQ5Pyf6fXtQobctmbscvgYgwIohWZbINqYBPS2ypocRT"},"_chains":{"BVbTJy9aSfd4OfQTID1Rbne7V1IN5aMaaW5axtOJdVFC":{"chainKey":{"counter":0,"key":"wkfQM9mw6wydzB89fZFMacc6+bqp7OmCjp4DIIKoMpA="},"chainType":1,"messageKeys":{}}},"pendingPreKey":{"signedKeyId":6,"baseKey":"BY3iViq/4MxrKAw7/h9Se7U5hCneOZvkSpe2aX+jJ90V"}}},"version":"v1"}