{"_sessions":{"BQD/Aneh2f7fEswH3lH957qM3wQDyRfCYABiPargDZc1":{"registrationId":16916236,"currentRatchet":{"ephemeralKeyPair":{"pubKey":"BVIZVr3/ln2Rzk0XGpe/fJqY5+RVzSAOek77jTb+O8Jl","privKey":"MAl9LS3WGd4ZMBEYqGFd2nAIls4ylX0lMLue599aEUg="},"lastRemoteEphemeralKey":"BWvLYgPkgrsYsyWHs6wFCdHLh78LZQkOlF/UyygeSlkK","previousCounter":0,"rootKey":"1Op42P1phKxrUzfuYA48Rb434JxSmgKefe0u8JqRtfU="},"indexInfo":{"baseKey":"BQD/Aneh2f7fEswH3lH957qM3wQDyRfCYABiPargDZc1","baseKeyType":1,"closed":-1,"used":1748354351882,"created":1748354351882,"remoteIdentityKey":"BWQT1PYHNkxuO5m6FfWeBKiPnwN9eKEbAJxxJLmAV/lg"},"_chains":{"BVIZVr3/ln2Rzk0XGpe/fJqY5+RVzSAOek77jTb+O8Jl":{"chainKey":{"counter":0,"key":"ly/fUDXlw63ZV4XNbjuXqoTOm2kF4xmc+DVbXm3Wc3o="},"chainType":1,"messageKeys":{}}},"pendingPreKey":{"signedKeyId":1,"baseKey":"BQD/Aneh2f7fEswH3lH957qM3wQDyRfCYABiPargDZc1","preKeyId":4705037}}},"version":"v1"}