{"_sessions":{"Bdxufk+PCRM4tgBQA9U5Sa150oQVfmjDeImDguA3vnYc":{"registrationId":1325074002,"currentRatchet":{"ephemeralKeyPair":{"pubKey":"BUXobhE70kweFPam2GwNPACOdIy5hkP++J2aVc0DTz8l","privKey":"aCaafwDku/wAzedzdKngFfWIoBiBfv3rogT9Zil7fk0="},"lastRemoteEphemeralKey":"BcoaldWUoz+Ut24Kq53ijPDWnoDfjL1dlvRm1KykbjY2","previousCounter":0,"rootKey":"XfKVsMDLCcGurpzm9tW91NsLMksiB0pL26t4Iv6v1nQ="},"indexInfo":{"baseKey":"Bdxufk+PCRM4tgBQA9U5Sa150oQVfmjDeImDguA3vnYc","baseKeyType":1,"closed":-1,"used":1748354351199,"created":1748354351199,"remoteIdentityKey":"Bepy1jh2AzzImNOHTeR+WRgCR2bQPWBEzO9YWPT4ruM3"},"_chains":{"BUXobhE70kweFPam2GwNPACOdIy5hkP++J2aVc0DTz8l":{"chainKey":{"counter":0,"key":"yPrI0W6FQ3BI4AApl0MDVvdf4h4dAjuBUuM2MsVWZNw="},"chainType":1,"messageKeys":{}}},"pendingPreKey":{"signedKeyId":0,"baseKey":"Bdxufk+PCRM4tgBQA9U5Sa150oQVfmjDeImDguA3vnYc","preKeyId":3311285}}},"version":"v1"}