{"_sessions":{"BZ2nM7aCPDAK7tpZNalnUJhZbZrVmtbszi9dW/jEcFgu":{"registrationId":164,"currentRatchet":{"ephemeralKeyPair":{"pubKey":"BZFWLG9E89Gmrc7mv2fX1IGQVCPJVjeqfRGizSKLWnN1","privKey":"mMl4zu/INcvIADj4Zgk5foEgk5dFNbyVcSSjtTH1aG4="},"lastRemoteEphemeralKey":"BcquO5JZtTXn60a/ia6/mU/SBZAxGq+iNrg5473gpWM8","previousCounter":0,"rootKey":"vTzGjliyw0MxUfKIF0tIkHte5mWbnPaa+tn75ffQhaM="},"indexInfo":{"baseKey":"BZ2nM7aCPDAK7tpZNalnUJhZbZrVmtbszi9dW/jEcFgu","baseKeyType":1,"closed":-1,"used":1748351975060,"created":1748351975060,"remoteIdentityKey":"BSnkdm6nqRHXYNBSDsGudV2pIuUCBefPQaYy67Jm8n1t"},"_chains":{"BZFWLG9E89Gmrc7mv2fX1IGQVCPJVjeqfRGizSKLWnN1":{"chainKey":{"counter":0,"key":"+DYtmUmwi8cdiuvfwQ5DhcF3+xRm+qzkZLO3kv5dmiU="},"chainType":1,"messageKeys":{}}},"pendingPreKey":{"signedKeyId":1,"baseKey":"BZ2nM7aCPDAK7tpZNalnUJhZbZrVmtbszi9dW/jEcFgu"}}},"version":"v1"}