{"_sessions":{"BXx1pn6c7NWzYn2a3Hq8IyzDMdBuuUYPPkwrGGk0QQwS":{"registrationId":1518508307,"currentRatchet":{"ephemeralKeyPair":{"pubKey":"BbPBzRKcovN8ejNPH3BrXzspzvody7VVyaaVSZR1XJ4r","privKey":"4DQtYAY1RLlC1jqlWASElWx1raCMwXL+fak9/Qv/k2I="},"lastRemoteEphemeralKey":"BUVsHETjKxe+gRly/QaeB4zCFF7nPYXawVdvsEyV9DBo","previousCounter":0,"rootKey":"Dfc6VuBt7Zy7nihTPl9U1F2cW7fu42UMIbd3r2VnYek="},"indexInfo":{"baseKey":"BXx1pn6c7NWzYn2a3Hq8IyzDMdBuuUYPPkwrGGk0QQwS","baseKeyType":1,"closed":-1,"used":1748354359336,"created":1748354359336,"remoteIdentityKey":"BZQPLT1GJTGQH4nRIhqrkJfB1xh231J7fn1ppyrj19Rk"},"_chains":{"BbPBzRKcovN8ejNPH3BrXzspzvody7VVyaaVSZR1XJ4r":{"chainKey":{"counter":0,"key":"mfiFl6ziItFeX538uVCJ5H2f0YnCYilR4+ZtppWgKRw="},"chainType":1,"messageKeys":{}}},"pendingPreKey":{"signedKeyId":0,"baseKey":"BXx1pn6c7NWzYn2a3Hq8IyzDMdBuuUYPPkwrGGk0QQwS","preKeyId":9396707}}},"version":"v1"}