{"_sessions":{"BdJVsVGE+4Ngy+bGF8rNY7qFrHjLSlrjnQIFw7uxfvV1":{"registrationId":1221332177,"currentRatchet":{"ephemeralKeyPair":{"pubKey":"BZcerL52M/BUynPgAt5eR27tN60bnc7j/VnOQoZ5LWJ/","privKey":"uA7eabye0/QHcLHO7W3VXwGvXNcm746aaag4h/HfbFE="},"lastRemoteEphemeralKey":"BTNIOR+MuzKgPsTGy/UfH/fQ3nrCbglKvMc3O8mG0V9k","previousCounter":0,"rootKey":"vYPVFsPJjCnd8NxpgJidKUQ/xW35ZRBKiVHTTOoDYyI="},"indexInfo":{"baseKey":"BdJVsVGE+4Ngy+bGF8rNY7qFrHjLSlrjnQIFw7uxfvV1","baseKeyType":1,"closed":-1,"used":1748354352175,"created":1748354352175,"remoteIdentityKey":"BeKlKVBo0XRHTtHAiODbbNKSvc5VDQtWlTU/ZWre4dV9"},"_chains":{"BZcerL52M/BUynPgAt5eR27tN60bnc7j/VnOQoZ5LWJ/":{"chainKey":{"counter":0,"key":"CkJrC2E8vbC1LLNsEyzPuWfavqIWaOE1kiS43v5n6S8="},"chainType":1,"messageKeys":{}}},"pendingPreKey":{"signedKeyId":0,"baseKey":"BdJVsVGE+4Ngy+bGF8rNY7qFrHjLSlrjnQIFw7uxfvV1","preKeyId":27564}}},"version":"v1"}