{"_sessions":{"BSw2E2w5gI/rHrg94lWM/Y+1llU152eASbH8zY8tXecD":{"registrationId":426208178,"currentRatchet":{"ephemeralKeyPair":{"pubKey":"BVpqsEcQWgGaMwOOtpAkur+ItpPBY8Qd4hiHoBy5aTMR","privKey":"UO1m9CoPO12+IPrcBbxlXSDEXOg3zM4QlgVJyT1ZblM="},"lastRemoteEphemeralKey":"BZuRkUBzsAivRPGronJDarbYPj7YQUrhJTNsiU8xNJYg","previousCounter":0,"rootKey":"cYqiN0ED6wYbrPAFFEqiTlWq0/ZaMdcsMrqWKHuqGQw="},"indexInfo":{"baseKey":"BSw2E2w5gI/rHrg94lWM/Y+1llU152eASbH8zY8tXecD","baseKeyType":1,"closed":-1,"used":1748354355057,"created":1748354355057,"remoteIdentityKey":"BbJ/O8mQezXuTHBX2nkYLcUFqRMFf5nJqFgfyv480AFJ"},"_chains":{"BVpqsEcQWgGaMwOOtpAkur+ItpPBY8Qd4hiHoBy5aTMR":{"chainKey":{"counter":0,"key":"lXW1O1YfTsXivYLu7KKuBL/SiPfRlamN+o9MUijcK5U="},"chainType":1,"messageKeys":{}}},"pendingPreKey":{"signedKeyId":3,"baseKey":"BSw2E2w5gI/rHrg94lWM/Y+1llU152eASbH8zY8tXecD","preKeyId":14795459}}},"version":"v1"}