{"_sessions":{"BYipVMFTjjsYvnXrf/0m6YTOfTIUR+QROGmqYmhiTQ4h":{"registrationId":592009176,"currentRatchet":{"ephemeralKeyPair":{"pubKey":"BTruU8qxn2tWxrlSc86RNamLrhn6tsILT7kMK9a+9A1Y","privKey":"kLAVEqeyzgZDV9RWaZA7J4ojis5oP/OQlKAAFeirpl8="},"lastRemoteEphemeralKey":"BRXHe+mK65ult4FrIJ+HxXDTfruM2hzOzwHVSw722JtX","previousCounter":0,"rootKey":"SsbEwUjxGHJPr2IDTb8oYY0t+kcOFb2YUyJQDm1nYwk="},"indexInfo":{"baseKey":"BYipVMFTjjsYvnXrf/0m6YTOfTIUR+QROGmqYmhiTQ4h","baseKeyType":1,"closed":-1,"used":1748354351662,"created":1748354351662,"remoteIdentityKey":"BQOgvQOOI+OkdU+JH23jTghIvZGEVd03rT3z/ocYbrhF"},"_chains":{"BTruU8qxn2tWxrlSc86RNamLrhn6tsILT7kMK9a+9A1Y":{"chainKey":{"counter":0,"key":"E0oZgeo9YLKwvQFiRPPyYoZrPDdS9/zAHcDe3qH6eSw="},"chainType":1,"messageKeys":{}}},"pendingPreKey":{"signedKeyId":6,"baseKey":"BYipVMFTjjsYvnXrf/0m6YTOfTIUR+QROGmqYmhiTQ4h","preKeyId":9172270}}},"version":"v1"}