{"_sessions":{"BSYhfJkrhUB3JPxwxMVZtsfV/HCDAId99If/JEx/QzQ4":{"registrationId":627519197,"currentRatchet":{"ephemeralKeyPair":{"pubKey":"BaBwwM4YyMw6ovSolzqYUcymx5mk0Mk5OIJwhdDOmDUV","privKey":"KOJQ67/lwo87KR+/nYitBnnfUuUh7xTzl5Praxp+K3k="},"lastRemoteEphemeralKey":"BRO3CfqO2BYo48g8RVQxDUQXXmaOOVp7iS6gEnz6GmpJ","previousCounter":0,"rootKey":"ncBTPqLLR7kb0xBWNDchwCeUIWTmBi6F/VtNSZ5kY10="},"indexInfo":{"baseKey":"BSYhfJkrhUB3JPxwxMVZtsfV/HCDAId99If/JEx/QzQ4","baseKeyType":1,"closed":-1,"used":1748354348052,"created":1748354348052,"remoteIdentityKey":"BZK+6YoD/DJsSutLiL00IMqJ/jhDKcglp61fpfXZc3kI"},"_chains":{"BaBwwM4YyMw6ovSolzqYUcymx5mk0Mk5OIJwhdDOmDUV":{"chainKey":{"counter":0,"key":"9ddl6s7DXPO1VzCyDAHPUHLc5Jd9SU7m7kp9BM+1hok="},"chainType":1,"messageKeys":{}}},"pendingPreKey":{"signedKeyId":0,"baseKey":"BSYhfJkrhUB3JPxwxMVZtsfV/HCDAId99If/JEx/QzQ4","preKeyId":8723383}}},"version":"v1"}