{"_sessions":{"Be6GFo9hYUVjppeNpjzrZn3OjBolkbPJpPmDvt7CDZNZ":{"registrationId":1940796135,"currentRatchet":{"ephemeralKeyPair":{"pubKey":"BRPVDO7H6iwd5T30X289MUyCjSwSPfsQMf87FbC3VGYP","privKey":"oNHEhoQubdpgn4ASA2g9CRmXjLdO1KPwz1d5/9CZH28="},"lastRemoteEphemeralKey":"Be0g5z1hH1qQd5FV6pyR6Ot38X139ovCWIf/ecYL/SIa","previousCounter":0,"rootKey":"xAnD75j4AqUimq8NTjuAnjfvpc1VT1+H/izykBdLd7k="},"indexInfo":{"baseKey":"Be6GFo9hYUVjppeNpjzrZn3OjBolkbPJpPmDvt7CDZNZ","baseKeyType":1,"closed":-1,"used":1748354359174,"created":1748354359174,"remoteIdentityKey":"BQZUSBV62ZkH7TZ40tAorgezCFTiUy9weCt/ACL9ZXZn"},"_chains":{"BRPVDO7H6iwd5T30X289MUyCjSwSPfsQMf87FbC3VGYP":{"chainKey":{"counter":0,"key":"cUrPUqLXxObmGcgKppIi2vy0K1blx7H2WxCPbdse6cs="},"chainType":1,"messageKeys":{}}},"pendingPreKey":{"signedKeyId":2,"baseKey":"Be6GFo9hYUVjppeNpjzrZn3OjBolkbPJpPmDvt7CDZNZ","preKeyId":8460158}}},"version":"v1"}