{"_sessions":{"BTsD3GyjierCrmtNmHV9hvHMglZYMt2kgq5H2u/PUdg5":{"registrationId":1089201746,"currentRatchet":{"ephemeralKeyPair":{"pubKey":"BVS9fxeTt62pbWgMaa/HymCLU/H4WRfmV7WqodMAjeZs","privKey":"qHyxxqQFP+G+ClB/W85iu3cDNoBV1MOt160vJz5DGnU="},"lastRemoteEphemeralKey":"Beaoq+SKpuWt2NQfKm3UBnZgthrjXRxRxL+ccWzAFPdD","previousCounter":0,"rootKey":"40xBl0nH5gU7Q+braBcPrrWEAjyHFKYEHSPqRCgYJwc="},"indexInfo":{"baseKey":"BTsD3GyjierCrmtNmHV9hvHMglZYMt2kgq5H2u/PUdg5","baseKeyType":1,"closed":-1,"used":1748354352190,"created":1748354352190,"remoteIdentityKey":"Bbrt661HbHZhGhzKPgmdwV41VFI605eu+vrIXeJ5bAcc"},"_chains":{"BVS9fxeTt62pbWgMaa/HymCLU/H4WRfmV7WqodMAjeZs":{"chainKey":{"counter":0,"key":"Zj+CKPIi/Wbrm9G19Ll7itH+Kn9K5xmOyFHQL70epuc="},"chainType":1,"messageKeys":{}}},"pendingPreKey":{"signedKeyId":1,"baseKey":"BTsD3GyjierCrmtNmHV9hvHMglZYMt2kgq5H2u/PUdg5","preKeyId":14183529}}},"version":"v1"}