{"_sessions":{"BSAze1PeNOi9CvzAs0WmVYyhfFrak1QxyJPXQFqGXfMZ":{"registrationId":370659881,"currentRatchet":{"ephemeralKeyPair":{"pubKey":"BcSgbJimi7TH6qjkSRmgtCt6uhCOjodJjceESNT6NvsN","privKey":"SD2adgFGDBbD+ztlLKiwe95/310tocqUGh+r7o4WS3k="},"lastRemoteEphemeralKey":"BQpFopGpMW7Lpp+PjQk98voNTU4ZGpKtEHAhC8LhbFJW","previousCounter":0,"rootKey":"oq93mwiOxcE4q46YaXauogjjfpYM+h14HOT4AO3S+jI="},"indexInfo":{"baseKey":"BSAze1PeNOi9CvzAs0WmVYyhfFrak1QxyJPXQFqGXfMZ","baseKeyType":1,"closed":-1,"used":1748354351891,"created":1748354351891,"remoteIdentityKey":"BQPqgGuJ5T4ae5Ujs9buyjsCyMJplY+eajcBTjkudZwc"},"_chains":{"BcSgbJimi7TH6qjkSRmgtCt6uhCOjodJjceESNT6NvsN":{"chainKey":{"counter":0,"key":"7tnganbkbgIDBi0Z5Ya711yYNwKPB54yLdtrOiR3NbY="},"chainType":1,"messageKeys":{}}},"pendingPreKey":{"signedKeyId":0,"baseKey":"BSAze1PeNOi9CvzAs0WmVYyhfFrak1QxyJPXQFqGXfMZ","preKeyId":1563716}}},"version":"v1"}