{"_sessions":{"BduMfUmwguPvvTRBTtpLDbBReyoUDT2ZCPkuLDOoScxu":{"registrationId":1537847214,"currentRatchet":{"ephemeralKeyPair":{"pubKey":"BUhtVzpfG6IlPWYY6bIfPTm8NwS8hbHj9PCNyT4cxD1G","privKey":"MDDeBzuTr2jERyXDutDjyzFehLuqIFhZ3cIqnB2CD1M="},"lastRemoteEphemeralKey":"BUR+Fp1xPqtJWc4hIFClYpXiZuF5OQ+1c4HxUa5DYK9W","previousCounter":0,"rootKey":"Qciaeppq2BFrg6NlW8D+PZ8d8oz6wBVTFXEN+vt7zsw="},"indexInfo":{"baseKey":"BduMfUmwguPvvTRBTtpLDbBReyoUDT2ZCPkuLDOoScxu","baseKeyType":1,"closed":-1,"used":1748354348332,"created":1748354348332,"remoteIdentityKey":"BXgBvnzjfqBaqAzzY2XY8S6eWUF6FfFp5OnmT6RutOI5"},"_chains":{"BUhtVzpfG6IlPWYY6bIfPTm8NwS8hbHj9PCNyT4cxD1G":{"chainKey":{"counter":0,"key":"6573mEafQOJcRkIPHqFo1ueAs5xMhWsGCQxIWo70q6w="},"chainType":1,"messageKeys":{}}},"pendingPreKey":{"signedKeyId":7,"baseKey":"BduMfUmwguPvvTRBTtpLDbBReyoUDT2ZCPkuLDOoScxu","preKeyId":1947428}}},"version":"v1"}