{"_sessions":{"BT22Z3XJ5J852lQGAvE6Z707u59Qt2R+3tKmt/4p+/0a":{"registrationId":77187734,"currentRatchet":{"ephemeralKeyPair":{"pubKey":"BYEpZfOADGG9lCGs8o1FdBmzf4yJl0x7fVHHWt4YxK1Z","privKey":"OKDp/yRiQ02NwzVAc+HPIc57To8aE01Od9vylykd20w="},"lastRemoteEphemeralKey":"BRDMvOrZ6MY0BFvdPoIZBeVMI02X9FjHfTLXrNNFa0JT","previousCounter":0,"rootKey":"3mZa9HX75cii1XBYdFtMKE1HKxf0IPRYFmmYi6t/cTc="},"indexInfo":{"baseKey":"BT22Z3XJ5J852lQGAvE6Z707u59Qt2R+3tKmt/4p+/0a","baseKeyType":1,"closed":-1,"used":1748354347231,"created":1748354347231,"remoteIdentityKey":"BZ5AE+MjJOoVVo22SKHWNgTzbGhVKEhW+2M3oK/G9FMJ"},"_chains":{"BYEpZfOADGG9lCGs8o1FdBmzf4yJl0x7fVHHWt4YxK1Z":{"chainKey":{"counter":0,"key":"RBhfEejOY+aD1aHcJh+yFxjX+DTnik6YghnXmQfjcpM="},"chainType":1,"messageKeys":{}}},"pendingPreKey":{"signedKeyId":1,"baseKey":"BT22Z3XJ5J852lQGAvE6Z707u59Qt2R+3tKmt/4p+/0a","preKeyId":1238}}},"version":"v1"}