{"_sessions":{"BWxHauHLFrLcI1HbL9n26hAL9MI2ZdL6nJqLNXmfef4j":{"registrationId":19672450,"currentRatchet":{"ephemeralKeyPair":{"pubKey":"BbKOEs/B5JGVK9oQ1Ledlkj3XKxRWD/uzoTmens7D6N/","privKey":"KDD/nf7KE3wrTl6fb52xaWEY5yhTJG3JE005EoeE1WY="},"lastRemoteEphemeralKey":"BdZRwgs4kl/UTKXfQ3fCfV0jTkp4yHPoFc0V32QPAYN/","previousCounter":0,"rootKey":"MocE/MNBET5DoXuRZfcyUUBtvjlrZ7e7CcQOPULFdM4="},"indexInfo":{"baseKey":"BWxHauHLFrLcI1HbL9n26hAL9MI2ZdL6nJqLNXmfef4j","baseKeyType":1,"closed":-1,"used":1748354355584,"created":1748354355584,"remoteIdentityKey":"BWKYho/3R7HaZ5PgfHmOxbASwMUyZqoQ3EYlwiF5UvsH"},"_chains":{"BbKOEs/B5JGVK9oQ1Ledlkj3XKxRWD/uzoTmens7D6N/":{"chainKey":{"counter":0,"key":"wuR0tzoRi9VolCQd0GgVrWRqDgPAkpLoqLasqRQEDTA="},"chainType":1,"messageKeys":{}}},"pendingPreKey":{"signedKeyId":4,"baseKey":"BWxHauHLFrLcI1HbL9n26hAL9MI2ZdL6nJqLNXmfef4j","preKeyId":1530518}}},"version":"v1"}