{"_sessions":{"BdMz+/RMrF4V6sEyRpqnNdV966G8ZE2YTV43g8UqPpVa":{"registrationId":1821720817,"currentRatchet":{"ephemeralKeyPair":{"pubKey":"BcQoqTsGMbgVyu97tTQzX74l9uf3BOg2evVjkGqX1mJ/","privKey":"+DwnEsZR3t21kJJIQK2vsRbyTdrLGhczerwal0qGg1Q="},"lastRemoteEphemeralKey":"BSZe4X+3frdtmNdgDqbyy3Oz9YoBw+5ihTDMlICh0f5e","previousCounter":0,"rootKey":"982vMU4dhcZ4w7/Ri7YLJMZAC/UyZYaGK0pdqKUYIag="},"indexInfo":{"baseKey":"BdMz+/RMrF4V6sEyRpqnNdV966G8ZE2YTV43g8UqPpVa","baseKeyType":1,"closed":-1,"used":1748354358641,"created":1748354358641,"remoteIdentityKey":"BXgGtm7Fy7z0Ks6Qw5cDm7pUFuV07MKD6lXnqg/MJ9gA"},"_chains":{"BcQoqTsGMbgVyu97tTQzX74l9uf3BOg2evVjkGqX1mJ/":{"chainKey":{"counter":0,"key":"LtJy1ahzNe0FQXkzymdctDR+cSEm43gE60UHnPbkXlM="},"chainType":1,"messageKeys":{}}},"pendingPreKey":{"signedKeyId":1,"baseKey":"BdMz+/RMrF4V6sEyRpqnNdV966G8ZE2YTV43g8UqPpVa","preKeyId":11624705}}},"version":"v1"}