{"_sessions":{"BRMqiIRyvaNduJE5kFvwZ1ycWwKP1XE34m1DGH7YDCRO":{"registrationId":1396463948,"currentRatchet":{"ephemeralKeyPair":{"pubKey":"BUTIZqL1H4XEay6EQ9DgGRDffKY+UiRUyntZq1N1e6Z1","privKey":"QItJXqRky+/v4fseqoxZccu5eThwGx+ayLbaqDFUlmA="},"lastRemoteEphemeralKey":"BQMi0NmMl//UxPhtJMkGYtF6yCV3r+MfJF/ClcBf9tk0","previousCounter":0,"rootKey":"DUCUDlvceeDa/cJg0/tUFRjG+NrUSLXbNwUDTdSSQUE="},"indexInfo":{"baseKey":"BRMqiIRyvaNduJE5kFvwZ1ycWwKP1XE34m1DGH7YDCRO","baseKeyType":1,"closed":-1,"used":1748354358451,"created":1748354358451,"remoteIdentityKey":"BZE9CSbW9FgDehmkvt/+JRM7bFWrTZvi5q7/76RZyS5H"},"_chains":{"BUTIZqL1H4XEay6EQ9DgGRDffKY+UiRUyntZq1N1e6Z1":{"chainKey":{"counter":0,"key":"rj/z7ELZv8QAh2cuVh+vrEgOckMqUniDLoF8oX7ZWEk="},"chainType":1,"messageKeys":{}}},"pendingPreKey":{"signedKeyId":0,"baseKey":"BRMqiIRyvaNduJE5kFvwZ1ycWwKP1XE34m1DGH7YDCRO","preKeyId":4969111}}},"version":"v1"}