{"_sessions":{"Bd27JNzyP0oq0uZAZzifyP+lI/608w8W2kXSK/XjUBks":{"registrationId":1192346604,"currentRatchet":{"ephemeralKeyPair":{"pubKey":"BVRI6lTHu8VRTHr0o3Rtl0qVPwwtT2qnS4jGR4mQTF0G","privKey":"EHAVhhe9v8seJcVy/uVdkSAtZwrGpo80sfFJeXTe5ms="},"lastRemoteEphemeralKey":"BaR2kFvGGU+WTcRyH/Xc+EqUBo3I0z6VJOJV9DXTCzFC","previousCounter":0,"rootKey":"iywIwzErWs2qD7JV4OHwWBoq+rTE3SjwW2843IDEvtg="},"indexInfo":{"baseKey":"Bd27JNzyP0oq0uZAZzifyP+lI/608w8W2kXSK/XjUBks","baseKeyType":1,"closed":-1,"used":1748354354822,"created":1748354354822,"remoteIdentityKey":"BVhS+a9OmsH/pmQ7RBT4i6pSVnvecDtwTgiO5gkYbXVr"},"_chains":{"BVRI6lTHu8VRTHr0o3Rtl0qVPwwtT2qnS4jGR4mQTF0G":{"chainKey":{"counter":0,"key":"OWFGnBlhjfDAobvGnCj0feU1wJOtfwaepR6KawztgfY="},"chainType":1,"messageKeys":{}}},"pendingPreKey":{"signedKeyId":6,"baseKey":"Bd27JNzyP0oq0uZAZzifyP+lI/608w8W2kXSK/XjUBks","preKeyId":10976890}}},"version":"v1"}