{"_sessions":{"BRfH4hFTTB5KbIbBDEaSqptMwWfefGBJvCDKeEMiVQc0":{"registrationId":619,"currentRatchet":{"ephemeralKeyPair":{"pubKey":"BQqLeOuNlBktjE0TyiHe0UtnUUl35mGZJUoTry3xbk9D","privKey":"YGZjwNSsfBT68wI9fUTrY7GnVueSOhdu5NtXMMqRAFw="},"lastRemoteEphemeralKey":"BQ1Qf0ptnQTjITYvpvMG2OCtTrfcrp0CeH6BJJcDtqMy","previousCounter":0,"rootKey":"VYl+rlMckj/IBZmyX9ZxGOAp6EMquBjED8KhLf2AFLY="},"indexInfo":{"baseKey":"BRfH4hFTTB5KbIbBDEaSqptMwWfefGBJvCDKeEMiVQc0","baseKeyType":1,"closed":-1,"used":1748348748141,"created":1748348748141,"remoteIdentityKey":"BXuGDANLpyRpFe0m9d2dJNIY+1sAN5C5sIqPmhIG1WNC"},"_chains":{"BQqLeOuNlBktjE0TyiHe0UtnUUl35mGZJUoTry3xbk9D":{"chainKey":{"counter":1,"key":"SPJJub2634ZRVqmJSzBn8jiMJXLG2U6YLw6YNfsnc8w="},"chainType":1,"messageKeys":{}}},"pendingPreKey":{"signedKeyId":1,"baseKey":"BRfH4hFTTB5KbIbBDEaSqptMwWfefGBJvCDKeEMiVQc0"}}},"version":"v1"}