{"_sessions":{"BY0xZQH7mhIDiBc4XZqHfc6y6o3so8IykxlnAGsmKlAP":{"registrationId":373393243,"currentRatchet":{"ephemeralKeyPair":{"pubKey":"BbCcU3gQwuFHd7Vj0wFP87IsUyXPH1SqAsOk/7wFn/t6","privKey":"IELRhPezj8bRwOOYpoTg0H3eOjwmKEFm/mlwAGqd114="},"lastRemoteEphemeralKey":"BbhT2XoA/4/Wfthqg8UFn1wPccZYOi3omFOpY8TlIz9H","previousCounter":0,"rootKey":"SqhxMcdHwU2McybzlxP5iMufaYh8TWpmjslpx07BSMQ="},"indexInfo":{"baseKey":"BY0xZQH7mhIDiBc4XZqHfc6y6o3so8IykxlnAGsmKlAP","baseKeyType":1,"closed":-1,"used":1748354358870,"created":1748354358870,"remoteIdentityKey":"BYdXqSawQgmgR5jPzIxsgSyht0SCbn+UlGvKlPSN19ks"},"_chains":{"BbCcU3gQwuFHd7Vj0wFP87IsUyXPH1SqAsOk/7wFn/t6":{"chainKey":{"counter":0,"key":"C3xDu8l3VpDDzD6eu5gFVhFXX5EcVoESWBwPzYGNLvI="},"chainType":1,"messageKeys":{}}},"pendingPreKey":{"signedKeyId":8,"baseKey":"BY0xZQH7mhIDiBc4XZqHfc6y6o3so8IykxlnAGsmKlAP","preKeyId":4981572}}},"version":"v1"}