{"_sessions":{"BSBmfxNhc/8nqcNrNtAu6so42H1mQsf5HM76KYfUsRNx":{"registrationId":442882058,"currentRatchet":{"ephemeralKeyPair":{"pubKey":"Ba5ZWN3xqr1HTFMadA7c/pHg8d52taGnlKZdNrsxDYtl","privKey":"eMInMar2xP/QWvY4Tw8OlN5L17meCkHrjp0IL9l66Ws="},"lastRemoteEphemeralKey":"BePUEOrGV8xxgYvdWgVnZXdieNsZud+4QkaHus42scgy","previousCounter":0,"rootKey":"dVBlnOzZdfsYfI/CgYLP6MeEMXv0r+vnFY0KD2qhusk="},"indexInfo":{"baseKey":"BSBmfxNhc/8nqcNrNtAu6so42H1mQsf5HM76KYfUsRNx","baseKeyType":1,"closed":-1,"used":1748354355894,"created":1748354355894,"remoteIdentityKey":"BRUVP8+98bObH4tEgSqSmF8yvCvB3EL5zxkNWfFlv6Ub"},"_chains":{"Ba5ZWN3xqr1HTFMadA7c/pHg8d52taGnlKZdNrsxDYtl":{"chainKey":{"counter":0,"key":"/yjJmU2XCsmvCjgdSELTt3hP1sjw8PkBEYLtjTeFF6o="},"chainType":1,"messageKeys":{}}},"pendingPreKey":{"signedKeyId":0,"baseKey":"BSBmfxNhc/8nqcNrNtAu6so42H1mQsf5HM76KYfUsRNx","preKeyId":2227476}}},"version":"v1"}