{"_sessions":{"BQmJpti5/XofXbfHvbjieWnHKgHwSKwYvT+/RUtvorcr":{"registrationId":1420161216,"currentRatchet":{"ephemeralKeyPair":{"pubKey":"BSj79Cn3Arx8ZMS3dBDFY8HhC9evhYpegolusPnOkGFO","privKey":"KDWi0GjT0Ahoy37+mdRIxw6Xn/ZUO9XAveptmvjsCno="},"lastRemoteEphemeralKey":"BXi4L/WJfp44qAwiXgXZGCyetAunLp8G2/SGxp2wSl49","previousCounter":0,"rootKey":"1jCNWhbPK1XG04DtXeQe86qhf+6DOjlLLKO6TzS8Q5A="},"indexInfo":{"baseKey":"BQmJpti5/XofXbfHvbjieWnHKgHwSKwYvT+/RUtvorcr","baseKeyType":1,"closed":-1,"used":1748354355279,"created":1748354355279,"remoteIdentityKey":"BQtXs6hGtHkzukDZcBA4XcU6BFUFUGqsi7H+Wnoq8QhY"},"_chains":{"BSj79Cn3Arx8ZMS3dBDFY8HhC9evhYpegolusPnOkGFO":{"chainKey":{"counter":0,"key":"eHf3gMWXQkPO72Q6RKVMlme13lQlYgWNE0n6IqWFBAo="},"chainType":1,"messageKeys":{}}},"pendingPreKey":{"signedKeyId":0,"baseKey":"BQmJpti5/XofXbfHvbjieWnHKgHwSKwYvT+/RUtvorcr","preKeyId":16402605}}},"version":"v1"}