{"_sessions":{"BXs8mTMOl8k2Y0zBdd6uTZCDsBBWSsCCzrBWq7oUlNsg":{"registrationId":516645559,"currentRatchet":{"ephemeralKeyPair":{"pubKey":"BbXWuBYstVraMkaR9ylADY/kF3rAzuI+wP8AzuSwXJtb","privKey":"MC8GnrnVlK/uzGCVNclyYD9P+zOCXqpqtpgu6RPDcVA="},"lastRemoteEphemeralKey":"BZr3Tpl6UTySOBF6xzAQVDmBbnooY0BUMVFqzFJ7m/Y2","previousCounter":0,"rootKey":"KgKMHWv9msGLZI7eNXzFtUURH5h0thldElxPWloJ0fw="},"indexInfo":{"baseKey":"BXs8mTMOl8k2Y0zBdd6uTZCDsBBWSsCCzrBWq7oUlNsg","baseKeyType":1,"closed":-1,"used":1748354354842,"created":1748354354842,"remoteIdentityKey":"BTgCPvDA7ASLaD3TuHvQmOVeuP2MQuFwe7RyAdvPirU3"},"_chains":{"BbXWuBYstVraMkaR9ylADY/kF3rAzuI+wP8AzuSwXJtb":{"chainKey":{"counter":0,"key":"yME+X0fDYHPiAeg80Gedn4V7ahTWg6Fk50rXh7DgXxM="},"chainType":1,"messageKeys":{}}},"pendingPreKey":{"signedKeyId":2,"baseKey":"BXs8mTMOl8k2Y0zBdd6uTZCDsBBWSsCCzrBWq7oUlNsg"}}},"version":"v1"}