{"_sessions":{"BVUS3g/QLpISFs72etvpCgGvOhyzk4dBDtTiCtM3WLVu":{"registrationId":167183013,"currentRatchet":{"ephemeralKeyPair":{"pubKey":"BacuneQk74aoJGKCvEdwp3sa+ywvvOky9dAVU5/nKyh1","privKey":"OFChx0Vi6FEJ05cAXTkIuFl/VnJYAFX5+fPA7/a6Q1s="},"lastRemoteEphemeralKey":"BdKigWd0TBvNWdbF9mRun3kGjoe22VOxLJFju69eeQ49","previousCounter":0,"rootKey":"jU/U3zFymlm5+Un67UvdFjFrDp/2+6LswSOtjQmb2/E="},"indexInfo":{"baseKey":"BVUS3g/QLpISFs72etvpCgGvOhyzk4dBDtTiCtM3WLVu","baseKeyType":1,"closed":-1,"used":1748354360695,"created":1748354360695,"remoteIdentityKey":"BQnr6hwh6lkQRr/a3MeInsSgKAcUKRuW2rFTVSGMiFxo"},"_chains":{"BacuneQk74aoJGKCvEdwp3sa+ywvvOky9dAVU5/nKyh1":{"chainKey":{"counter":0,"key":"jmeABu1eKQHo1ZJFccN9JPPapuiNlupgXc15wGX1fCY="},"chainType":1,"messageKeys":{}}},"pendingPreKey":{"signedKeyId":0,"baseKey":"BVUS3g/QLpISFs72etvpCgGvOhyzk4dBDtTiCtM3WLVu","preKeyId":14949145}}},"version":"v1"}