{"_sessions":{"BbxkicOUPAXMUh2Sgz/XxANH3J28gSYlk2o2PIiLnWVY":{"registrationId":1093774685,"currentRatchet":{"ephemeralKeyPair":{"pubKey":"Ban7eK5cBD6/LT6qLvKa9Tbqck8hYLphgqEIvFotP2ZV","privKey":"OH9tmZYLiNUHoto8LOdZ22b2V4IE4Sg6vSGL0Z/eO1c="},"lastRemoteEphemeralKey":"BQGR8HFtjwrreZqIN6qUVViGV4Y6ZGKaBEJw4EZL69ED","previousCounter":0,"rootKey":"75hRZWu0IhjS47CvlzstUfE4YQOkRsBFuHgWV6R0lqA="},"indexInfo":{"baseKey":"BbxkicOUPAXMUh2Sgz/XxANH3J28gSYlk2o2PIiLnWVY","baseKeyType":1,"closed":-1,"used":1748354354788,"created":1748354354788,"remoteIdentityKey":"BQ4Abu3AsM06UM1OzSMyQg8fC/sCHv86GXhzp9gay2sb"},"_chains":{"Ban7eK5cBD6/LT6qLvKa9Tbqck8hYLphgqEIvFotP2ZV":{"chainKey":{"counter":0,"key":"NPb8FQNYHpFOduwuPP7cB/CdU5aAEWNE7MS1hntGxoo="},"chainType":1,"messageKeys":{}}},"pendingPreKey":{"signedKeyId":8,"baseKey":"BbxkicOUPAXMUh2Sgz/XxANH3J28gSYlk2o2PIiLnWVY","preKeyId":10938288}}},"version":"v1"}