{"_sessions":{"BeQfZ7YAlmT2Fa/jkwaH9kC9jb1q2AmBUpf609Sy60dI":{"registrationId":1667458440,"currentRatchet":{"ephemeralKeyPair":{"pubKey":"BZnpvzzdUKdXvdtmVXcWIw6V7ZxVp6P+KiYq2afQvgcg","privKey":"aNmAF4vNrha0PnA+Kj+c4ijBgsKjT9ScaH6guHR1dEw="},"lastRemoteEphemeralKey":"BcJNMqZivpMnfu9XHPwWt+OFPceqcSPTixTkIZnnwHtx","previousCounter":0,"rootKey":"o5p2yEJf04uQTC+43qD3ZT89wLL7ey27VTMV6PXJnUo="},"indexInfo":{"baseKey":"BeQfZ7YAlmT2Fa/jkwaH9kC9jb1q2AmBUpf609Sy60dI","baseKeyType":1,"closed":-1,"used":1748354348155,"created":1748354348155,"remoteIdentityKey":"BUt64C3Y3iM/Xptz5MANlNpngeMF34vNgjcF70DFFg5G"},"_chains":{"BZnpvzzdUKdXvdtmVXcWIw6V7ZxVp6P+KiYq2afQvgcg":{"chainKey":{"counter":0,"key":"3VKnaV1cwlr5LMnixGaHSPySRLj6KexkXlJUxZS1NbU="},"chainType":1,"messageKeys":{}}},"pendingPreKey":{"signedKeyId":18,"baseKey":"BeQfZ7YAlmT2Fa/jkwaH9kC9jb1q2AmBUpf609Sy60dI","preKeyId":14837232}}},"version":"v1"}