{"_sessions":{"BfOx+fhPdjR22PJZrATPJyidducTtk3wwMrcTDJLkM8Y":{"registrationId":1729619013,"currentRatchet":{"ephemeralKeyPair":{"pubKey":"BftmRXWuJ3frZ8+Mj1qkNn9IFM0TEwyTabqE9jHy9UlG","privKey":"oD2koQRmhl4Gy9LYQXL03tpEFhYy++EYw7z+AoQ2nFk="},"lastRemoteEphemeralKey":"BYNp5HceuXaGUketnk4mqnRvH6U1QG6HYzk8ttS8swcq","previousCounter":0,"rootKey":"8kPFE9AEooVOJKgZHz4SnjizFznhGIcwN9VguVTNqV4="},"indexInfo":{"baseKey":"BfOx+fhPdjR22PJZrATPJyidducTtk3wwMrcTDJLkM8Y","baseKeyType":1,"closed":-1,"used":1748354351748,"created":1748354351748,"remoteIdentityKey":"BQv9M9d+Eh8GD/S6csAYX42NZgUEtKmp7f1csRS2OiFV"},"_chains":{"BftmRXWuJ3frZ8+Mj1qkNn9IFM0TEwyTabqE9jHy9UlG":{"chainKey":{"counter":0,"key":"j9/Ojezy9Y2otrOy5BGXZiITrV0tnG/DgJfFNo9rq9c="},"chainType":1,"messageKeys":{}}},"pendingPreKey":{"signedKeyId":1,"baseKey":"BfOx+fhPdjR22PJZrATPJyidducTtk3wwMrcTDJLkM8Y","preKeyId":9479099}}},"version":"v1"}