{"_sessions":{"BVy3S/yPSPHkGt9QlzJOVvfmssurf5Bx6bKO6AN1pNRI":{"registrationId":679969592,"currentRatchet":{"ephemeralKeyPair":{"pubKey":"BWOmATA8dORNELyG5unAMFkrknqPdsSdxe1Ztd3qlWY1","privKey":"GJ0gnNTbaLHA/h9u1aps0lZ2nhC4FZq0wCxcuL2ih2k="},"lastRemoteEphemeralKey":"Bbf2XJr9hlTmISgqRTZx3pjT208EpiVnGdWLN9RE2igq","previousCounter":0,"rootKey":"JrXA2LbzPtz3lApCuhxXY5zVT/1K4+JoxTiDFBUsfBY="},"indexInfo":{"baseKey":"BVy3S/yPSPHkGt9QlzJOVvfmssurf5Bx6bKO6AN1pNRI","baseKeyType":1,"closed":-1,"used":1748354351538,"created":1748354351538,"remoteIdentityKey":"BSppsweJSkxzYGpIxjmM3IbtwjkmbLmy1pzhPEVmePQO"},"_chains":{"BWOmATA8dORNELyG5unAMFkrknqPdsSdxe1Ztd3qlWY1":{"chainKey":{"counter":0,"key":"AFul4hNsKwhwVznDBvjvWadnsmlq86cdYWat4cNZZfk="},"chainType":1,"messageKeys":{}}},"pendingPreKey":{"signedKeyId":12,"baseKey":"BVy3S/yPSPHkGt9QlzJOVvfmssurf5Bx6bKO6AN1pNRI","preKeyId":3225442}}},"version":"v1"}