{"_sessions":{"BQzuE0hYgtB1QBGQ/C+uDuL2TvUabV4biwbksLquDkdp":{"registrationId":280038383,"currentRatchet":{"ephemeralKeyPair":{"pubKey":"BZdlDTdZ546GRFC4LLDwCqSr8L8+25szO8abKT7sz3pZ","privKey":"CFTmOQ9iqsYfi9S5OZ9vEtiLRLyShv5yGViaXlmqXVo="},"lastRemoteEphemeralKey":"BSZOaXhoqyWCmuR/S7G5dgtTSyur/PN05POQVgkB1nVb","previousCounter":0,"rootKey":"5e/l5qsSINmyTJWWNOg+N/QAepzaOFXXuamD7AWkBXU="},"indexInfo":{"baseKey":"BQzuE0hYgtB1QBGQ/C+uDuL2TvUabV4biwbksLquDkdp","baseKeyType":1,"closed":-1,"used":1748354348667,"created":1748354348667,"remoteIdentityKey":"BXEyppvFPQHOeFWVOm9MXhwl5vbUoIBkRYRH3ZD6sZJE"},"_chains":{"BZdlDTdZ546GRFC4LLDwCqSr8L8+25szO8abKT7sz3pZ":{"chainKey":{"counter":0,"key":"mdt9XiAyTIGOYGUN7t5dON2iyTeMK3PmDS1GRnTtVZ4="},"chainType":1,"messageKeys":{}}},"pendingPreKey":{"signedKeyId":0,"baseKey":"BQzuE0hYgtB1QBGQ/C+uDuL2TvUabV4biwbksLquDkdp","preKeyId":2479039}}},"version":"v1"}