{"_sessions":{"BWnedMhsIkUjdk74aM+YwqT90dfG+0Ypd4q2o5z/fX08":{"registrationId":485326065,"currentRatchet":{"ephemeralKeyPair":{"pubKey":"BcwhcAXXt/Qx43gGz0S0b1XkMRmGrPwwHNLGQf+QR8Nd","privKey":"EBYuPrgrH1PQ9iZ0TbUDPpIzPiI0Oskrs/PlgeRNIEU="},"lastRemoteEphemeralKey":"BXI8rZTzP7av5+w7/KvrOZe0lzE03Ty0EL6SjhvJpho6","previousCounter":0,"rootKey":"mDGRjbNyJgPbB5tIMOptyepbPeS8YS7WZ3a5D8ME+Ls="},"indexInfo":{"baseKey":"BWnedMhsIkUjdk74aM+YwqT90dfG+0Ypd4q2o5z/fX08","baseKeyType":1,"closed":-1,"used":1748354351807,"created":1748354351807,"remoteIdentityKey":"BQaO/hSsPLEk+fpku6il29tDbdZH1R9sNqwdaKQDRrQm"},"_chains":{"BcwhcAXXt/Qx43gGz0S0b1XkMRmGrPwwHNLGQf+QR8Nd":{"chainKey":{"counter":0,"key":"TvshYxwllWaJSl5GtLxFw6+gwBJqgWWuDwUn8VK73Ss="},"chainType":1,"messageKeys":{}}},"pendingPreKey":{"signedKeyId":3,"baseKey":"BWnedMhsIkUjdk74aM+YwqT90dfG+0Ypd4q2o5z/fX08","preKeyId":13788812}}},"version":"v1"}