{"_sessions":{"BTTtdo8VDbxUESpHHECCgepiInGFCiwgdXWGzHig4yIh":{"registrationId":404247544,"currentRatchet":{"ephemeralKeyPair":{"pubKey":"BW1wyJnwK+3sJ+heTO8M/Mhk+CyM3Z/M75ZP5ZGL6yUk","privKey":"kBcPydEwt+JZu5jG46D0yIj9qOnrN63crEumLc4IIFs="},"lastRemoteEphemeralKey":"BSW4vPuhTUgIXpXiUNKTPKccGGzExgK+daSfvXSJkiVi","previousCounter":0,"rootKey":"tj828yxJMJsQ1M5vLKUTdSWnoyzS5Cl8BYBZ3CG6YBg="},"indexInfo":{"baseKey":"BTTtdo8VDbxUESpHHECCgepiInGFCiwgdXWGzHig4yIh","baseKeyType":1,"closed":-1,"used":1748354347888,"created":1748354347888,"remoteIdentityKey":"BR3QlSan3VTycgqFE8PmffWmDS63RgHFNXKkM3lCdDFG"},"_chains":{"BW1wyJnwK+3sJ+heTO8M/Mhk+CyM3Z/M75ZP5ZGL6yUk":{"chainKey":{"counter":0,"key":"kkdVBIH7juPcSbGkCdVnWHPMfXhlM9QtYg+EZ5px35o="},"chainType":1,"messageKeys":{}}},"pendingPreKey":{"signedKeyId":9,"baseKey":"BTTtdo8VDbxUESpHHECCgepiInGFCiwgdXWGzHig4yIh","preKeyId":9200053}}},"version":"v1"}