{"_sessions":{"BSFTR5ZP+fHq3XTjZHI69PQJaducQlKsW/aqjdkRn5oh":{"registrationId":95513898,"currentRatchet":{"ephemeralKeyPair":{"pubKey":"BeW2++ZWN99CotFgb24IKFQ4yAFbs5H1FjiDTeDjPl0E","privKey":"kAnvqtozy5zGMMoDypri4/NwEpF7aFFX5tO6wO7THlo="},"lastRemoteEphemeralKey":"BQl7e2njZwaB3jjk06B3AHCqnUp44oBfoZjNfs1LRJUd","previousCounter":0,"rootKey":"2GcydbctJ02MoX0F+VNbHYcud+LKdfiaPcXwtBuExEc="},"indexInfo":{"baseKey":"BSFTR5ZP+fHq3XTjZHI69PQJaducQlKsW/aqjdkRn5oh","baseKeyType":1,"closed":-1,"used":1748354358629,"created":1748354358629,"remoteIdentityKey":"BRlBjlTbF4/0ULtlXjWX656gklt9Nd1w7+COQwRQFvcf"},"_chains":{"BeW2++ZWN99CotFgb24IKFQ4yAFbs5H1FjiDTeDjPl0E":{"chainKey":{"counter":0,"key":"9PBeq8W6MAME9U4tLWigYhvApSxF3n2ntdKfy1bcs9Q="},"chainType":1,"messageKeys":{}}},"pendingPreKey":{"signedKeyId":0,"baseKey":"BSFTR5ZP+fHq3XTjZHI69PQJaducQlKsW/aqjdkRn5oh","preKeyId":5731274}}},"version":"v1"}