{"_sessions":{"BcUfr6D+kW0/QEJ/ixgvB04Aeh5K9PMsJcsYfn5CnAxe":{"registrationId":1721862432,"currentRatchet":{"ephemeralKeyPair":{"pubKey":"BYgq6HUjGDwWTFH15xuA8qSvCifMTzMOOpd0rvbgVPw3","privKey":"AFPnwxlmtVPtD8XqIt40yCCZHeyyhJS6iuv3sK/6OkY="},"lastRemoteEphemeralKey":"BRWL0zlDsZHvyfnf6ylAnK4hWoXeQJsLnaa1GQwEMHYd","previousCounter":0,"rootKey":"xnevdaoLpYJA7hYMWrZ4gpyxdv6PceK3/7degITtKeM="},"indexInfo":{"baseKey":"BcUfr6D+kW0/QEJ/ixgvB04Aeh5K9PMsJcsYfn5CnAxe","baseKeyType":1,"closed":-1,"used":1748354358488,"created":1748354358488,"remoteIdentityKey":"BXaHbXzcZMRWS0vZmb+qLMeCvHDtYxHu6x/ToMCY+QhN"},"_chains":{"BYgq6HUjGDwWTFH15xuA8qSvCifMTzMOOpd0rvbgVPw3":{"chainKey":{"counter":0,"key":"vH1ZP2BC2I3MBh9BN4+2BHnTZ6/r5zHWYKJCHtEGuFo="},"chainType":1,"messageKeys":{}}},"pendingPreKey":{"signedKeyId":3,"baseKey":"BcUfr6D+kW0/QEJ/ixgvB04Aeh5K9PMsJcsYfn5CnAxe"}}},"version":"v1"}