{"_sessions":{"Bb56ow29gwuhVCRy6XF6LGOXBCC90d9D/dye6hknEglV":{"registrationId":434327469,"currentRatchet":{"ephemeralKeyPair":{"pubKey":"BYL1NhrDDqVORt/+VO67Xt0+PWC/8Gduy1npcD/WsRMC","privKey":"YPTxTw+dinnXyLGKc7LqMmTqx0IurAhaBmtsS6tnimk="},"lastRemoteEphemeralKey":"BXlXv5zPp9bpic49p26BIsjsxFBQ+w44tsPkkFJQ6hgp","previousCounter":0,"rootKey":"KLj18chHGubKdeiht4JTzs54ptXCLYJy1wjtgJWldw0="},"indexInfo":{"baseKey":"Bb56ow29gwuhVCRy6XF6LGOXBCC90d9D/dye6hknEglV","baseKeyType":1,"closed":-1,"used":1748354347865,"created":1748354347865,"remoteIdentityKey":"BeyWz7Ex8E6Gno5fynoMIJxt4mP228SULthkmMksP1Ft"},"_chains":{"BYL1NhrDDqVORt/+VO67Xt0+PWC/8Gduy1npcD/WsRMC":{"chainKey":{"counter":0,"key":"0H811sgwt2U3LwhjI1TgBNHt7d/p3nvvrjiaFmoESzw="},"chainType":1,"messageKeys":{}}},"pendingPreKey":{"signedKeyId":16,"baseKey":"Bb56ow29gwuhVCRy6XF6LGOXBCC90d9D/dye6hknEglV","preKeyId":11774993}}},"version":"v1"}