{"_sessions":{"BcJrochKX4LVWqySN5IQtagBBvawDs6S89FyS6+31T8G":{"registrationId":1051977954,"currentRatchet":{"ephemeralKeyPair":{"pubKey":"BesshVya+hDlNB0AcDELP/3GsRIjmmDlOzhMfIB7rV0J","privKey":"+HrFMBBuuI3lvIsmJLjjP0ZbBiOQAwTPh55R9V/LYms="},"lastRemoteEphemeralKey":"BUDOlY41hvXokKqac/KAsFX5hAaPlxoFvPaCID0Xpmd5","previousCounter":0,"rootKey":"Q6p/AMdIb46ZhA0SdJSrJrrU27vikiLmT6p6qfJOqKI="},"indexInfo":{"baseKey":"BcJrochKX4LVWqySN5IQtagBBvawDs6S89FyS6+31T8G","baseKeyType":1,"closed":-1,"used":1748354358140,"created":1748354358140,"remoteIdentityKey":"BZKV96CkrZCPff2hgau7+ePj7ljX3wJz5hrPivTFvMYD"},"_chains":{"BesshVya+hDlNB0AcDELP/3GsRIjmmDlOzhMfIB7rV0J":{"chainKey":{"counter":0,"key":"M+T8afoWLe7J/rdQ/aPew2bX6Q0SiLzTppbKQTHmaC0="},"chainType":1,"messageKeys":{}}},"pendingPreKey":{"signedKeyId":8,"baseKey":"BcJrochKX4LVWqySN5IQtagBBvawDs6S89FyS6+31T8G","preKeyId":1225864}}},"version":"v1"}