{"_sessions":{"BVzGwcjrRn5nsHR9ALC1xybDz1VccpGtmT6jThpd+KV2":{"registrationId":53697911,"currentRatchet":{"ephemeralKeyPair":{"pubKey":"BTzpTMVochWVHRem+wB8ulTeKgq1penW4WPgnOsSs3gP","privKey":"gOVd4NhW4OIGjFP6hARzX6qlcfkWQr1L1sP2n2VAgko="},"lastRemoteEphemeralKey":"BRayfNiniteXs67LV5gcL8X3JQ3eDlUGXituL+tHTVc2","previousCounter":0,"rootKey":"e8ys/n68eWYvdcknfPFigI3hodvZr6OPNGEDpNT95ps="},"indexInfo":{"baseKey":"BVzGwcjrRn5nsHR9ALC1xybDz1VccpGtmT6jThpd+KV2","baseKeyType":1,"closed":-1,"used":1748354348465,"created":1748354348465,"remoteIdentityKey":"Bcr1eYFSA1iSSNUsWbICmrR9IuQMwzjqiOBAuBM/o5tI"},"_chains":{"BTzpTMVochWVHRem+wB8ulTeKgq1penW4WPgnOsSs3gP":{"chainKey":{"counter":0,"key":"BRrVfalejpMwjhoMKl3I+4huyGRz6jRGwDm0xgO+YMU="},"chainType":1,"messageKeys":{}}},"pendingPreKey":{"signedKeyId":6,"baseKey":"BVzGwcjrRn5nsHR9ALC1xybDz1VccpGtmT6jThpd+KV2","preKeyId":8567535}}},"version":"v1"}