{"_sessions":{"BTJi0CzwE2cC2NRQQyvzwjEEzFUlwEqchRYVSsDV5WMt":{"registrationId":1662421265,"currentRatchet":{"ephemeralKeyPair":{"pubKey":"BR1Zs6OBROV/HcrlzUJX9786Ybe+CZoI7QXPjYsWtrIY","privKey":"EPEGbFL6rkcOqU8G00g9+wf90flMWA8m2qdHyEEmmF4="},"lastRemoteEphemeralKey":"BawvWKqHy55lC+cP8CRnhmBAor5xnNSQrUWo1J2WH/t0","previousCounter":0,"rootKey":"kdRTGRQYQEmYoUCNJq3cw5jfSLBFtEFxcXAuUJqVg5g="},"indexInfo":{"baseKey":"BTJi0CzwE2cC2NRQQyvzwjEEzFUlwEqchRYVSsDV5WMt","baseKeyType":1,"closed":-1,"used":1748354348448,"created":1748354348448,"remoteIdentityKey":"BfdxdMADXpEU4/vFjvmJ8Sn2AzbQErtOoI6m262clMtl"},"_chains":{"BR1Zs6OBROV/HcrlzUJX9786Ybe+CZoI7QXPjYsWtrIY":{"chainKey":{"counter":0,"key":"vfijh2LkftKn+qp2Y6btfk9ZeFjQNafZQC7f4betwe0="},"chainType":1,"messageKeys":{}}},"pendingPreKey":{"signedKeyId":11,"baseKey":"BTJi0CzwE2cC2NRQQyvzwjEEzFUlwEqchRYVSsDV5WMt","preKeyId":10830845}}},"version":"v1"}