{"_sessions":{"BXhQOqz2y2J9cexG4BCH2pNGEu5+Ni82oKzrf+Neg7tL":{"registrationId":8380,"currentRatchet":{"ephemeralKeyPair":{"pubKey":"BYVjP8zU9yKusTtVH3TV20JT2YnbtclppdJn9voVFwNH","privKey":"EMFaFkTrpjoJq6ylWpPmV8uToOxFjEOf6lA7i4OOD2g="},"lastRemoteEphemeralKey":"BckoV/yunDHjoBJJnQYsb9b9wmcvH9vvMDQXQ9rBZIYJ","previousCounter":0,"rootKey":"MTASzEQvt4SRydhlVhnEsgfkqDn7KcazjSiOPipL8RI="},"indexInfo":{"baseKey":"BXhQOqz2y2J9cexG4BCH2pNGEu5+Ni82oKzrf+Neg7tL","baseKeyType":1,"closed":-1,"used":1748348748147,"created":1748348748147,"remoteIdentityKey":"BUMQo+HHh5anubGhnRE6lHSHPPESSvNNi6CF+7HLQRJC"},"_chains":{"BYVjP8zU9yKusTtVH3TV20JT2YnbtclppdJn9voVFwNH":{"chainKey":{"counter":1,"key":"CUnT+3OXj69O9yuHbLB96DR8A3M1GlxqWjhhR+lkrZU="},"chainType":1,"messageKeys":{}}},"pendingPreKey":{"signedKeyId":1,"baseKey":"BXhQOqz2y2J9cexG4BCH2pNGEu5+Ni82oKzrf+Neg7tL"}}},"version":"v1"}