{"_sessions":{"BZz07yth5Yy2PqCPip6aW6WOlWPY7csSxLB2dzfrLA5b":{"registrationId":1590492272,"currentRatchet":{"ephemeralKeyPair":{"pubKey":"BYcNUbccmcg8cnaz3jEnrT43R3xTiX2amckUA96q/rF8","privKey":"EKbenYpdgiTJl8EGkzRBp0gLEM5+TnNwawAx7kgilm8="},"lastRemoteEphemeralKey":"BXop9OVfThClAG3BdBvq5ITYt3cumhhr/z5vouITQc1y","previousCounter":0,"rootKey":"n3A44LmoNwyuMJi2kYXuBdbGaJtVzIMTO6EHhN6E39k="},"indexInfo":{"baseKey":"BZz07yth5Yy2PqCPip6aW6WOlWPY7csSxLB2dzfrLA5b","baseKeyType":1,"closed":-1,"used":1748354347474,"created":1748354347474,"remoteIdentityKey":"BdmBghYT1iskQRJhagVh8QUXuDcfzRLwkUMKmuuV8dVi"},"_chains":{"BYcNUbccmcg8cnaz3jEnrT43R3xTiX2amckUA96q/rF8":{"chainKey":{"counter":0,"key":"k5w3AS9t9oaPvc/eCT0pPPNR0r5xi0gC8TMuIa0UqBw="},"chainType":1,"messageKeys":{}}},"pendingPreKey":{"signedKeyId":6,"baseKey":"BZz07yth5Yy2PqCPip6aW6WOlWPY7csSxLB2dzfrLA5b"}}},"version":"v1"}