{"_sessions":{"BRus22RPGg1fOyWZKa/kyClDrXj79PD0isFCWZ3FBL88":{"registrationId":546788008,"currentRatchet":{"ephemeralKeyPair":{"pubKey":"BcGs0vx9AQSykg52nIc6+W0hXQ9u+/Nnv0sXlcIuw29E","privKey":"CDHiwX5q71x5dwLVSQ5AX6hgCfCqD/BLEUH1E3MAh2k="},"lastRemoteEphemeralKey":"BX490Ed4YT1L+2EsV02WMY0Xc9gMUUMErbHj/FYzngU9","previousCounter":0,"rootKey":"1goBZJdkpw4vHdm6SRIW7GpWYcAtdNhMoSptdqYguIA="},"indexInfo":{"baseKey":"BRus22RPGg1fOyWZKa/kyClDrXj79PD0isFCWZ3FBL88","baseKeyType":1,"closed":-1,"used":1748354355387,"created":1748354355387,"remoteIdentityKey":"BRzfN3V1u51uHbcq/2Zvn7UVwv6ToMUxouTaEs71uxMK"},"_chains":{"BcGs0vx9AQSykg52nIc6+W0hXQ9u+/Nnv0sXlcIuw29E":{"chainKey":{"counter":0,"key":"nllEDeLpdejUPNEmundJynTOMItkidmrrwza0gjLyxk="},"chainType":1,"messageKeys":{}}},"pendingPreKey":{"signedKeyId":4,"baseKey":"BRus22RPGg1fOyWZKa/kyClDrXj79PD0isFCWZ3FBL88","preKeyId":9327953}}},"version":"v1"}