{"_sessions":{"BVgMtvYeHe1GMjtEU5Rc5bB47d8h4NIxzHqiBf5mSI8h":{"registrationId":156068883,"currentRatchet":{"ephemeralKeyPair":{"pubKey":"BcAS/opAJw0OlheJw+6+ruD3GgcjyoRn/gV6FCU/BFJp","privKey":"mPTfJ122O/gO3Z/fzOvROnJaaY8EAvgrZYih33yG7FQ="},"lastRemoteEphemeralKey":"BRmz4y/lpDxt6JYhaM3ReCTbRUdFen0/Mfj9J/f68sIu","previousCounter":0,"rootKey":"x6Bc1U1tdrG8wBK5qq1eRAtI7jUhY5iFAlVCaO8Vupk="},"indexInfo":{"baseKey":"BVgMtvYeHe1GMjtEU5Rc5bB47d8h4NIxzHqiBf5mSI8h","baseKeyType":1,"closed":-1,"used":1748354352027,"created":1748354352027,"remoteIdentityKey":"Bbmnzczfv8Jjem61FpzTb9eviII2oEzATEg+ER8LcrIX"},"_chains":{"BcAS/opAJw0OlheJw+6+ruD3GgcjyoRn/gV6FCU/BFJp":{"chainKey":{"counter":0,"key":"yONOuwWNjueDbPRzK8/cNwntUWGiye14r4zuZ2v1g5E="},"chainType":1,"messageKeys":{}}},"pendingPreKey":{"signedKeyId":4,"baseKey":"BVgMtvYeHe1GMjtEU5Rc5bB47d8h4NIxzHqiBf5mSI8h","preKeyId":15909780}}},"version":"v1"}