{"_sessions":{"BTFyTeHDbFQ0CrMAE2upNT7vV1mAjrBukACNNaeQr4YI":{"registrationId":1712931248,"currentRatchet":{"ephemeralKeyPair":{"pubKey":"BaZybQVS3D3IVo4f6ucjJw82Obm4y4lC2X0cI8NXFFwc","privKey":"6G/MQFF9ZRpdCeDLhUvYetX7jJKtPeGDKBl8Ozxw0l4="},"lastRemoteEphemeralKey":"Bbyb4CWhp1QCf2tuq9u26xhhnLF/g4P298FVy5Srj9J4","previousCounter":0,"rootKey":"w8Q1AL24DJ4uP6ine7lCsPv0gtONLMOv99Lz+eictAU="},"indexInfo":{"baseKey":"BTFyTeHDbFQ0CrMAE2upNT7vV1mAjrBukACNNaeQr4YI","baseKeyType":1,"closed":-1,"used":1748354351922,"created":1748354351922,"remoteIdentityKey":"Bdd/1OaH2SuzEu0Uj3JmzKQY6yT0SPDZXK2FFkW7GRhq"},"_chains":{"BaZybQVS3D3IVo4f6ucjJw82Obm4y4lC2X0cI8NXFFwc":{"chainKey":{"counter":0,"key":"xywVS7UWXlL5kAwax4WzmX1C3geJgy2MaW/eQ5eOxm8="},"chainType":1,"messageKeys":{}}},"pendingPreKey":{"signedKeyId":13,"baseKey":"BTFyTeHDbFQ0CrMAE2upNT7vV1mAjrBukACNNaeQr4YI","preKeyId":14242126}}},"version":"v1"}