{"_sessions":{"BewERGc8UJY66tVWV9muSDbwejXhjgxnk5mdOErOPEI8":{"registrationId":1045228621,"currentRatchet":{"ephemeralKeyPair":{"pubKey":"BTL3tDnLqlDKb0MWfHpfag5kWtG+zsEJdnWsxm1bliEQ","privKey":"YBbfLI5DPvS3JsPrEeIic0cU2aTPyA597oZ7MWaODkQ="},"lastRemoteEphemeralKey":"BUIt/c16kRKi+bZFtLCVPbsbdvCMOYqMpiEPb16+j6BO","previousCounter":0,"rootKey":"0Q7z3NXBaI3G7chkjKZ3UAV7+bDcyWvpUgnxYbEjDFo="},"indexInfo":{"baseKey":"BewERGc8UJY66tVWV9muSDbwejXhjgxnk5mdOErOPEI8","baseKeyType":1,"closed":-1,"used":1748354358477,"created":1748354358477,"remoteIdentityKey":"BUsj4u1gS1hruMOVHsxVmJPndyimu2Ts/efpVuykJ8du"},"_chains":{"BTL3tDnLqlDKb0MWfHpfag5kWtG+zsEJdnWsxm1bliEQ":{"chainKey":{"counter":0,"key":"ActAOqNB+AcD/UGxJAfbnntr0W2ql3V3WaIZCTFcxaA="},"chainType":1,"messageKeys":{}}},"pendingPreKey":{"signedKeyId":2,"baseKey":"BewERGc8UJY66tVWV9muSDbwejXhjgxnk5mdOErOPEI8","preKeyId":13967353}}},"version":"v1"}