{"_sessions":{"BaE6w2EoR9NGV/YEfifSKOelUGJdM2YTYOmBOU5F8NQE":{"registrationId":287121885,"currentRatchet":{"ephemeralKeyPair":{"pubKey":"BXey1n0BCB+lkowrtT58vkeFttgt+M/awPexw50G7OF5","privKey":"+NBJPWkiKQbyBba/Ju96sluhkXgVf3RFAd8iGXuBoF4="},"lastRemoteEphemeralKey":"BcJXSPQRKJof9Ul5l6YeY56S+K74xlITeui/4l5XyI9u","previousCounter":0,"rootKey":"LkILty3gFEEpYctkwwcPoWil+EZCv0F+NJSwwh5auTk="},"indexInfo":{"baseKey":"BaE6w2EoR9NGV/YEfifSKOelUGJdM2YTYOmBOU5F8NQE","baseKeyType":1,"closed":-1,"used":1748354358606,"created":1748354358606,"remoteIdentityKey":"BTR8hkswaxGelKWOuU5vh7KMQ6aaK69RekZ8jLCGU6tc"},"_chains":{"BXey1n0BCB+lkowrtT58vkeFttgt+M/awPexw50G7OF5":{"chainKey":{"counter":0,"key":"p3zJSAKvI+M/SBE6XzPfuvKgswx0kY0sOOWAveWCvYY="},"chainType":1,"messageKeys":{}}},"pendingPreKey":{"signedKeyId":7,"baseKey":"BaE6w2EoR9NGV/YEfifSKOelUGJdM2YTYOmBOU5F8NQE","preKeyId":9757543}}},"version":"v1"}