{"_sessions":{"BaNSzpHr4ZEQk2EdprH3IMXbwcAyL0MaJaHb5ZkdIbBk":{"registrationId":1123200113,"currentRatchet":{"ephemeralKeyPair":{"pubKey":"BXjIv9l6Z8xPCCrPSr2ubtyt0a6MZvMTQ/QHQkbyarJJ","privKey":"UP4EmxfIa1dPBKA6cY2JhoKQ9n2zbBpcSRUd0msfGF4="},"lastRemoteEphemeralKey":"BZ73Yn5Z9OLOTRS4BUsvYpaiJaICQj74L2/Jk7aFZIhY","previousCounter":0,"rootKey":"h8ZBEXm5Lth9VRCHkaFPIYvo9qeIa5LsS+nh1c6FcyE="},"indexInfo":{"baseKey":"BaNSzpHr4ZEQk2EdprH3IMXbwcAyL0MaJaHb5ZkdIbBk","baseKeyType":1,"closed":-1,"used":1748354355799,"created":1748354355799,"remoteIdentityKey":"BT/H5Pcb89KzCwMwYiwJrPizNhtU8mSxpcMPSCKW0OoP"},"_chains":{"BXjIv9l6Z8xPCCrPSr2ubtyt0a6MZvMTQ/QHQkbyarJJ":{"chainKey":{"counter":0,"key":"+NlNBz4vagF7jiv+BXomwyicinF1SzPk0jU/zbWFS9k="},"chainType":1,"messageKeys":{}}},"pendingPreKey":{"signedKeyId":3,"baseKey":"BaNSzpHr4ZEQk2EdprH3IMXbwcAyL0MaJaHb5ZkdIbBk","preKeyId":13845702}}},"version":"v1"}