{"_sessions":{"BannAW5CU/erUkgsmaIDCJVTKv7r+7o2zhA402+CmGh+":{"registrationId":1864156254,"currentRatchet":{"ephemeralKeyPair":{"pubKey":"BX7Ci4bjH7tFSQ9m+zbgMBqQ6Ltup+KAem71qWkDv5oN","privKey":"yJGBVK/ebL3Fycsfc1XRS9KiYkcFxsQB/DsMK+kGn3A="},"lastRemoteEphemeralKey":"BYtzLsRuOkFExX/tf1BYsPq91nKwZeKsHN4VjS/rLzZa","previousCounter":0,"rootKey":"fs4WaX+uWt1SnduPTaAzXWiYXpQu62b33wfMNHcyLyo="},"indexInfo":{"baseKey":"BannAW5CU/erUkgsmaIDCJVTKv7r+7o2zhA402+CmGh+","baseKeyType":1,"closed":-1,"used":1748354355144,"created":1748354355144,"remoteIdentityKey":"BcnH5y44g2pDr0VbdbBck78V7IWwQD8N5k8vAfz/ozZE"},"_chains":{"BX7Ci4bjH7tFSQ9m+zbgMBqQ6Ltup+KAem71qWkDv5oN":{"chainKey":{"counter":0,"key":"q/dRrCNH68MTqUHR+8ixXv8PU+d82DXpACTuRq3Ndpk="},"chainType":1,"messageKeys":{}}},"pendingPreKey":{"signedKeyId":3,"baseKey":"BannAW5CU/erUkgsmaIDCJVTKv7r+7o2zhA402+CmGh+","preKeyId":4249151}}},"version":"v1"}