{"_sessions":{"BYhSgjHgbuUK6je9Sv/vTPW20QX8VqLQfi47Dj//eNkB":{"registrationId":269768996,"currentRatchet":{"ephemeralKeyPair":{"pubKey":"BY2D4Gh19n7BvDi7MIMvcp4feupurE5vpQ/8y09i7b8+","privKey":"mKicOVX+GdP59ob8IREUvE9EwROYIL9dl/x4nrZAKnk="},"lastRemoteEphemeralKey":"BXZd1d3vJCjXK4dK7IpftXJRdXxql7qzagv/kR9RW3IC","previousCounter":0,"rootKey":"OUTzEAQkiAVXG30n/Hq7q4JjCM3+7Elb6zyp2/SCUsM="},"indexInfo":{"baseKey":"BYhSgjHgbuUK6je9Sv/vTPW20QX8VqLQfi47Dj//eNkB","baseKeyType":1,"closed":-1,"used":1748354359228,"created":1748354359228,"remoteIdentityKey":"BSF/Rk8yWzooMoeQ25rqYFHlSB94aidH/uFyDxolXjIE"},"_chains":{"BY2D4Gh19n7BvDi7MIMvcp4feupurE5vpQ/8y09i7b8+":{"chainKey":{"counter":0,"key":"oAFC11CVgbS0V7B0WCbUBgpdF3jfD0TTRyIMQqXsCxA="},"chainType":1,"messageKeys":{}}},"pendingPreKey":{"signedKeyId":6,"baseKey":"BYhSgjHgbuUK6je9Sv/vTPW20QX8VqLQfi47Dj//eNkB"}}},"version":"v1"}