{"_sessions":{"BcGnYFBgaYQf+WMowTrdDPK6y5VqAYYuVW92basroFhK":{"registrationId":1473885665,"currentRatchet":{"ephemeralKeyPair":{"pubKey":"BW2cYdimicwkLB01Fvzk6CEfnVcZoGtBQZ89Oo6CWE0N","privKey":"oLfxDZw+Qz8M/ARDHrjYkUCFbLVqNSMA8r57BHV0onI="},"lastRemoteEphemeralKey":"BV/qcyY6APPSs51bdcSU/K/Z5Z5ehugLtrV6Acpf8mMR","previousCounter":0,"rootKey":"fnFflvUy/157Y0iTmBaYLpDtNUv0ksyIK0IJkS7P2Bo="},"indexInfo":{"baseKey":"BcGnYFBgaYQf+WMowTrdDPK6y5VqAYYuVW92basroFhK","baseKeyType":1,"closed":-1,"used":1748354347446,"created":1748354347446,"remoteIdentityKey":"BcOggZq+NRX+czol3lB4v1jiGCOm2Yew+uoMa5LnlZx7"},"_chains":{"BW2cYdimicwkLB01Fvzk6CEfnVcZoGtBQZ89Oo6CWE0N":{"chainKey":{"counter":0,"key":"L33qAT71Ir2QaO63H/niCFYMRO/V3QTKqT33ZkUsYsg="},"chainType":1,"messageKeys":{}}},"pendingPreKey":{"signedKeyId":3,"baseKey":"BcGnYFBgaYQf+WMowTrdDPK6y5VqAYYuVW92basroFhK","preKeyId":4278490}}},"version":"v1"}