{"_sessions":{"BSP8njhFHhyU9OzmeLerCzQUIxW8Vy1jK2/tuC6Ga1pO":{"registrationId":1012625252,"currentRatchet":{"ephemeralKeyPair":{"pubKey":"BYpREVMswKt0n+FwyIlDCCyT2A5LhzWEjv7v4n2JEUd/","privKey":"SA4m790HkO9eCD33Fu6bpZWj+cmCuIk+26q6qyjzxWk="},"lastRemoteEphemeralKey":"BW3KBEJ2h8GgZWL2pu8wZQV7T8aVmKmC1t/gP24iZKNb","previousCounter":0,"rootKey":"GTZrRuHvnMlUnOBtxZ0zf7UC/q4ePO2B0s3qp4c/lD4="},"indexInfo":{"baseKey":"BSP8njhFHhyU9OzmeLerCzQUIxW8Vy1jK2/tuC6Ga1pO","baseKeyType":1,"closed":-1,"used":1748354355481,"created":1748354355481,"remoteIdentityKey":"BfQxBA2lvMvPnKIUY6YHF5tNshrbJHf682vdO/+hjM8Q"},"_chains":{"BYpREVMswKt0n+FwyIlDCCyT2A5LhzWEjv7v4n2JEUd/":{"chainKey":{"counter":0,"key":"f0uTFv+Q/4zqbkP+BWSAQIVAUTD1LK5GHPqHUL7GRbU="},"chainType":1,"messageKeys":{}}},"pendingPreKey":{"signedKeyId":7,"baseKey":"BSP8njhFHhyU9OzmeLerCzQUIxW8Vy1jK2/tuC6Ga1pO","preKeyId":715983}}},"version":"v1"}