{"_sessions":{"BSDnyreFgwQQHL80YEptbfQdZt6D1TDM9vuDz5CuYmtH":{"registrationId":1232752144,"currentRatchet":{"ephemeralKeyPair":{"pubKey":"BcYLmjKM0Fx2xJXzQs6/ZT7+4SUiFb4JWvrkr4Jqaiwp","privKey":"+IGL1KiXbV65a3EjqkY749D6J4Q5Vgg3XciNrUzaEW8="},"lastRemoteEphemeralKey":"BZiHEpo7cWBpuhViwp60RHl0QPxT3gT1/u5PJqYbQBp0","previousCounter":0,"rootKey":"Cygm0IXo+h7L1wnF4pkg3GE+DZQYkn8s9prhqetpTeA="},"indexInfo":{"baseKey":"BSDnyreFgwQQHL80YEptbfQdZt6D1TDM9vuDz5CuYmtH","baseKeyType":1,"closed":-1,"used":1748354358123,"created":1748354358123,"remoteIdentityKey":"BQmiyI+dhBxkUuCaD2RlWHOd5cnrtsje98H+9YycwV0D"},"_chains":{"BcYLmjKM0Fx2xJXzQs6/ZT7+4SUiFb4JWvrkr4Jqaiwp":{"chainKey":{"counter":0,"key":"LnTKHkQDTVIZ3czVRzXkuw9VHI1pUjRgWnlfKAjLqrk="},"chainType":1,"messageKeys":{}}},"pendingPreKey":{"signedKeyId":0,"baseKey":"BSDnyreFgwQQHL80YEptbfQdZt6D1TDM9vuDz5CuYmtH","preKeyId":7586452}}},"version":"v1"}