{"_sessions":{"BRFVFbmnos2gLsU8TPdPLAcZQeuZm1RblFDfU4wJOIAB":{"registrationId":2133721621,"currentRatchet":{"ephemeralKeyPair":{"pubKey":"BYT8Q0E6OdMaEyLar7N49fSyeHdM8pLo5fWWR8cYEzZc","privKey":"mMQi3ub6IXZXAXUo52J/hrLWS9oruTwZiaXF0a+q8Hw="},"lastRemoteEphemeralKey":"BcgAA/Vh2ITYqjoMSyOJSAeSEnIF6LMg2HDNzLfssTpr","previousCounter":0,"rootKey":"dq6n9gKb/O2UzGnZbBE7qKLXKVenwG2RPR4pKQq3xO8="},"indexInfo":{"baseKey":"BRFVFbmnos2gLsU8TPdPLAcZQeuZm1RblFDfU4wJOIAB","baseKeyType":1,"closed":-1,"used":1748354348601,"created":1748354348601,"remoteIdentityKey":"BQTw3VomYsMjbnWGmizxlEhlI4MxcO05nmQ8vUQCFEVY"},"_chains":{"BYT8Q0E6OdMaEyLar7N49fSyeHdM8pLo5fWWR8cYEzZc":{"chainKey":{"counter":0,"key":"KKS9kkuaKpARakyCaVc92xlqpRq1iBj4pJ19jGxNPjc="},"chainType":1,"messageKeys":{}}},"pendingPreKey":{"signedKeyId":4,"baseKey":"BRFVFbmnos2gLsU8TPdPLAcZQeuZm1RblFDfU4wJOIAB","preKeyId":1701703}}},"version":"v1"}