{"_sessions":{"BV8RbQw9ngDiTEJBdw/f31QuIys2JEdlBH9btTgrF3lV":{"registrationId":2063995375,"currentRatchet":{"ephemeralKeyPair":{"pubKey":"BQBmIe03EXgQa6DZnEfr8NgnvZ3XTCh8CcxjQqK/M1kp","privKey":"8DiL4QrBmRzWiJhMwdMQz3ksGqL3dvlGniHD91UAIHI="},"lastRemoteEphemeralKey":"BcDaPSnBTLynv3ZrUtRxXf6MUh8S/K0qAcwLOw4/TH8k","previousCounter":0,"rootKey":"Kpx6IOxD9C8ZpZ0gITPeTAMVW7uMZhQM/kQK5jRJlzg="},"indexInfo":{"baseKey":"BV8RbQw9ngDiTEJBdw/f31QuIys2JEdlBH9btTgrF3lV","baseKeyType":1,"closed":-1,"used":1748354355397,"created":1748354355397,"remoteIdentityKey":"BYxmOyLILI6NGaqhUKrb2R+81uAwE/bfI75LBuBDVFUS"},"_chains":{"BQBmIe03EXgQa6DZnEfr8NgnvZ3XTCh8CcxjQqK/M1kp":{"chainKey":{"counter":0,"key":"COUl0JRzqAtQ04ZlIRJRd59IZzFFHduJCZADEnjFTcU="},"chainType":1,"messageKeys":{}}},"pendingPreKey":{"signedKeyId":1,"baseKey":"BV8RbQw9ngDiTEJBdw/f31QuIys2JEdlBH9btTgrF3lV","preKeyId":4350836}}},"version":"v1"}