{"_sessions":{"BWNQ1czZeilElUvzz9bE5w2O8qZBdORkL5Y+hQSEcwsr":{"registrationId":447416561,"currentRatchet":{"ephemeralKeyPair":{"pubKey":"BRAntu1ATxtGz9lrNDMJ6VTbuPZMuaUaO58MTxvLVt0i","privKey":"AOLNJrKpSNB+1XAughk41xathEpBta2bnn8czuQ0L2k="},"lastRemoteEphemeralKey":"BevsuJAGcvng3mkHLCmh4f5JsGT6g1/12ez4c6G3yNEn","previousCounter":0,"rootKey":"AIRnW7Jar1Fc+uYU6p9r9oZEK46ZA1vx7VJozDhK3ZA="},"indexInfo":{"baseKey":"BWNQ1czZeilElUvzz9bE5w2O8qZBdORkL5Y+hQSEcwsr","baseKeyType":1,"closed":-1,"used":1748354352130,"created":1748354352130,"remoteIdentityKey":"BZMv5OXO5wTDqRN/3jTv6wy8Iizn5HKklDxXrs7jBV91"},"_chains":{"BRAntu1ATxtGz9lrNDMJ6VTbuPZMuaUaO58MTxvLVt0i":{"chainKey":{"counter":0,"key":"Z9kFzKKhqyM46D1U/z4Fp8vuVF10H/UfPtIqQgs4amI="},"chainType":1,"messageKeys":{}}},"pendingPreKey":{"signedKeyId":1,"baseKey":"BWNQ1czZeilElUvzz9bE5w2O8qZBdORkL5Y+hQSEcwsr"}}},"version":"v1"}