{"_sessions":{"Bb/LRen37uCHeValwhQqFeZZt4CF2JkY91li8YlR7qUO":{"registrationId":1790130833,"currentRatchet":{"ephemeralKeyPair":{"pubKey":"BeiwuP5qyRTOW1w2odtx/n8vWi5OK7d6OA770/2d5rxT","privKey":"aOm9DNPSFqyaDlJ7AdiFxO3gvLgN6nxVska2chG8oG0="},"lastRemoteEphemeralKey":"BbtC25oTQ3PsRiVQmkoqI7yX5YmkqigPTIu6bgFxVige","previousCounter":0,"rootKey":"88lss6IJsPG037hN0K4P8EygHxnD3w+cI8ozRvtkmSQ="},"indexInfo":{"baseKey":"Bb/LRen37uCHeValwhQqFeZZt4CF2JkY91li8YlR7qUO","baseKeyType":1,"closed":-1,"used":1748354358975,"created":1748354358975,"remoteIdentityKey":"Be4OkXEIAgyuxWWFu9IDhZKEDO1Hved4x1j46TSkzwFd"},"_chains":{"BeiwuP5qyRTOW1w2odtx/n8vWi5OK7d6OA770/2d5rxT":{"chainKey":{"counter":0,"key":"UXMYVDgtQDeUHyTnbxXu/8zNrkVBJz0SarH/9qVwidM="},"chainType":1,"messageKeys":{}}},"pendingPreKey":{"signedKeyId":19,"baseKey":"Bb/LRen37uCHeValwhQqFeZZt4CF2JkY91li8YlR7qUO","preKeyId":11556323}}},"version":"v1"}