{"_sessions":{"BbBGw/DS2KtXa+Uwtt1aOTQOyIDyqQVS3bnzgJasNCIA":{"registrationId":1479709165,"currentRatchet":{"ephemeralKeyPair":{"pubKey":"BShnCsoLNnFppcFSz3P78H0iTVgnhhiWW+KPw3K8ialS","privKey":"aGV5gnJSL26LK1PyDwZ6CUA2bu5uewJZhxIxu77F71w="},"lastRemoteEphemeralKey":"BRnQd7TQC+CwM1gYwNUzYxP9oXpwHjCACggxjJL6ICMj","previousCounter":0,"rootKey":"xNUwIfwpZGsEYYwD6/V6jb1K0XNGsswQqB4JrZiBiBY="},"indexInfo":{"baseKey":"BbBGw/DS2KtXa+Uwtt1aOTQOyIDyqQVS3bnzgJasNCIA","baseKeyType":1,"closed":-1,"used":1748354358201,"created":1748354358201,"remoteIdentityKey":"BUWKNk5HmmZUHn+T2sUps3P6uOs+IE18wKaD6+VfVT10"},"_chains":{"BShnCsoLNnFppcFSz3P78H0iTVgnhhiWW+KPw3K8ialS":{"chainKey":{"counter":0,"key":"gCiJQT/nC/pcmvemrnmBQyT6Mpguk47WNYC0K9OLmTk="},"chainType":1,"messageKeys":{}}},"pendingPreKey":{"signedKeyId":1,"baseKey":"BbBGw/DS2KtXa+Uwtt1aOTQOyIDyqQVS3bnzgJasNCIA","preKeyId":3488207}}},"version":"v1"}