{"_sessions":{"BZKzuz8qt+g0nvNdbHtQzl8nHCtP8GrdB2DlCEcWiVZD":{"registrationId":502494993,"currentRatchet":{"ephemeralKeyPair":{"pubKey":"BcAJMqCLNBo9jymd23Ed/7At1d5oQQ06WPMpnF32dLAU","privKey":"yJH6Wx48J+8jfVv51rG7VCy/wiYyEm3pSAW5kXymLkU="},"lastRemoteEphemeralKey":"BUweSI1iY9b53E25b2gIcAYLLDWnvSMqEAdmhpWjQV93","previousCounter":0,"rootKey":"8Mxlj/vyWmHjUUfjXX5jz0AdkzwjdlQTetLThhHcINI="},"indexInfo":{"baseKey":"BZKzuz8qt+g0nvNdbHtQzl8nHCtP8GrdB2DlCEcWiVZD","baseKeyType":1,"closed":-1,"used":1748354354592,"created":1748354354592,"remoteIdentityKey":"BZdWxJeHW9+rmFROC1imSpmAelC4qMTjRa8lD/RJ4ZBI"},"_chains":{"BcAJMqCLNBo9jymd23Ed/7At1d5oQQ06WPMpnF32dLAU":{"chainKey":{"counter":0,"key":"gi6g4vca3yEp7UmSH1boi989wXVlNxXWDKgYVo1MAXc="},"chainType":1,"messageKeys":{}}},"pendingPreKey":{"signedKeyId":1645196,"baseKey":"BZKzuz8qt+g0nvNdbHtQzl8nHCtP8GrdB2DlCEcWiVZD","preKeyId":1628}}},"version":"v1"}