{"_sessions":{"BWlvGtOk1ueBV/FjE06eyvUAxV32OdTKo96OgzPkGPB1":{"registrationId":1636008725,"currentRatchet":{"ephemeralKeyPair":{"pubKey":"BT1zgnAWZSppyTrfAsVbzSSrAYaFD41xvBBEy8PL3EZM","privKey":"wJ7j5DP+B6SrQ0UePit7vj6Oshao3dq6q52d7aMdFEI="},"lastRemoteEphemeralKey":"BYPVhoS75LxlENjC5LK0DUa9rvpO6Fv7B2S6nJbl6nZb","previousCounter":0,"rootKey":"yIALdVe75Vu2FMJaVrGImvJiHqE/gRC1wSvoezZPy1I="},"indexInfo":{"baseKey":"BWlvGtOk1ueBV/FjE06eyvUAxV32OdTKo96OgzPkGPB1","baseKeyType":1,"closed":-1,"used":1748354355188,"created":1748354355188,"remoteIdentityKey":"BRHg7F19/FPdTw+zFo9lbuAQNr3q56WbdeDpVUchCKkv"},"_chains":{"BT1zgnAWZSppyTrfAsVbzSSrAYaFD41xvBBEy8PL3EZM":{"chainKey":{"counter":0,"key":"W8/bp4/TLBd7od5nuMufn+wAzHVeJJUxzbxfq9nrb2k="},"chainType":1,"messageKeys":{}}},"pendingPreKey":{"signedKeyId":1,"baseKey":"BWlvGtOk1ueBV/FjE06eyvUAxV32OdTKo96OgzPkGPB1","preKeyId":4418936}}},"version":"v1"}