{"_sessions":{"BWlCtjBTlFtVvg92Me5Hr4g7q+uET9URQkSrQoSJbTp5":{"registrationId":1305922947,"currentRatchet":{"ephemeralKeyPair":{"pubKey":"BY8jCRXP2DiZ6j+3SGmi7rSMrz2dfSXu7n0N/9bemlQ6","privKey":"ELeOkziwV9ekl2EdIFMMAaP+sxXZ2edPkO2uX2lBY2I="},"lastRemoteEphemeralKey":"Bce9DZjrvwZ/CijZsy6fhgev57W56t2cWCwjIUPYHLx2","previousCounter":0,"rootKey":"5H9DMgkI0eu6VRspfdRf87jh68duulycnwIeqpFuRz0="},"indexInfo":{"baseKey":"BWlCtjBTlFtVvg92Me5Hr4g7q+uET9URQkSrQoSJbTp5","baseKeyType":1,"closed":-1,"used":1748354347572,"created":1748354347572,"remoteIdentityKey":"BbiwBiR+a3RSCppS6XELLoj2rq6rTlbXtSjP0pcq9asm"},"_chains":{"BY8jCRXP2DiZ6j+3SGmi7rSMrz2dfSXu7n0N/9bemlQ6":{"chainKey":{"counter":0,"key":"90CjVwYKx6y5sHAhrDLYd5KYCk1kemAjjPv2mkYY/Z8="},"chainType":1,"messageKeys":{}}},"pendingPreKey":{"signedKeyId":13,"baseKey":"BWlCtjBTlFtVvg92Me5Hr4g7q+uET9URQkSrQoSJbTp5","preKeyId":4367}}},"version":"v1"}