{"_sessions":{"BSnIBBw89FOA6njL9d/Ol+OfdY42Ap+psmE52Vw5tgc6":{"registrationId":1550741119,"currentRatchet":{"ephemeralKeyPair":{"pubKey":"BWHzBB474Na2HEHnXIs1xbxv6To1/c2RSWNtYoHXychS","privKey":"yLc8MCxg2crvLqncCBjNT4LNBo84ahaNWWzNGX4PK2o="},"lastRemoteEphemeralKey":"BWc7J+azljeNZKyjSeKa6OSS2KDaxu7Ib6AVUmntoCw9","previousCounter":0,"rootKey":"9q2XY4BDTZGGqMA0bFNvOIJzF5WClI8WzMSDxyO6nn4="},"indexInfo":{"baseKey":"BSnIBBw89FOA6njL9d/Ol+OfdY42Ap+psmE52Vw5tgc6","baseKeyType":1,"closed":-1,"used":1748354355154,"created":1748354355154,"remoteIdentityKey":"BSICZ/WfTc5q/NSTkAFWNkB/99nR6OVgruYlAYdBdYs0"},"_chains":{"BWHzBB474Na2HEHnXIs1xbxv6To1/c2RSWNtYoHXychS":{"chainKey":{"counter":0,"key":"WGjHm1cJ32yQ+tVygnXc6BCkbZ3KiG0wR/i5clUdShE="},"chainType":1,"messageKeys":{}}},"pendingPreKey":{"signedKeyId":4,"baseKey":"BSnIBBw89FOA6njL9d/Ol+OfdY42Ap+psmE52Vw5tgc6","preKeyId":15354004}}},"version":"v1"}