{"_sessions":{"BbGQdAGE0O2ceAcCsw2SpFQ2rVueh2Ssj1ErJSOwXBYU":{"registrationId":2114172089,"currentRatchet":{"ephemeralKeyPair":{"pubKey":"BcyvP9cgSzBDVr4+lmJReSRikgGuDNhQrlGM+3TMniBU","privKey":"EBEZ1AoewEBBWORXQaQAmMX/Ixy18co55qkQa+LiHmY="},"lastRemoteEphemeralKey":"BWorkD3bJmmJlhCKWzxq7qARpVFuLbFsWlIfd9NLsLh8","previousCounter":0,"rootKey":"5SrkAAktEgZY6qW/F+IJG73WxUKZ+A4CJ/9Ja4ASr40="},"indexInfo":{"baseKey":"BbGQdAGE0O2ceAcCsw2SpFQ2rVueh2Ssj1ErJSOwXBYU","baseKeyType":1,"closed":-1,"used":1748354359013,"created":1748354359013,"remoteIdentityKey":"BRk1I5QAMzTc/18p7iU3Za2PyDjtb6qivwKTyR9JQQwa"},"_chains":{"BcyvP9cgSzBDVr4+lmJReSRikgGuDNhQrlGM+3TMniBU":{"chainKey":{"counter":0,"key":"nI33WWEJ6GRsHbPr6747i0XrSuuq1eAhPh/6OJEe/mg="},"chainType":1,"messageKeys":{}}},"pendingPreKey":{"signedKeyId":5,"baseKey":"BbGQdAGE0O2ceAcCsw2SpFQ2rVueh2Ssj1ErJSOwXBYU","preKeyId":8355179}}},"version":"v1"}