{"_sessions":{"BTKrKeZgVWYO/ydZ5O0BvZElV8ITUhd6120QrKH5fv4G":{"registrationId":761109395,"currentRatchet":{"ephemeralKeyPair":{"pubKey":"BYppcAt+QPE0w2qRsis04tIIxFE+1evKSBbocpsT/hAK","privKey":"yDptYE6BVBKd2I6zB78F8KpWEqCP5LbkGiWYj32BzUc="},"lastRemoteEphemeralKey":"BXFdngkaHTQpJCmqob3Jz9wKxT/v+MsyvA+TIy4gXkdC","previousCounter":0,"rootKey":"DI4rCwvQZz7xrX0W4EvkpV6yqjaLgzUsAPqYoUSrdR4="},"indexInfo":{"baseKey":"BTKrKeZgVWYO/ydZ5O0BvZElV8ITUhd6120QrKH5fv4G","baseKeyType":1,"closed":-1,"used":1748354347854,"created":1748354347854,"remoteIdentityKey":"Bdwedavukq/rt2JeFrLwCB2m25AZpX61zO/y0O8CFVEG"},"_chains":{"BYppcAt+QPE0w2qRsis04tIIxFE+1evKSBbocpsT/hAK":{"chainKey":{"counter":0,"key":"AvNbiuoaskHG7rDBrSg5kfFUt2sctcmRO1jg+5Slimc="},"chainType":1,"messageKeys":{}}},"pendingPreKey":{"signedKeyId":2,"baseKey":"BTKrKeZgVWYO/ydZ5O0BvZElV8ITUhd6120QrKH5fv4G","preKeyId":8238300}}},"version":"v1"}