{"_sessions":{"BXEDgsW8t7dJayhv+VWXenrlLoDs9+ZJ+tXWO8GKArZ5":{"registrationId":1975080725,"currentRatchet":{"ephemeralKeyPair":{"pubKey":"BQaDkl+iB1qUks+csjkkERfCOkUycA0RYpZUvvsHSrEt","privKey":"yPKt5RYclbJBOqn9HvuDYWYKxl2yrSnM1eX4lppx20k="},"lastRemoteEphemeralKey":"BdBqXl+IYEgG4yFc9UBeT7kPHs3lm07/cGqTB4lrLgRH","previousCounter":0,"rootKey":"3INZE3voNn8mUOC9890xpCfSu43rNsYI0F0BW8FhTZk="},"indexInfo":{"baseKey":"BXEDgsW8t7dJayhv+VWXenrlLoDs9+ZJ+tXWO8GKArZ5","baseKeyType":1,"closed":-1,"used":1748354355330,"created":1748354355330,"remoteIdentityKey":"BaZhBi4W+y9vH8Fw2gIfIj9/BrNtAF4PyxZ0dgvbgQkT"},"_chains":{"BQaDkl+iB1qUks+csjkkERfCOkUycA0RYpZUvvsHSrEt":{"chainKey":{"counter":0,"key":"xDw5J6dSebPKoZ050ZVNzzvtyV/duqLUJn0OPpVKWac="},"chainType":1,"messageKeys":{}}},"pendingPreKey":{"signedKeyId":3,"baseKey":"BXEDgsW8t7dJayhv+VWXenrlLoDs9+ZJ+tXWO8GKArZ5","preKeyId":9806770}}},"version":"v1"}