{"_sessions":{"BR5whbY9+WS8S4bYno8jnyv2WMSMk5WdlMXKZPiZ9Zkv":{"registrationId":1693775645,"currentRatchet":{"ephemeralKeyPair":{"pubKey":"BYYfyl+wXarMk7tQQj7wDI2QgzuGLNgkT9dcBw0HgWkn","privKey":"0DOoKE33TdytZ4fvD9iZ3YNJYn4wmXFWex8jUHtzmE8="},"lastRemoteEphemeralKey":"BZE9mAsAzfInjs/zil36pVTX7xJFOcfzLYjvjxOoOIQu","previousCounter":0,"rootKey":"MR0NoyQ/E603UOy0B7a7vrpx1VMPiweLC8i+E8Hrhbs="},"indexInfo":{"baseKey":"BR5whbY9+WS8S4bYno8jnyv2WMSMk5WdlMXKZPiZ9Zkv","baseKeyType":1,"closed":-1,"used":1748354351840,"created":1748354351840,"remoteIdentityKey":"BZg5hYXZmWxvhrpjy/4mYz9fRu7SLvbwVlYz5dkSyA44"},"_chains":{"BYYfyl+wXarMk7tQQj7wDI2QgzuGLNgkT9dcBw0HgWkn":{"chainKey":{"counter":0,"key":"irBid3rrMQ/xGDMR9WtXNkoo/nTjO40R6OTxe2LXod8="},"chainType":1,"messageKeys":{}}},"pendingPreKey":{"signedKeyId":10802404,"baseKey":"BR5whbY9+WS8S4bYno8jnyv2WMSMk5WdlMXKZPiZ9Zkv","preKeyId":480}}},"version":"v1"}