{"_sessions":{"BQTCrXwR3e8zwVyAkyL0sLE4ITEKXF2aTt8YV/0O9PMo":{"registrationId":197526794,"currentRatchet":{"ephemeralKeyPair":{"pubKey":"BXNqYPcWwEBa/5mQx13AoxzgwQELIUvOwdrUL369OxRs","privKey":"8INVDaTKIWMzoRFyGOmr+rsXlvYiKy57RYADe1KJc2Q="},"lastRemoteEphemeralKey":"BaqimFW69KK6slyFJqZxQqq4SxwzXCcvp2XYuhRee+Ni","previousCounter":0,"rootKey":"+PL5BTKMXWpUgD5WYALfg96XD0SNBuYuz+o0Ut4Dn0A="},"indexInfo":{"baseKey":"BQTCrXwR3e8zwVyAkyL0sLE4ITEKXF2aTt8YV/0O9PMo","baseKeyType":1,"closed":-1,"used":1748354355006,"created":1748354355006,"remoteIdentityKey":"BQI1Vl4lyXtJOWNcvg6jdmR+kLGQwMAezQNgCjgD3c4T"},"_chains":{"BXNqYPcWwEBa/5mQx13AoxzgwQELIUvOwdrUL369OxRs":{"chainKey":{"counter":0,"key":"nCchDusbe5tkVV4Y6wi07rSPAIzVQ18UuDtQuG4O3sM="},"chainType":1,"messageKeys":{}}},"pendingPreKey":{"signedKeyId":2,"baseKey":"BQTCrXwR3e8zwVyAkyL0sLE4ITEKXF2aTt8YV/0O9PMo","preKeyId":2295796}}},"version":"v1"}