{"_sessions":{"BWaTAEV5iG6bH8edQZMPfYJMJlcrp1S22akA2WGJe6Bh":{"registrationId":1843691285,"currentRatchet":{"ephemeralKeyPair":{"pubKey":"BR2z/H+Ak1o92E6pe/hzPoDS9X2Xtw/jVVmhrxG9iHZ0","privKey":"MB2QJx55ap9YkMm5L8xx/+aVykjXMA3g2qyQIWggjFo="},"lastRemoteEphemeralKey":"Bci09IlIKNd5N+zLmnStYrpqmyS1Rt4NRwIeVcOfJI8a","previousCounter":0,"rootKey":"aOP+A/H+J1d8+p3zLZpis0cTb9WvE70S55RY+Oqllb0="},"indexInfo":{"baseKey":"BWaTAEV5iG6bH8edQZMPfYJMJlcrp1S22akA2WGJe6Bh","baseKeyType":1,"closed":-1,"used":1748354355226,"created":1748354355226,"remoteIdentityKey":"BVjWAo3LeH3bXHxGwJP4Sclcv2FH0lgEZeH39WQo1nF8"},"_chains":{"BR2z/H+Ak1o92E6pe/hzPoDS9X2Xtw/jVVmhrxG9iHZ0":{"chainKey":{"counter":0,"key":"lw6UUOAUSUetK4MycRSL3cojyAieCr9gYPyPkKqoMnI="},"chainType":1,"messageKeys":{}}},"pendingPreKey":{"signedKeyId":3,"baseKey":"BWaTAEV5iG6bH8edQZMPfYJMJlcrp1S22akA2WGJe6Bh","preKeyId":8455052}}},"version":"v1"}