{"_sessions":{"BXzfvF9sH3sslHk5orE6sZ0jw2B/tqh5RITEp52Ijx0p":{"registrationId":278294583,"currentRatchet":{"ephemeralKeyPair":{"pubKey":"BR6GCWI8k7sFiwEWJDMgq5hWcgKJbZeO/q3anaEJtTk7","privKey":"EEVB7U3vSZuSHtT/KH1QUMj2ZOz4qEiNshwLdaByj1Y="},"lastRemoteEphemeralKey":"BUfux38StKgviEvR4nKrxXQmuKmQ9ZNUVbFk2JBZ47UG","previousCounter":0,"rootKey":"WF+8eCWYQxAyALBOxpchP6RM1Ldtm7lUUpOp/dzDxcM="},"indexInfo":{"baseKey":"BXzfvF9sH3sslHk5orE6sZ0jw2B/tqh5RITEp52Ijx0p","baseKeyType":1,"closed":-1,"used":1748354359422,"created":1748354359422,"remoteIdentityKey":"BV7OUkl2z3A4GeeTNPXt/jT6LcLUStRACD02UKS6P2ML"},"_chains":{"BR6GCWI8k7sFiwEWJDMgq5hWcgKJbZeO/q3anaEJtTk7":{"chainKey":{"counter":0,"key":"/zkQLgsqviCmgkPETDGDAl5Ou+gSLh0235BmcQJdkUE="},"chainType":1,"messageKeys":{}}},"pendingPreKey":{"signedKeyId":3,"baseKey":"BXzfvF9sH3sslHk5orE6sZ0jw2B/tqh5RITEp52Ijx0p","preKeyId":8069699}}},"version":"v1"}