{"_sessions":{"BSNog8VCVdzxTL1KZTBlYnFGoYzsJkr24Msbv8T5Pqgx":{"registrationId":897189499,"currentRatchet":{"ephemeralKeyPair":{"pubKey":"BfEcwFx+pf9Vp9/3N1oE2gpt/A+8XLI2oW6TgZTQOmB3","privKey":"4Ic0lf4bQfuRhFBlosC05EfeL+63KN4xaGut85VVLUI="},"lastRemoteEphemeralKey":"BZJsv2WNMYoPvsc/l5961xxzC+RLrKf8OWQgj6P7nOoI","previousCounter":0,"rootKey":"yjvWnkyTgyDGADP3C7y07583BucyT3STosiHc4+CzB0="},"indexInfo":{"baseKey":"BSNog8VCVdzxTL1KZTBlYnFGoYzsJkr24Msbv8T5Pqgx","baseKeyType":1,"closed":-1,"used":1748354351284,"created":1748354351284,"remoteIdentityKey":"BajYRBN7COqcOP2G4kxgV1wIEkmo4D0FdDvHpGfem/dR"},"_chains":{"BfEcwFx+pf9Vp9/3N1oE2gpt/A+8XLI2oW6TgZTQOmB3":{"chainKey":{"counter":0,"key":"r9Kkbcc/vrCurqm9j6uIIPJxSiC5z4rGG1RaIoIZ8Ts="},"chainType":1,"messageKeys":{}}},"pendingPreKey":{"signedKeyId":1,"baseKey":"BSNog8VCVdzxTL1KZTBlYnFGoYzsJkr24Msbv8T5Pqgx","preKeyId":808054}}},"version":"v1"}