{"_sessions":{"BbJ3b+4cU6dteLboexeideyj14h2ibI/nWPSUay/6Jpw":{"registrationId":512554302,"currentRatchet":{"ephemeralKeyPair":{"pubKey":"BV+4eqHKrmFxQonYOUflt6y5KVTgY6pFtomAj1asaXAF","privKey":"OBEq+WLYdMWPfin6Za1wBb0qeMRpwsyU9K3E+SVLp20="},"lastRemoteEphemeralKey":"BZOhNfDu3pQ0u6g2quUqPBmxDjyFBU60cOu10cQKqHhT","previousCounter":0,"rootKey":"yhLnKecwiJTsH0WdP94JA/MhK6xAgk9bIKGWUCfSTNU="},"indexInfo":{"baseKey":"BbJ3b+4cU6dteLboexeideyj14h2ibI/nWPSUay/6Jpw","baseKeyType":1,"closed":-1,"used":1748354351357,"created":1748354351357,"remoteIdentityKey":"BfPPaPpQTOODRbIQ23LEacmgzsg69+J3uy9aIfCaIQhy"},"_chains":{"BV+4eqHKrmFxQonYOUflt6y5KVTgY6pFtomAj1asaXAF":{"chainKey":{"counter":0,"key":"8cwG7gO+EApoNgTmiPvfbo3kx5TxEzUZaQJF6FRVRRA="},"chainType":1,"messageKeys":{}}},"pendingPreKey":{"signedKeyId":11438226,"baseKey":"BbJ3b+4cU6dteLboexeideyj14h2ibI/nWPSUay/6Jpw","preKeyId":4809}}},"version":"v1"}