{"_sessions":{"Bdy6ZwsUPnSqx1CxCZzCci9gMmOnFEZiRYRK1p+CAYt7":{"registrationId":570742281,"currentRatchet":{"ephemeralKeyPair":{"pubKey":"BXtH1tzf/NlmbjeqIcBS6nZILko8kKJCFsjiZis8n80d","privKey":"AHYiW1UpAOF8fMHoYojpO2wcUiEVtVnPCvnAonf/flA="},"lastRemoteEphemeralKey":"BbscYE9r6m50vxHRUZeGdEjGnWMZMTkfPxrq1sC4380A","previousCounter":0,"rootKey":"aC9E2FZ9zJ5uPg6z/9588/OBUEV3/JM1wqgIuis7lN8="},"indexInfo":{"baseKey":"Bdy6ZwsUPnSqx1CxCZzCci9gMmOnFEZiRYRK1p+CAYt7","baseKeyType":1,"closed":-1,"used":1748354351150,"created":1748354351150,"remoteIdentityKey":"BaosoPRm/3A7GD7XrZi2itUhdZWG56KuwDJxoFwfzvon"},"_chains":{"BXtH1tzf/NlmbjeqIcBS6nZILko8kKJCFsjiZis8n80d":{"chainKey":{"counter":0,"key":"zpMjyUvQ+mC4NvaA2sKrJNvZSOOyDFR/CoYLY2f3jzM="},"chainType":1,"messageKeys":{}}},"pendingPreKey":{"signedKeyId":1,"baseKey":"Bdy6ZwsUPnSqx1CxCZzCci9gMmOnFEZiRYRK1p+CAYt7","preKeyId":7624995}}},"version":"v1"}