{"_sessions":{"BS1ZmlVQ6mxyAZUVKZIAdj5hrwn5NR3ty6j1DmVDiVBC":{"registrationId":1089859939,"currentRatchet":{"ephemeralKeyPair":{"pubKey":"BS5KP/y8TvB31L4GjT2vzNnDKOIoLQVwOJqF62fUuEBQ","privKey":"wPnF9miik0/QR3hKEgOlEMYSsFcaJ3dQwagz3iheB0w="},"lastRemoteEphemeralKey":"BVqxuRamf+UoNcl0K1ydF7omc/IfLMlf72Ilre0B8scU","previousCounter":0,"rootKey":"02ZwbIEaEr4FTYy1+PpqAwMugkhtL/FOBEeNik1BwI8="},"indexInfo":{"baseKey":"BS1ZmlVQ6mxyAZUVKZIAdj5hrwn5NR3ty6j1DmVDiVBC","baseKeyType":1,"closed":-1,"used":1748354351965,"created":1748354351965,"remoteIdentityKey":"BePhOep+qA3u5/c9nVDUQ12fZKBEMMYyKzWPrVsciulY"},"_chains":{"BS5KP/y8TvB31L4GjT2vzNnDKOIoLQVwOJqF62fUuEBQ":{"chainKey":{"counter":0,"key":"osHKax9zwNWQACMGFnoQwSRLCNQs0mxvdVvKjTNcjtQ="},"chainType":1,"messageKeys":{}}},"pendingPreKey":{"signedKeyId":3,"baseKey":"BS1ZmlVQ6mxyAZUVKZIAdj5hrwn5NR3ty6j1DmVDiVBC","preKeyId":15948548}}},"version":"v1"}