{"_sessions":{"BaDn7rZ6VD5lpZpE0fTQ8ipli0IIJ2oPz9qFFkOEo1BD":{"registrationId":1024744817,"currentRatchet":{"ephemeralKeyPair":{"pubKey":"BYh0iD4T4mE9065OU6N13TqQpDXmCfrkmHPH2gShPGY+","privKey":"8HK1LWAt5eiWob/mvF7mho9xkx1RZdGhZxRcyrF3tk4="},"lastRemoteEphemeralKey":"Ba2PZes1/Nq1Ujwlc7LpSXQBKmA8SqXi0pxjNHqAHGVa","previousCounter":0,"rootKey":"COTksXa1D0TQqQbiE5zfxjR+TL5ZJw6sBJOCYwfWXvI="},"indexInfo":{"baseKey":"BaDn7rZ6VD5lpZpE0fTQ8ipli0IIJ2oPz9qFFkOEo1BD","baseKeyType":1,"closed":-1,"used":1748354359051,"created":1748354359051,"remoteIdentityKey":"BXP1RbzVr5vAB5gzwQZkf++NsRL1ClijVPQ3kSnNe1Ax"},"_chains":{"BYh0iD4T4mE9065OU6N13TqQpDXmCfrkmHPH2gShPGY+":{"chainKey":{"counter":0,"key":"Ii21hc06ohKasdldPBG1QBrXz0A68pockVJcNY8ZOjI="},"chainType":1,"messageKeys":{}}},"pendingPreKey":{"signedKeyId":1,"baseKey":"BaDn7rZ6VD5lpZpE0fTQ8ipli0IIJ2oPz9qFFkOEo1BD","preKeyId":11425121}}},"version":"v1"}