{"_sessions":{"Bbf3ZyaQnqeazT2l3jfwphceQfubCTXPhv19aRotxDsk":{"registrationId":72,"currentRatchet":{"ephemeralKeyPair":{"pubKey":"BRsRfnnjJEwBflIuuqnBRCeM6iPJEaBLxBb7wRraONNF","privKey":"iKpNPDlP6Ily4q5OF9fr8vb7ycS+LWBnkMrGocgv6kU="},"lastRemoteEphemeralKey":"BW4roPlU6o/QXczrZAK2BNpW5B8t21BYcwGiOZDUCeM0","previousCounter":0,"rootKey":"Ty2G/ioreW3+PKWXdPbUXyC8dTvLihTjxsMS10r5iV4="},"indexInfo":{"baseKey":"Bbf3ZyaQnqeazT2l3jfwphceQfubCTXPhv19aRotxDsk","baseKeyType":1,"closed":-1,"used":1748348748152,"created":1748348748152,"remoteIdentityKey":"BQf5Zohpaaos7Kfyv5z/DCqACaSbUwuK7VDGGi5ijfNY"},"_chains":{"BRsRfnnjJEwBflIuuqnBRCeM6iPJEaBLxBb7wRraONNF":{"chainKey":{"counter":1,"key":"YFbWdoeBQqxg/C+GzvreiWacc1ZJYm/eqQp88RAC7Sk="},"chainType":1,"messageKeys":{}}},"pendingPreKey":{"signedKeyId":1,"baseKey":"Bbf3ZyaQnqeazT2l3jfwphceQfubCTXPhv19aRotxDsk"}}},"version":"v1"}