{"_sessions":{"BSbk2WKF9rm8/qrFnTVzgH5LE8yLH8/P4RQX6loTk91I":{"registrationId":1402329941,"currentRatchet":{"ephemeralKeyPair":{"pubKey":"BcggJsnse/VzBZpQxNbyOp61m5Cdn507f/wywNar+gpY","privKey":"SN+Y0Y+EJtGGlBpnxSlgxRAxHASz32ogR9Wx/unSMGA="},"lastRemoteEphemeralKey":"BTieMcyAc32Ecx+XH3blta3cdpiiLhN1SKSQMiFd/eM1","previousCounter":0,"rootKey":"IHKMejFb3NsYAtyIvNv7cvwtRNQu4eqi2+SB1uJbHVE="},"indexInfo":{"baseKey":"BSbk2WKF9rm8/qrFnTVzgH5LE8yLH8/P4RQX6loTk91I","baseKeyType":1,"closed":-1,"used":1748354359084,"created":1748354359084,"remoteIdentityKey":"BbuiQwcDNTmxWHLBanqRxI8SbNOkdU4wWt99dc+ONvxD"},"_chains":{"BcggJsnse/VzBZpQxNbyOp61m5Cdn507f/wywNar+gpY":{"chainKey":{"counter":0,"key":"Ka/sMmpg7GDGGzWEb1qoAK9ajavyhh90ABI0NVKhj7o="},"chainType":1,"messageKeys":{}}},"pendingPreKey":{"signedKeyId":10,"baseKey":"BSbk2WKF9rm8/qrFnTVzgH5LE8yLH8/P4RQX6loTk91I","preKeyId":6692039}}},"version":"v1"}