{"_sessions":{"BbCBvLMOBe7Os4FYPRHprz8VuGVLbeOnZu9WdS8z3qJ3":{"registrationId":1184954952,"currentRatchet":{"ephemeralKeyPair":{"pubKey":"BatOqZWPhaQILcSIcuYuA9gTl/k7UUfloSK3klQ8SeZh","privKey":"MH2coaZt3+D8ZlmVXSjRhaKj5zlkdYWpTwn8j2Hn43g="},"lastRemoteEphemeralKey":"BctkemolRr8n9OJxVBX0e8i4uACsnEgOS2O+xiH6j8J1","previousCounter":0,"rootKey":"nZuk45Nd69Kk6Dc+HqppSi5hqkln1Nd4ozD1uvloxU4="},"indexInfo":{"baseKey":"BbCBvLMOBe7Os4FYPRHprz8VuGVLbeOnZu9WdS8z3qJ3","baseKeyType":1,"closed":-1,"used":1748354358988,"created":1748354358988,"remoteIdentityKey":"BWFh+dRb/r4ZUzWQObxXGnAX/j8FAdHMA2vEhD+LpS9F"},"_chains":{"BatOqZWPhaQILcSIcuYuA9gTl/k7UUfloSK3klQ8SeZh":{"chainKey":{"counter":0,"key":"6cSJecpYTWFjLHU5vyDHs8NNnbRcTCeoZjorPdGqqDA="},"chainType":1,"messageKeys":{}}},"pendingPreKey":{"signedKeyId":3,"baseKey":"BbCBvLMOBe7Os4FYPRHprz8VuGVLbeOnZu9WdS8z3qJ3","preKeyId":8119034}}},"version":"v1"}