{"_sessions":{"BTgw3FgfZF3loyCgQjEI/boSOL6/EPl7gPuiw4/hnkRT":{"registrationId":958233596,"currentRatchet":{"ephemeralKeyPair":{"pubKey":"BWimAdQ3XxuWUqDJqicEoztxSs+3M1mp9Jbn4qISHpN6","privKey":"kF+B1gpxqgbR+R9vnsCRlx/UAa+PbA37z5/6Bkx/13o="},"lastRemoteEphemeralKey":"BYMS0WVXnxRFc7rh0cTY+rnIyjlq5Wp5/Iaqcz17YAFW","previousCounter":0,"rootKey":"jn5k+No7MeBJ6HuqlL7ekmFBvTCOUDLjrGh9caCEnqA="},"indexInfo":{"baseKey":"BTgw3FgfZF3loyCgQjEI/boSOL6/EPl7gPuiw4/hnkRT","baseKeyType":1,"closed":-1,"used":1748354347733,"created":1748354347733,"remoteIdentityKey":"BepCHUiN9kIZK5Au57TSVMqIlHNY0VT1CAaNdC11+z4S"},"_chains":{"BWimAdQ3XxuWUqDJqicEoztxSs+3M1mp9Jbn4qISHpN6":{"chainKey":{"counter":0,"key":"Qdh/Ow09ACB0KkVKqy0Ul0t9WDST4XGgz3Uf54TLio4="},"chainType":1,"messageKeys":{}}},"pendingPreKey":{"signedKeyId":4,"baseKey":"BTgw3FgfZF3loyCgQjEI/boSOL6/EPl7gPuiw4/hnkRT","preKeyId":10768339}}},"version":"v1"}