{"_sessions":{"BWPjVolUYw7S593lcR5j6XC3o9+9KWQ1ojn5gBlPo0Fd":{"registrationId":973181486,"currentRatchet":{"ephemeralKeyPair":{"pubKey":"BdcTey+d2D8L1WMGy7RSsVzfrLOBOA5SKTddgsbHH3o6","privKey":"8K49k25CmhW9NfaFz+zElsADGsSCbHx9AiK5uV/pw1Y="},"lastRemoteEphemeralKey":"BYCFzoYzV8FsXXqaZ6L+1JvGSyClgQeD3Cvy8RmO0Mk8","previousCounter":0,"rootKey":"AzX/SjuJDJYIBCPPSUmIIQr/qUJuWKilTDC9sOUkRxc="},"indexInfo":{"baseKey":"BWPjVolUYw7S593lcR5j6XC3o9+9KWQ1ojn5gBlPo0Fd","baseKeyType":1,"closed":-1,"used":1748354358216,"created":1748354358216,"remoteIdentityKey":"BRoWd6tspy9TVGMm1z0kg30dx29ssctdfWYk6aplIJQA"},"_chains":{"BdcTey+d2D8L1WMGy7RSsVzfrLOBOA5SKTddgsbHH3o6":{"chainKey":{"counter":0,"key":"gVqvpY54SAG+XAvPqGF+1SJpFBqCRMpIpzCR8obwcuc="},"chainType":1,"messageKeys":{}}},"pendingPreKey":{"signedKeyId":1,"baseKey":"BWPjVolUYw7S593lcR5j6XC3o9+9KWQ1ojn5gBlPo0Fd","preKeyId":15905486}}},"version":"v1"}