{"_sessions":{"BS5B3uCJPrNE8pbozmPLQwpY64YazHb4bXz5PmeDpwct":{"registrationId":1077905364,"currentRatchet":{"ephemeralKeyPair":{"pubKey":"BV0EbGXr0pwDgihj6C/K7tsGnmKYpdHOz1BW4LLBILZN","privKey":"qJ4xdaNRoiuzSqYl8ejbhSMbuKfFtLaeIco8+R5xRX8="},"lastRemoteEphemeralKey":"BVT3F4TGCus6mB2tffIWR8kwUeQS3On5aL1PPOhe9XVy","previousCounter":0,"rootKey":"N54y2hJeDeUdLAQnuizVMTA6vqt6SM9tekhjudcL5/E="},"indexInfo":{"baseKey":"BS5B3uCJPrNE8pbozmPLQwpY64YazHb4bXz5PmeDpwct","baseKeyType":1,"closed":-1,"used":1748354352074,"created":1748354352074,"remoteIdentityKey":"BUmyzSfHsRunClghHa2T2XP7ns3OwimaWeRR/tc1wX1G"},"_chains":{"BV0EbGXr0pwDgihj6C/K7tsGnmKYpdHOz1BW4LLBILZN":{"chainKey":{"counter":0,"key":"kfcgCXbXdG3aV2+kxn2/s8AgoUw88Fbc1+XgICWnwOg="},"chainType":1,"messageKeys":{}}},"pendingPreKey":{"signedKeyId":0,"baseKey":"BS5B3uCJPrNE8pbozmPLQwpY64YazHb4bXz5PmeDpwct","preKeyId":13131471}}},"version":"v1"}