{"_sessions":{"BYdJje/bB2LTD554ou5tOPui/R6iaMqCUXWvS8ZPuBQy":{"registrationId":64,"currentRatchet":{"ephemeralKeyPair":{"pubKey":"BR0b7YloZVZ1uNxhM92lgjA5bh9/0GMFLzsMuk510lt6","privKey":"iFaoTB93R9bUFZADitxYFp+xFX915J1o4v26rkOXfHw="},"lastRemoteEphemeralKey":"BecaXwlAJCmKNt4ENqysU5MXfUQW9CAvlUy+Onmm128U","previousCounter":0,"rootKey":"xnmq0oJDYGpOLT1iovxWyPitv6v8Pag9JlwjOkVxf1s="},"indexInfo":{"baseKey":"BYdJje/bB2LTD554ou5tOPui/R6iaMqCUXWvS8ZPuBQy","baseKeyType":1,"closed":-1,"used":1748354347504,"created":1748354347504,"remoteIdentityKey":"BR+6ug8ttiubSqKa3QQzg4ntVkax71XmI+zlHd5B1rRk"},"_chains":{"BR0b7YloZVZ1uNxhM92lgjA5bh9/0GMFLzsMuk510lt6":{"chainKey":{"counter":0,"key":"RecYQoSCSoUZayq6MXTF0Qe1J6x9h4t9Y0Kpl+Vznqk="},"chainType":1,"messageKeys":{}}},"pendingPreKey":{"signedKeyId":1,"baseKey":"BYdJje/bB2LTD554ou5tOPui/R6iaMqCUXWvS8ZPuBQy","preKeyId":1093}}},"version":"v1"}