{"_sessions":{"BbUwDDtE8DpobVKhAwOzDT2rzp8iHK03BxenLg//L7kq":{"registrationId":719381246,"currentRatchet":{"ephemeralKeyPair":{"pubKey":"BZEZE5dHt1sS8BEMsD4u87duzScCodT2gE+p6ctaFV40","privKey":"ULfSYXif5UU6z322WDWmYzjqV4iL+7SeHzdB8auhG2Q="},"lastRemoteEphemeralKey":"BaWIZf2vYKqUSLWJPUoTmZ4//uLetUvUF1ImFvKqjR9x","previousCounter":0,"rootKey":"JqbRzEaR2FtKrxeASsPzQszqxWC3zCeIqlbSZeNBFRg="},"indexInfo":{"baseKey":"BbUwDDtE8DpobVKhAwOzDT2rzp8iHK03BxenLg//L7kq","baseKeyType":1,"closed":-1,"used":1748354351549,"created":1748354351549,"remoteIdentityKey":"BVB1LykicxTp2c2Yyje+uWYLXH/RmY0HuELI0+tRaF4i"},"_chains":{"BZEZE5dHt1sS8BEMsD4u87duzScCodT2gE+p6ctaFV40":{"chainKey":{"counter":0,"key":"61NfvwNVuLuN7m361n0f3ErL+ar/cf+p+3nyQ3yPlkQ="},"chainType":1,"messageKeys":{}}},"pendingPreKey":{"signedKeyId":2,"baseKey":"BbUwDDtE8DpobVKhAwOzDT2rzp8iHK03BxenLg//L7kq","preKeyId":9536948}}},"version":"v1"}