{"_sessions":{"BSVJeQF7fKo36Cz0prEYzQyD6ZV3cdZCzZ3SoxZ+2akG":{"registrationId":1165707673,"currentRatchet":{"ephemeralKeyPair":{"pubKey":"BUvnsDAO5UffViS8RpKIQ7iFoBX4bbVmkfkHDkIkHgMf","privKey":"WL0a2hJcxn7pSyei/5v2s3oMmmtq7h5eg0+idwEst0c="},"lastRemoteEphemeralKey":"BYYTA7ZdwNL00gH8VKB1H3HkNRsgDczwKeL/gGpiNI9E","previousCounter":0,"rootKey":"Ripk7tM94AZjsF+/J5v82iBOQJkxRj/asfR8ZdeQvvo="},"indexInfo":{"baseKey":"BSVJeQF7fKo36Cz0prEYzQyD6ZV3cdZCzZ3SoxZ+2akG","baseKeyType":1,"closed":-1,"used":1748354359116,"created":1748354359116,"remoteIdentityKey":"BUzyEzQqNwT5r7e/+cDkuwkI/r8NPzy4mdQ8+ncsYPFs"},"_chains":{"BUvnsDAO5UffViS8RpKIQ7iFoBX4bbVmkfkHDkIkHgMf":{"chainKey":{"counter":0,"key":"5GAaLnEzJohVOTLF3SPmM17woHYrmKbU8hXi20Jc0es="},"chainType":1,"messageKeys":{}}},"pendingPreKey":{"signedKeyId":1,"baseKey":"BSVJeQF7fKo36Cz0prEYzQyD6ZV3cdZCzZ3SoxZ+2akG","preKeyId":13595389}}},"version":"v1"}