{"_sessions":{"BVzBjbMFTt9QczSEW7GOX2xNmKYjD9smJQ7waJm0Sh1y":{"registrationId":271089801,"currentRatchet":{"ephemeralKeyPair":{"pubKey":"BeYfJYYCoR8HD/YOBeRZowIrN99VY0ZPhGWJeguWMbA8","privKey":"IMt0W2BWQfeKvnRydBI7UsbtrjuQ6shAGgdmZRfqG2s="},"lastRemoteEphemeralKey":"BQgfgxTyFc9Si/NyGli8WpPga0IFJSJdBBoz4NWYRdcT","previousCounter":0,"rootKey":"PitLh2o4vmwdqnp9smK0aVKyb9Gp3OW8awSnQTPf7qQ="},"indexInfo":{"baseKey":"BVzBjbMFTt9QczSEW7GOX2xNmKYjD9smJQ7waJm0Sh1y","baseKeyType":1,"closed":-1,"used":1748354358698,"created":1748354358698,"remoteIdentityKey":"Bdxn43paQn4s0YOaOkTOWxC7vJ76ISASx5PPVgPpKQQT"},"_chains":{"BeYfJYYCoR8HD/YOBeRZowIrN99VY0ZPhGWJeguWMbA8":{"chainKey":{"counter":0,"key":"q6B77hbgZ2Vq/d/Uto+HmflUAhSlVBmRkUkWhB6aeYA="},"chainType":1,"messageKeys":{}}},"pendingPreKey":{"signedKeyId":2,"baseKey":"BVzBjbMFTt9QczSEW7GOX2xNmKYjD9smJQ7waJm0Sh1y","preKeyId":5186775}}},"version":"v1"}