{"_sessions":{"BTPGi5SkMw4kzzATjZtTMDy+ppMgu3KoXLxy7cJVWWAl":{"registrationId":261312707,"currentRatchet":{"ephemeralKeyPair":{"pubKey":"BcptYb4rW7dPQvwew67XtU/9aXs+vGzgO/vBU3F+dblZ","privKey":"oAUDudOMN12g2NukYBlgWZGUHbznf+XJbuxJAvi46Fo="},"lastRemoteEphemeralKey":"BdmsT4ks717ep9OF0cTtekIyI9Cl7z64QBIWMWGRvhw9","previousCounter":0,"rootKey":"YvU+wbfGmf34jxAZsxtnJ9ljhoUDZV8+Zy8TeVVaixI="},"indexInfo":{"baseKey":"BTPGi5SkMw4kzzATjZtTMDy+ppMgu3KoXLxy7cJVWWAl","baseKeyType":1,"closed":-1,"used":1748354355885,"created":1748354355885,"remoteIdentityKey":"BdxaTW2XaxVktwsscbV17xl0qeLqROrCfJRsrXprGecM"},"_chains":{"BcptYb4rW7dPQvwew67XtU/9aXs+vGzgO/vBU3F+dblZ":{"chainKey":{"counter":0,"key":"27MCBXtAhVsemrcyppSxL3Scvll/zjZX6+jSYQEeoxY="},"chainType":1,"messageKeys":{}}},"pendingPreKey":{"signedKeyId":17,"baseKey":"BTPGi5SkMw4kzzATjZtTMDy+ppMgu3KoXLxy7cJVWWAl","preKeyId":11118822}}},"version":"v1"}