{"_sessions":{"BZ/oYNqe3GYI/pVpzp2pNFX7O0nmdTN8e0ifsGHfnmNB":{"registrationId":1194334545,"currentRatchet":{"ephemeralKeyPair":{"pubKey":"BfS5GT0OTWZPdfR71zVRYXHkDBXH3GJ0rm7QA7FQMPAY","privKey":"wGXgZhCI/6Uf1vyNFQHQpt7H+Dn9+HHw/CVL7pwV0Eg="},"lastRemoteEphemeralKey":"BczvBqN3+SqqGi43jsVy5G3HDeMNhy6WHhwz2rbrl9El","previousCounter":0,"rootKey":"ZvvrDQX+R8YQlERVKA7CT/U/N+7hZ8P+r70Ifvef47s="},"indexInfo":{"baseKey":"BZ/oYNqe3GYI/pVpzp2pNFX7O0nmdTN8e0ifsGHfnmNB","baseKeyType":1,"closed":-1,"used":1748354351776,"created":1748354351776,"remoteIdentityKey":"BaDPxvQa4Jv38gmf9AlW5p7GDspeaRD8BOd1EDY+D4MK"},"_chains":{"BfS5GT0OTWZPdfR71zVRYXHkDBXH3GJ0rm7QA7FQMPAY":{"chainKey":{"counter":0,"key":"C16NNC8EzTmpc5pIPBRnotjcT0rUhEzB5qO9c97Gp8w="},"chainType":1,"messageKeys":{}}},"pendingPreKey":{"signedKeyId":1,"baseKey":"BZ/oYNqe3GYI/pVpzp2pNFX7O0nmdTN8e0ifsGHfnmNB","preKeyId":6473005}}},"version":"v1"}