{"_sessions":{"BacF3qqPGlC6qiMYRuY86x90IA/bfEcxV8snr5JF3tQ4":{"registrationId":941440886,"currentRatchet":{"ephemeralKeyPair":{"pubKey":"BZsilUEOBC4jmMC1APNWgNwfYElFB9aJgru8A2jQOH9P","privKey":"kOahRnJiseTBaY+dvBWkSf8liyxoKYoJjXCOSiYTBlk="},"lastRemoteEphemeralKey":"BdbeLTNeEBBPAir34IDIbulAWhEQJYbTDJ9fxFdTOQBV","previousCounter":0,"rootKey":"yDypwtPcGQGOwtTz9lpE3fXt9GhRFIsJg4Y5ZaZhuqc="},"indexInfo":{"baseKey":"BacF3qqPGlC6qiMYRuY86x90IA/bfEcxV8snr5JF3tQ4","baseKeyType":1,"closed":-1,"used":1748354355653,"created":1748354355653,"remoteIdentityKey":"BUlYVuBNMomLLORRnNwrdnUJYozFHSzcVxWVyo4/8spJ"},"_chains":{"BZsilUEOBC4jmMC1APNWgNwfYElFB9aJgru8A2jQOH9P":{"chainKey":{"counter":0,"key":"Ctp/o/yufY86LhEkCnzKWNfJ14cJENSGKC0ng9ilaHU="},"chainType":1,"messageKeys":{}}},"pendingPreKey":{"signedKeyId":7,"baseKey":"BacF3qqPGlC6qiMYRuY86x90IA/bfEcxV8snr5JF3tQ4","preKeyId":14038730}}},"version":"v1"}