{"_sessions":{"BSJTvpRqsJ3vhn64h4TA6MziIbnElhH5iJe6zslr0kY7":{"registrationId":868895223,"currentRatchet":{"ephemeralKeyPair":{"pubKey":"BV66TZx0HH5BQC+uVvm5gg/WrLhQ2Me2O21Mj++if9pI","privKey":"qL22GRMIq3ptY3JNHbiOT7PiRQyru171xhK6tq0QFk4="},"lastRemoteEphemeralKey":"BQO1KieBtPcGy9ylNLlbjVrhhlfZTuweyUf59BY4y4tu","previousCounter":0,"rootKey":"awVg8Wse2LehDeuBp+hXRDo8ARkcF+stm2t++JY/YCo="},"indexInfo":{"baseKey":"BSJTvpRqsJ3vhn64h4TA6MziIbnElhH5iJe6zslr0kY7","baseKeyType":1,"closed":-1,"used":1748354352202,"created":1748354352202,"remoteIdentityKey":"BcZEvGaXeyuaD6HuzyC1pDL/Kbo02LM06iTegNhTfEwa"},"_chains":{"BV66TZx0HH5BQC+uVvm5gg/WrLhQ2Me2O21Mj++if9pI":{"chainKey":{"counter":0,"key":"hbyzSKKUeY4WowKewkizgmgo+X+lu1e9T3aIeFu9EOA="},"chainType":1,"messageKeys":{}}},"pendingPreKey":{"signedKeyId":10,"baseKey":"BSJTvpRqsJ3vhn64h4TA6MziIbnElhH5iJe6zslr0kY7","preKeyId":1398918}}},"version":"v1"}