{"_sessions":{"BeKrbxloc3cr0GCb4q/aIEcLpEjqrYwRssstr8vhCF9Y":{"registrationId":1038164758,"currentRatchet":{"ephemeralKeyPair":{"pubKey":"BRyf76nholep6RrUcf/dTpYLWuJBb2Ke7TD4rfmI7cgz","privKey":"gHSiB2xq4muEjdtrHRZfR/0tJruLXgkBDR3m5ZCsqEk="},"lastRemoteEphemeralKey":"BQuUzIhhuZmTI5Lq8+/dUluSJ+YA7kfJsotKvafcaZIC","previousCounter":0,"rootKey":"5RA7DBX7Juw0zfLQA8luvjNxkwGKIyORr2fa2rR0rIE="},"indexInfo":{"baseKey":"BeKrbxloc3cr0GCb4q/aIEcLpEjqrYwRssstr8vhCF9Y","baseKeyType":1,"closed":-1,"used":1748354355044,"created":1748354355044,"remoteIdentityKey":"Bf6X0Up2wYTDlzKRmHIxBHLs19LqtHM2y1oxnMCE49J+"},"_chains":{"BRyf76nholep6RrUcf/dTpYLWuJBb2Ke7TD4rfmI7cgz":{"chainKey":{"counter":0,"key":"Qlf84LtWcj5IjckvCJBZSjvS6zs4TnM7u93IkTGM51w="},"chainType":1,"messageKeys":{}}},"pendingPreKey":{"signedKeyId":4,"baseKey":"BeKrbxloc3cr0GCb4q/aIEcLpEjqrYwRssstr8vhCF9Y","preKeyId":3461606}}},"version":"v1"}