{"_sessions":{"BUOW7j2oYvyhE5W8eXqX9AUIpCt2Pxej+M08t7xwiW49":{"registrationId":1070918260,"currentRatchet":{"ephemeralKeyPair":{"pubKey":"BYp8IECDDFA9MiGkOUgxGY9WX1zBvfFdcxaAwDU1jM5f","privKey":"UOPekpHpKcrYJrHg5I5CiTfr3MOe5KkPddzYueW2vkM="},"lastRemoteEphemeralKey":"Be4EzjmMJspx27ojESuDaZVThi0+SGKDobuVJicLTRBo","previousCounter":0,"rootKey":"bpwR6uWguQPO98l6ZP43zxBFfuoYi15XqrluJVClBfM="},"indexInfo":{"baseKey":"BUOW7j2oYvyhE5W8eXqX9AUIpCt2Pxej+M08t7xwiW49","baseKeyType":1,"closed":-1,"used":1748354359160,"created":1748354359160,"remoteIdentityKey":"BelWtaGZmW6jGN6Ji2TBMV17pwCKKTrpp/kewg3D/usq"},"_chains":{"BYp8IECDDFA9MiGkOUgxGY9WX1zBvfFdcxaAwDU1jM5f":{"chainKey":{"counter":0,"key":"aGf9dhIs9n75y29t5qYlrzMtwKZIz5rbttcoGXWeO3Q="},"chainType":1,"messageKeys":{}}},"pendingPreKey":{"signedKeyId":15,"baseKey":"BUOW7j2oYvyhE5W8eXqX9AUIpCt2Pxej+M08t7xwiW49","preKeyId":11805790}}},"version":"v1"}