{"_sessions":{"BaExOIUwtYrGINH6kK0jpPr+u0Emezww9s4qpivchokz":{"registrationId":647832175,"currentRatchet":{"ephemeralKeyPair":{"pubKey":"BU637/tyeMnMcunOY8gZ5MbYPQtxinqgf61jOaCEIu94","privKey":"GJvBmy1qUY9OfbMnup0bfd5bnSDvXr1kzLxtbMxfk38="},"lastRemoteEphemeralKey":"BZ6MBXRY7ds8fShtb+QyshChL5hS7UuokplwAOEqPEs6","previousCounter":0,"rootKey":"FnfyRqgEZzX6Ds/wxujXCl/4+BHR9Za0MeYzKeKRNoU="},"indexInfo":{"baseKey":"BaExOIUwtYrGINH6kK0jpPr+u0Emezww9s4qpivchokz","baseKeyType":1,"closed":-1,"used":1748354351468,"created":1748354351468,"remoteIdentityKey":"BdQ4NquEnztTCJ6x5Bpvh2IEEEhupLG/rO4ui97NCoox"},"_chains":{"BU637/tyeMnMcunOY8gZ5MbYPQtxinqgf61jOaCEIu94":{"chainKey":{"counter":0,"key":"cLJngCtjfZbTiOMjyNPqvbdyOlSamI50/4gj05ElSvE="},"chainType":1,"messageKeys":{}}},"pendingPreKey":{"signedKeyId":2,"baseKey":"BaExOIUwtYrGINH6kK0jpPr+u0Emezww9s4qpivchokz","preKeyId":8123380}}},"version":"v1"}