{"_sessions":{"BXJv4uDmCdFRo6fhCKcb0bSIc/lvcDaytImmVAXea9NQ":{"registrationId":335457102,"currentRatchet":{"ephemeralKeyPair":{"pubKey":"Bfu3t87355xfU434gL8sbfMcYRb1CtxfwW8X+0BivSpL","privKey":"2J0I29EfvJNu/rUdyU+/N1XmVJerFqrtebcqnZD02Gk="},"lastRemoteEphemeralKey":"BYGBSFYVbAg6d2PQfZqgfLDjqcMEcEmITSbcxntTIuAe","previousCounter":0,"rootKey":"jdXl8SpkpUEGZ3RSofw+tDVYqlp9FoIAHaUH8htVXus="},"indexInfo":{"baseKey":"BXJv4uDmCdFRo6fhCKcb0bSIc/lvcDaytImmVAXea9NQ","baseKeyType":1,"closed":-1,"used":1748354358753,"created":1748354358753,"remoteIdentityKey":"BbPolrAmYitcqX8M5vdI8BL9kXsJ8MvmvONxnlJJLjVL"},"_chains":{"Bfu3t87355xfU434gL8sbfMcYRb1CtxfwW8X+0BivSpL":{"chainKey":{"counter":0,"key":"6qJ8O+kWOqkNOt9CLXsfIFQPRnSZezAM0e+nsWlZxl4="},"chainType":1,"messageKeys":{}}},"pendingPreKey":{"signedKeyId":13,"baseKey":"BXJv4uDmCdFRo6fhCKcb0bSIc/lvcDaytImmVAXea9NQ"}}},"version":"v1"}