{"_sessions":{"BTLyBcaNRTrqp8HYVAT8TZ8gLF2EuRzFgLGsm/fOoj9H":{"registrationId":1786618829,"currentRatchet":{"ephemeralKeyPair":{"pubKey":"Bb/EdHNlS2wJJb6avvg1QAgTw3Sf2ok9XFXi0BWaHhQ/","privKey":"qJ0eC5QgmdFLa9dbaaPlWdIzxOYVosZKX2OeDJAKims="},"lastRemoteEphemeralKey":"BbLKWZhF0ONKUvSWyKD2rpJFY2pakCc0xC2JyBRpNShG","previousCounter":0,"rootKey":"WjWzv0cwbV++F8faW4myHcDoQFY7pFyTKo+aqvRWszM="},"indexInfo":{"baseKey":"BTLyBcaNRTrqp8HYVAT8TZ8gLF2EuRzFgLGsm/fOoj9H","baseKeyType":1,"closed":-1,"used":1748354348681,"created":1748354348681,"remoteIdentityKey":"Bbl7P4OyXt8hOy3k73N8t7aOyc3YukYLFjV4Hu/xj3E/"},"_chains":{"Bb/EdHNlS2wJJb6avvg1QAgTw3Sf2ok9XFXi0BWaHhQ/":{"chainKey":{"counter":0,"key":"8rweWV/8f86K/YJNbp1DmdhpG4Mmh4cL82NhqNAozY0="},"chainType":1,"messageKeys":{}}},"pendingPreKey":{"signedKeyId":1,"baseKey":"BTLyBcaNRTrqp8HYVAT8TZ8gLF2EuRzFgLGsm/fOoj9H","preKeyId":6741306}}},"version":"v1"}