{"_sessions":{"BXE0F/QfiB6m2EEn4ZldvPfnnQwEU4vD+hiWyPIcsZpI":{"registrationId":1353483238,"currentRatchet":{"ephemeralKeyPair":{"pubKey":"BQqR53DoWc5g10U7h8a9/7dMIZY38cktT3tCV0dt+Boq","privKey":"yEPziucAc5JetSTIRrH++Hq3wiqS2C+fQVH/3Xpf9VE="},"lastRemoteEphemeralKey":"BSKUDAOdntmIhNfJdXHI6/DBpVhVsxKOD2jP16oNvSYJ","previousCounter":0,"rootKey":"uqpUGu7ninSGQfPionta0CGKo/AHxYvSmK18HwIjk50="},"indexInfo":{"baseKey":"BXE0F/QfiB6m2EEn4ZldvPfnnQwEU4vD+hiWyPIcsZpI","baseKeyType":1,"closed":-1,"used":1748354351377,"created":1748354351377,"remoteIdentityKey":"BdZfxqZB8QiaQZcDfGXHAMTOLVloq5yXWz8hghSH+CZR"},"_chains":{"BQqR53DoWc5g10U7h8a9/7dMIZY38cktT3tCV0dt+Boq":{"chainKey":{"counter":0,"key":"ms7X5U2/a0rTmQa8BvzekFj9+Dm55sbrcjReziD3RrM="},"chainType":1,"messageKeys":{}}},"pendingPreKey":{"signedKeyId":0,"baseKey":"BXE0F/QfiB6m2EEn4ZldvPfnnQwEU4vD+hiWyPIcsZpI","preKeyId":4642572}}},"version":"v1"}