{"_sessions":{"BVma9jIMXziSBCWFrcUs1PHAjb933z25Vt5sGmwhtVZR":{"registrationId":1787461394,"currentRatchet":{"ephemeralKeyPair":{"pubKey":"BS346siP2NUtMmG3bPtS4NMQ0KCTLRWoSck3xN+oh3tO","privKey":"APCyGBqSfrzmqe2kAi0KuwJFaJnzrocf6WS5kY4O424="},"lastRemoteEphemeralKey":"BZxp7HrEqLRQ/jFJ0a7RKYiDdoJmvf/z1T9drYvkllRm","previousCounter":0,"rootKey":"zLf6O5kxwQRB5QhYUDTc1eF1+XmOiJbrt/mC5xyPn1k="},"indexInfo":{"baseKey":"BVma9jIMXziSBCWFrcUs1PHAjb933z25Vt5sGmwhtVZR","baseKeyType":1,"closed":-1,"used":1748354355776,"created":1748354355776,"remoteIdentityKey":"BQyIdDvTKExML5i6dS65ZEnrKprW3cUBIDjAyrtOA9Fs"},"_chains":{"BS346siP2NUtMmG3bPtS4NMQ0KCTLRWoSck3xN+oh3tO":{"chainKey":{"counter":0,"key":"pkq6VmKiJP7rHelHL5Mp6AWgURO8maY/ZhwFGoWLFgU="},"chainType":1,"messageKeys":{}}},"pendingPreKey":{"signedKeyId":9,"baseKey":"BVma9jIMXziSBCWFrcUs1PHAjb933z25Vt5sGmwhtVZR","preKeyId":9844798}}},"version":"v1"}