{"_sessions":{"BcPxTWAmQaVSHwNLPatmwBrT1K2vv2LtY1kv4BKO6aN4":{"registrationId":906110799,"currentRatchet":{"ephemeralKeyPair":{"pubKey":"BWNN5R8Diz/Vha6liKihiUMdsdNsZjdWyx9EGqHLTJoB","privKey":"OHT3EGGQk49BhfNnow226uS9DHF46lUSeTkvau1zr2U="},"lastRemoteEphemeralKey":"BRqZhSmoWzB03OFkCnR6Vr+Alog5o4IEeWb38LTaT8lA","previousCounter":0,"rootKey":"amG/Cvt3Re181yLTM102mEfbi+gtK3UxhfxbjtG+lds="},"indexInfo":{"baseKey":"BcPxTWAmQaVSHwNLPatmwBrT1K2vv2LtY1kv4BKO6aN4","baseKeyType":1,"closed":-1,"used":1748354422401,"created":1748354358326,"remoteIdentityKey":"BaZWoUqhkaFaDtUZdczjU2+jL9J/+UCcge2pYoKaE7tE"},"_chains":{"BRqZhSmoWzB03OFkCnR6Vr+Alog5o4IEeWb38LTaT8lA":{"chainKey":{"counter":1,"key":"v/DxtSiROUalmWR7r5VWP6ALyQITUW6LojcTPqvVgtE="},"chainType":2,"messageKeys":{}},"BWNN5R8Diz/Vha6liKihiUMdsdNsZjdWyx9EGqHLTJoB":{"chainKey":{"counter":-1,"key":"ZrRJCGMEId98mF1nfu/rYEH11GzYz39Nvf6IthacyQo="},"chainType":1,"messageKeys":{}}}}},"version":"v1"}