{"_sessions":{"BQ0HHy8GWlEGoU1A/lHBn5lymVkkWkDo3M3D4JMGhIY9":{"registrationId":2021562812,"currentRatchet":{"ephemeralKeyPair":{"pubKey":"BSqsSdsA4sX+Y3bvH8d5D95C+Jv4LFR1l+lCD14v3zls","privKey":"sKLptk5Xs7Cq7lTxDZ+IAhcT6St3rejDUUXw5dSAtUQ="},"lastRemoteEphemeralKey":"BRidHDz3rt9kiE4U7Wv/lidTjlXc/o8zNTD+XHCtGaU4","previousCounter":0,"rootKey":"VCNaJD705YecO9on/GQBDBszgSfJy99AzggmBeFw1a0="},"indexInfo":{"baseKey":"BQ0HHy8GWlEGoU1A/lHBn5lymVkkWkDo3M3D4JMGhIY9","baseKeyType":1,"closed":-1,"used":1748354359217,"created":1748354359217,"remoteIdentityKey":"BQzFn4YeeHK26RxdgDFlHEx1q15S7wiP9s6/c2rxoKd8"},"_chains":{"BSqsSdsA4sX+Y3bvH8d5D95C+Jv4LFR1l+lCD14v3zls":{"chainKey":{"counter":0,"key":"8yuB7qGeUn2JvviNbyOn/Ulw0ao/XwS7RDytr/C0qjM="},"chainType":1,"messageKeys":{}}},"pendingPreKey":{"signedKeyId":9,"baseKey":"BQ0HHy8GWlEGoU1A/lHBn5lymVkkWkDo3M3D4JMGhIY9","preKeyId":910586}}},"version":"v1"}