{"_sessions":{"BWBrYRZanqXwXGXJKJXolX8qlwG9hyZz1Tlsze8EInFt":{"registrationId":804999499,"currentRatchet":{"ephemeralKeyPair":{"pubKey":"BQesiOXYUbh9h98/vo6Hx0OjSfYLH9xXl3QpOSgXjn4N","privKey":"gPmM8PEA7Bu23IKUhy7DVir/e67j15BAxxCQI1nadlY="},"lastRemoteEphemeralKey":"BWR/JTjje3r6E8FSGrkpKkbhDjP5G1n5CYOSbBRVNApk","previousCounter":0,"rootKey":"1/oJeG94yfRF4tiNvMK2D0IiG1OTBieYzXQ14q3GDsg="},"indexInfo":{"baseKey":"BWBrYRZanqXwXGXJKJXolX8qlwG9hyZz1Tlsze8EInFt","baseKeyType":1,"closed":-1,"used":1748354347778,"created":1748354347778,"remoteIdentityKey":"BVPtj3KBvIVKrflbnKa3rRsrDiEevJQ2lVUsbzMjkcFM"},"_chains":{"BQesiOXYUbh9h98/vo6Hx0OjSfYLH9xXl3QpOSgXjn4N":{"chainKey":{"counter":0,"key":"9F0+TnNE/bbfLAVDKfSGn9RYy73TClatEBlLKNm4qDM="},"chainType":1,"messageKeys":{}}},"pendingPreKey":{"signedKeyId":1,"baseKey":"BWBrYRZanqXwXGXJKJXolX8qlwG9hyZz1Tlsze8EInFt","preKeyId":3499478}}},"version":"v1"}