{"_sessions":{"BZLtSSZ/5NnUDDo+AnslkhnZEcgfYA/0DMOLhgB6YJAH":{"registrationId":1925902277,"currentRatchet":{"ephemeralKeyPair":{"pubKey":"BZmAtFwYG+J6YkYS1oHwRPZbz2i5bkXTXtP1VLkDYUwd","privKey":"SJZu+tA10+tfwonAk0uY/X60JRGwWoSWCwYabVYUiXM="},"lastRemoteEphemeralKey":"BdAW2BP9w8q64wmo1t9HsYJ3E/SCx9BC8BO+vxB6xgYv","previousCounter":0,"rootKey":"QjEhuK7DFPPh9/RKvrwW11ErCKWXbuCIQtGvszKrhaQ="},"indexInfo":{"baseKey":"BZLtSSZ/5NnUDDo+AnslkhnZEcgfYA/0DMOLhgB6YJAH","baseKeyType":1,"closed":-1,"used":1748354355560,"created":1748354355560,"remoteIdentityKey":"BYkhjHw1WpEywVKpe0wWkY64i8Xq3TIEXPAyvIH+Jigd"},"_chains":{"BZmAtFwYG+J6YkYS1oHwRPZbz2i5bkXTXtP1VLkDYUwd":{"chainKey":{"counter":0,"key":"R2RrJlFNSyP/B9BKHtsRAA+OzDUnR5+QWbKCEwWPgpI="},"chainType":1,"messageKeys":{}}},"pendingPreKey":{"signedKeyId":1,"baseKey":"BZLtSSZ/5NnUDDo+AnslkhnZEcgfYA/0DMOLhgB6YJAH","preKeyId":15697249}}},"version":"v1"}