{"_sessions":{"Bfkz4OgzTEjC3j8LbbAw8/JI0sY/FhlTcGZ3Aox8Cgoi":{"registrationId":1261665891,"currentRatchet":{"ephemeralKeyPair":{"pubKey":"Bc5LkQUEqkFlhPViovBbQE8G9KJrr+7crQmIUtPqdq86","privKey":"IJ0filJh4gT5JdTPgDhIpJsJbDFRbPg7ewmCRHVXnl4="},"lastRemoteEphemeralKey":"Bc9qsGLDtqQdd9Uf/soXKMBXrPupFBuTRCl8bRAczqpk","previousCounter":0,"rootKey":"3vmdFR+/3CH7J+OmxtNbvDzFsFtC/Axa96gtztEWdPg="},"indexInfo":{"baseKey":"Bfkz4OgzTEjC3j8LbbAw8/JI0sY/FhlTcGZ3Aox8Cgoi","baseKeyType":1,"closed":-1,"used":1748354358522,"created":1748354358522,"remoteIdentityKey":"BVT35nTZoJj2mJh4uQoj2Qthpbh83cWMF/iVACr3hs81"},"_chains":{"Bc5LkQUEqkFlhPViovBbQE8G9KJrr+7crQmIUtPqdq86":{"chainKey":{"counter":0,"key":"kptcKnBarOpDA9d1acnyaew4TjEO16sl9SvHe7awACI="},"chainType":1,"messageKeys":{}}},"pendingPreKey":{"signedKeyId":14,"baseKey":"Bfkz4OgzTEjC3j8LbbAw8/JI0sY/FhlTcGZ3Aox8Cgoi","preKeyId":15391022}}},"version":"v1"}