{"_sessions":{"BRSYe+7zmlNyBqfw4KK9gENK9A7CoDY4HugzGKrjXN5a":{"registrationId":1082516210,"currentRatchet":{"ephemeralKeyPair":{"pubKey":"BeqcU3UIqsbccucjkz3LZggrA9l4YbHAzs228nyyAWtX","privKey":"CLVJd3SMGrm2ROjaxPkN8Zj+3i1Q/xD0BmFlIc/3o0c="},"lastRemoteEphemeralKey":"BU+Nil+Vg04+ro8UWvjuBggtb64GewCjV/+bcX16+GVv","previousCounter":0,"rootKey":"RWLUhgJdYtj+jw+DHdbNHIwhTXgYiTYZsHUgchIcZbA="},"indexInfo":{"baseKey":"BRSYe+7zmlNyBqfw4KK9gENK9A7CoDY4HugzGKrjXN5a","baseKeyType":1,"closed":-1,"used":1748354360453,"created":1748354360453,"remoteIdentityKey":"BRf7E8ie8rFFdZvIT9KV0wb9BtO2363GgwB3iYgUEp8Z"},"_chains":{"BeqcU3UIqsbccucjkz3LZggrA9l4YbHAzs228nyyAWtX":{"chainKey":{"counter":0,"key":"BGiLwwia2nnfhnUECQQPCmMMuSX22fLd2GMvXgoF17g="},"chainType":1,"messageKeys":{}}},"pendingPreKey":{"signedKeyId":14,"baseKey":"BRSYe+7zmlNyBqfw4KK9gENK9A7CoDY4HugzGKrjXN5a","preKeyId":10515643}}},"version":"v1"}