{"_sessions":{"BRu5JLObCEPYyuNDicNgkdRkQonAL48D8yIHZqqMcQgr":{"registrationId":502042950,"currentRatchet":{"ephemeralKeyPair":{"pubKey":"BRHb+S0i0BGLwGgF3iuZWXD/P9ksRfqfHddwHYxeLsYD","privKey":"8N/GxCOIT4ZEAmj5fgXcFbj/SDJ0mpnlnwKm3/cMjHY="},"lastRemoteEphemeralKey":"BUqnBkEfaR91UK8J0Q+03ooHuDLnO/kYXRk7fiTyo5EO","previousCounter":0,"rootKey":"PUIU8M8soB3E1z8JlVtQ3dB9xVOD66Fbhb9jY66oFVQ="},"indexInfo":{"baseKey":"BRu5JLObCEPYyuNDicNgkdRkQonAL48D8yIHZqqMcQgr","baseKeyType":1,"closed":-1,"used":1748354351215,"created":1748354351215,"remoteIdentityKey":"BVFnvLJ0sZE6WXMsCYXkzVGh4s5arvpO/HWH6nS/55J3"},"_chains":{"BRHb+S0i0BGLwGgF3iuZWXD/P9ksRfqfHddwHYxeLsYD":{"chainKey":{"counter":0,"key":"ju9KpErPIbl37lMWjvRI08piFl/VlxZO9S5e6XkKfIU="},"chainType":1,"messageKeys":{}}},"pendingPreKey":{"signedKeyId":2,"baseKey":"BRu5JLObCEPYyuNDicNgkdRkQonAL48D8yIHZqqMcQgr","preKeyId":15806268}}},"version":"v1"}