{"_sessions":{"Be0gwlqG+hwsjihRdTqdmiyroXQugckQKEmMQwgzgsEH":{"registrationId":898473362,"currentRatchet":{"ephemeralKeyPair":{"pubKey":"BeAy6CHyhXwMYmaQjlZEWA8bC57czW7KadNPPH0TPOkI","privKey":"KGkxGgkRXNooA6GOLZfWLH/N8xpCHpBufOF/M182e2s="},"lastRemoteEphemeralKey":"BUplH0DytfpgTOyymhwg0E3ILaE7q6/E20Urm7ipBjxB","previousCounter":0,"rootKey":"LG7Cy6xRc0XonQImL139sNh4mwkitLoOoLWMXcgiHos="},"indexInfo":{"baseKey":"Be0gwlqG+hwsjihRdTqdmiyroXQugckQKEmMQwgzgsEH","baseKeyType":1,"closed":-1,"used":1748354360362,"created":1748354360362,"remoteIdentityKey":"BdqLKZkq47EbZtKlodrV+odJ7APK6IIhhR36zXFpLx0L"},"_chains":{"BeAy6CHyhXwMYmaQjlZEWA8bC57czW7KadNPPH0TPOkI":{"chainKey":{"counter":0,"key":"yFzkd6Babh1P5Rw5PBrkEidQvLxbekQZquKK4WX32NA="},"chainType":1,"messageKeys":{}}},"pendingPreKey":{"signedKeyId":10,"baseKey":"Be0gwlqG+hwsjihRdTqdmiyroXQugckQKEmMQwgzgsEH","preKeyId":6554880}}},"version":"v1"}