{"_sessions":{"BUW+6yAkdGfJ6VL8G6owrhXZPhjBxy81ECF99ecwpPlX":{"registrationId":128276185,"currentRatchet":{"ephemeralKeyPair":{"pubKey":"BYJt10jiswd61XAEg2Dg2zNVUEUeMfLPBkAn6ilUglFu","privKey":"QK/xAvFJcrNU1kLCMN6SmA0BrUOzbznR4n+XjN+bgVI="},"lastRemoteEphemeralKey":"Bazt69uWov+eOEBVmUbLnmORRQp85575mWjcDwyDFhgF","previousCounter":0,"rootKey":"iQaqVgM8YIpfKctgHRrFT3EaD61Mfl4FeQgpdd1owWo="},"indexInfo":{"baseKey":"BUW+6yAkdGfJ6VL8G6owrhXZPhjBxy81ECF99ecwpPlX","baseKeyType":1,"closed":-1,"used":1748354348196,"created":1748354348196,"remoteIdentityKey":"BaJWdt1Z67OK2FPiuqLFoOC23Fd6471IC/vgPjpIyURV"},"_chains":{"BYJt10jiswd61XAEg2Dg2zNVUEUeMfLPBkAn6ilUglFu":{"chainKey":{"counter":0,"key":"PYsfxSy+9j+O0PV1CuC/XOrR4FQzSmTX3zUPDL02FnY="},"chainType":1,"messageKeys":{}}},"pendingPreKey":{"signedKeyId":31,"baseKey":"BUW+6yAkdGfJ6VL8G6owrhXZPhjBxy81ECF99ecwpPlX","preKeyId":15794047}}},"version":"v1"}