{"_sessions":{"BYsvCEHNlUB87m7Lj47jntt3+lke1+EBvvvE+TZeJGM8":{"registrationId":164,"currentRatchet":{"ephemeralKeyPair":{"pubKey":"BSEQOdQ31B9wShjIQWIf9p7Bab8ttDJ0hsR7EBLtYmEP","privKey":"MMgW5+e6hAjwZPWNxh8ExeraEF6A8TmgmYT4cU8QyHk="},"lastRemoteEphemeralKey":"BcquO5JZtTXn60a/ia6/mU/SBZAxGq+iNrg5473gpWM8","previousCounter":0,"rootKey":"av2W8vNPZEXRnlSTlu3/oMvg77HVEI9otDpLbLAk4Gw="},"indexInfo":{"baseKey":"BYsvCEHNlUB87m7Lj47jntt3+lke1+EBvvvE+TZeJGM8","baseKeyType":1,"closed":-1,"used":1748348748161,"created":1748348748161,"remoteIdentityKey":"BSnkdm6nqRHXYNBSDsGudV2pIuUCBefPQaYy67Jm8n1t"},"_chains":{"BSEQOdQ31B9wShjIQWIf9p7Bab8ttDJ0hsR7EBLtYmEP":{"chainKey":{"counter":1,"key":"nHh7eiYOd4SR+Yr9c1ofjlV2s6eixWrVa8t/Kg+cxkU="},"chainType":1,"messageKeys":{}}},"pendingPreKey":{"signedKeyId":1,"baseKey":"BYsvCEHNlUB87m7Lj47jntt3+lke1+EBvvvE+TZeJGM8"}}},"version":"v1"}