{"_sessions":{"BW7JAOuaTDVT094gNB//ZNXBCSlCP3h/eD2KDF8NwZ0T":{"registrationId":1209054353,"currentRatchet":{"ephemeralKeyPair":{"pubKey":"BeiIYKUTgIuOGXzxGFW8B8W08j7KlnMW4oXjycRMPZBE","privKey":"AOQK/Yj5VwqkE8ffLVce2rjTWtUZ9kVhwfidSOEdC1M="},"lastRemoteEphemeralKey":"BdsvteVGwpxGRdiR9SXbPRmV4FG1pYRGr6UaWreR/FJ0","previousCounter":0,"rootKey":"yucGOAVFvG9PUBj3DxpFCwzNMLOZKoqfxDS6GX7Fi2M="},"indexInfo":{"baseKey":"BW7JAOuaTDVT094gNB//ZNXBCSlCP3h/eD2KDF8NwZ0T","baseKeyType":1,"closed":-1,"used":1748354347944,"created":1748354347944,"remoteIdentityKey":"BTq3p9Rs6b7r3wrZZ+BGuAtm7E18ovIczVCX6j7XvHB9"},"_chains":{"BeiIYKUTgIuOGXzxGFW8B8W08j7KlnMW4oXjycRMPZBE":{"chainKey":{"counter":0,"key":"/qQ2denSBst7olD9iplLKeU3pkTnqC5hzlAoBPCOQ+I="},"chainType":1,"messageKeys":{}}},"pendingPreKey":{"signedKeyId":5,"baseKey":"BW7JAOuaTDVT094gNB//ZNXBCSlCP3h/eD2KDF8NwZ0T","preKeyId":445583}}},"version":"v1"}