{"_sessions":{"BTcKv5gw/i3qIRXLS61DqJEJCHSKHPF9NR/V5Hch7FAb":{"registrationId":1908275260,"currentRatchet":{"ephemeralKeyPair":{"pubKey":"BdYzWo+eBldWvzLyQ3QT+Ffb7xncykFjJQ9qa+lAM5wf","privKey":"OIdTWrMB+bgRC3+TE9CSbra2HqJG8kfoRprhINpUlX8="},"lastRemoteEphemeralKey":"BRyo7IozCQsEyOddnvl7ZiCJPZ/RxQ2GvNlqstXYvQRo","previousCounter":0,"rootKey":"aYswg+4pJosPBcJ03V4QHaO0w/9oKa61zkXnwASXmns="},"indexInfo":{"baseKey":"BTcKv5gw/i3qIRXLS61DqJEJCHSKHPF9NR/V5Hch7FAb","baseKeyType":1,"closed":-1,"used":1748354358349,"created":1748354358349,"remoteIdentityKey":"BUHc3SNDh+FmgVDA9XdYpYeCy3Wyec5EpbcVcC0YI8py"},"_chains":{"BdYzWo+eBldWvzLyQ3QT+Ffb7xncykFjJQ9qa+lAM5wf":{"chainKey":{"counter":0,"key":"tO6pEboqff3DQYELPHDHABPum8JfYtsXIHhO3hgs/MM="},"chainType":1,"messageKeys":{}}},"pendingPreKey":{"signedKeyId":2,"baseKey":"BTcKv5gw/i3qIRXLS61DqJEJCHSKHPF9NR/V5Hch7FAb","preKeyId":3556698}}},"version":"v1"}