{"_sessions":{"BeJDPFV1nGmlDpj0Oecp6QbhbzeDP68FMBZ+W/2kmFNT":{"registrationId":555335083,"currentRatchet":{"ephemeralKeyPair":{"pubKey":"BbX643f4kDdcwupHWwvtSA1U5v/9OX8kDez8eOUAvkNP","privKey":"0CA0yuethS2Rk7E7o/XPQ29fD8NDOfOFsERYazStAUg="},"lastRemoteEphemeralKey":"BaNPqcCGaxDM4F5ERw0DsPqSkIzwfUwXwdqA2eKGpxpx","previousCounter":0,"rootKey":"PKQ4YCBWZ+RVyJjxXxDFEp4TBUy4LGZux61QinNlXFw="},"indexInfo":{"baseKey":"BeJDPFV1nGmlDpj0Oecp6QbhbzeDP68FMBZ+W/2kmFNT","baseKeyType":1,"closed":-1,"used":1748354348282,"created":1748354348282,"remoteIdentityKey":"BdC0kjIt5Gmiz0hkEdQtMXFkdFhh0c7bQidpth6Ram0M"},"_chains":{"BbX643f4kDdcwupHWwvtSA1U5v/9OX8kDez8eOUAvkNP":{"chainKey":{"counter":0,"key":"QALrrtWSKlwBcn/sdQugJZ45mefEkhCuKIWZ7+vqWwM="},"chainType":1,"messageKeys":{}}},"pendingPreKey":{"signedKeyId":2,"baseKey":"BeJDPFV1nGmlDpj0Oecp6QbhbzeDP68FMBZ+W/2kmFNT","preKeyId":15547975}}},"version":"v1"}