{"_sessions":{"Be5nlSTzhiJXlUIQndu78l0bHbukrOWORUz00/5WxhpZ":{"registrationId":1410816344,"currentRatchet":{"ephemeralKeyPair":{"pubKey":"BeTlvqARoc7KNVGMqlh6x4oWtr87jm8pHDIdSf2S/P5B","privKey":"mF8MSKVumOCafvGgkqltV6Rp4zThmMvbaJhGOtu0qWc="},"lastRemoteEphemeralKey":"BWUAyJkcMpltMY67C5ijbtlqtk4WIYiZl1XrMvacfxwU","previousCounter":0,"rootKey":"fQ/5Q3hptArezfNhB9QD0dCSyme9wjwSHOqAExXxNwA="},"indexInfo":{"baseKey":"Be5nlSTzhiJXlUIQndu78l0bHbukrOWORUz00/5WxhpZ","baseKeyType":1,"closed":-1,"used":1748354355365,"created":1748354355365,"remoteIdentityKey":"BdrTWvEg4PvLDsnHyIJU0uMwt4u/bIhi5DgA81HUbMt7"},"_chains":{"BeTlvqARoc7KNVGMqlh6x4oWtr87jm8pHDIdSf2S/P5B":{"chainKey":{"counter":0,"key":"sEdpnWMt4QyZHBSLoIwfBs3tXMWAE3RNOJCAyvkk2Q4="},"chainType":1,"messageKeys":{}}},"pendingPreKey":{"signedKeyId":6,"baseKey":"Be5nlSTzhiJXlUIQndu78l0bHbukrOWORUz00/5WxhpZ","preKeyId":3878446}}},"version":"v1"}