{"_sessions":{"Ba+ONriu7ORnnsMroyLRRsmPqN0dCTPEzAXSxW4oApIS":{"registrationId":356231348,"currentRatchet":{"ephemeralKeyPair":{"pubKey":"BegCNKlLhEdEHkKwPbGGvcZLMItf40okFwwHEOZy+IoC","privKey":"aKGJVJ8YwrVk2ofUJa69pmgsO9Ooz0DljrI8pqiu2nA="},"lastRemoteEphemeralKey":"BVbBj4bjKrCX2rA2MizdqVgaLRr/cCLKMnWs2zMS2fpQ","previousCounter":0,"rootKey":"30IgJ92LTZ+mOnjzJ4KzslYEqsGJ0SqjuRqake/spx8="},"indexInfo":{"baseKey":"Ba+ONriu7ORnnsMroyLRRsmPqN0dCTPEzAXSxW4oApIS","baseKeyType":1,"closed":-1,"used":1748354348079,"created":1748354348079,"remoteIdentityKey":"BRW0DntkdLpbwzcGfBdOPY0KSagDVNv5jggyZM2cx2dg"},"_chains":{"BegCNKlLhEdEHkKwPbGGvcZLMItf40okFwwHEOZy+IoC":{"chainKey":{"counter":0,"key":"MOeopJaYqH02iwsIuZa8WJFrGfxxpISh/j8MFm6w2nA="},"chainType":1,"messageKeys":{}}},"pendingPreKey":{"signedKeyId":2,"baseKey":"Ba+ONriu7ORnnsMroyLRRsmPqN0dCTPEzAXSxW4oApIS","preKeyId":1527651}}},"version":"v1"}