{"_sessions":{"BQDjXIc2YY/Ip/gS1jCbMKk3IG/CYGKRv/3fvoSNE+kC":{"registrationId":937992091,"currentRatchet":{"ephemeralKeyPair":{"pubKey":"BTZyRnXG1WbuG9/v4BEcFtsykC2OLrhD2JlglGt7H64t","privKey":"eAUbYHfcXgROCDwVZYbT/pgbGQxAyhWZCfdkU5vXY1k="},"lastRemoteEphemeralKey":"BQ8tdsk6HTU0Jr2raxlD15JcNU8UwF2vjVFkHElrF2U8","previousCounter":0,"rootKey":"eGvpM6bxPTC7yb1wqe5dN+fcToIIUjGB5rMO3XbJYlE="},"indexInfo":{"baseKey":"BQDjXIc2YY/Ip/gS1jCbMKk3IG/CYGKRv/3fvoSNE+kC","baseKeyType":1,"closed":-1,"used":1748354355493,"created":1748354355493,"remoteIdentityKey":"BV+MUKjfiPNI6AgM3K1hHhgdGaZdeJ+gHGjhY9ACq/0x"},"_chains":{"BTZyRnXG1WbuG9/v4BEcFtsykC2OLrhD2JlglGt7H64t":{"chainKey":{"counter":0,"key":"m/WCz38B+eMJPkJLkzOlPTCS6lc+u+Cd5SYN3k+NanE="},"chainType":1,"messageKeys":{}}},"pendingPreKey":{"signedKeyId":4,"baseKey":"BQDjXIc2YY/Ip/gS1jCbMKk3IG/CYGKRv/3fvoSNE+kC","preKeyId":12153008}}},"version":"v1"}