{"_sessions":{"BUFMuX6iB0KSa6qlAUR0cZlqiZvQPvQnrZutOReCIYQY":{"registrationId":1251322968,"currentRatchet":{"ephemeralKeyPair":{"pubKey":"BWVeWg4fkfIl6JY5tiXIAO2ZCrY76VrMeqdUS3GagEsI","privKey":"aOryq956ZrQvEW/mL1Gj26C2JRGz8QBcyX60c2UAl3w="},"lastRemoteEphemeralKey":"BYxwkeOOXr6SpAXv/ORDoT+Z88Itjozvo0KP9hXBm4Rr","previousCounter":0,"rootKey":"gzzuZvmdvqOip1/mOXiwN2bv+at4HKiHOZsZyNc/J/s="},"indexInfo":{"baseKey":"BUFMuX6iB0KSa6qlAUR0cZlqiZvQPvQnrZutOReCIYQY","baseKeyType":1,"closed":-1,"used":1748354359061,"created":1748354359061,"remoteIdentityKey":"BXA5UP/uWRseyLrDlaXNN230qN7e8Qxq22mN+yX5zxxX"},"_chains":{"BWVeWg4fkfIl6JY5tiXIAO2ZCrY76VrMeqdUS3GagEsI":{"chainKey":{"counter":0,"key":"hzbrOYAmeJCvu79+WOVccRSOSTxJWt4u/0B5aS+leos="},"chainType":1,"messageKeys":{}}},"pendingPreKey":{"signedKeyId":1,"baseKey":"BUFMuX6iB0KSa6qlAUR0cZlqiZvQPvQnrZutOReCIYQY","preKeyId":11495359}}},"version":"v1"}