{"_sessions":{"BcSV9pEEJsk+j9drVLzQJNxidoeBK7y3/Z6bJYNJvEkr":{"registrationId":1607328558,"currentRatchet":{"ephemeralKeyPair":{"pubKey":"BWkI3DNcjRYcIjB9BUySn/eCej5+e5DIDg9b6yRilAs5","privKey":"+BOLA0qxondUV9qLJe94Yz0dK/Es41WeYtRRb1lOtlY="},"lastRemoteEphemeralKey":"BfqGCcLmMjdKDJdfxxPX6VaX+9BM3faJgCdZUI6OhbVY","previousCounter":0,"rootKey":"5GxvKh+41gcqGju1PpGPRQydYIQx7U9Yb/8JdjWikl8="},"indexInfo":{"baseKey":"BcSV9pEEJsk+j9drVLzQJNxidoeBK7y3/Z6bJYNJvEkr","baseKeyType":1,"closed":-1,"used":1748354348613,"created":1748354348613,"remoteIdentityKey":"BehSmpsPKMchnsJFETbejEWXEyiAV4z40LLcYXiRd5hm"},"_chains":{"BWkI3DNcjRYcIjB9BUySn/eCej5+e5DIDg9b6yRilAs5":{"chainKey":{"counter":0,"key":"vWlzBOjZCSM5xwRK9KZKa9K3uLPj7H8JU+iKuCYwiJQ="},"chainType":1,"messageKeys":{}}},"pendingPreKey":{"signedKeyId":5,"baseKey":"BcSV9pEEJsk+j9drVLzQJNxidoeBK7y3/Z6bJYNJvEkr","preKeyId":15143269}}},"version":"v1"}