{"_sessions":{"BcCC6U1fH3CGOxMCLT7wfKiqxaJn0dH3nhGY7xIoWiwX":{"registrationId":1094182142,"currentRatchet":{"ephemeralKeyPair":{"pubKey":"BVVFsoanmDe1a7/n/oqX4QzureNBAACeUsN7hsWVfrgu","privKey":"6GWiZlzBtbAyYu1UZwWwBUCdMqHG9rqBVwc11XkDdWw="},"lastRemoteEphemeralKey":"Ba+0ru5vJJkwR/DKALw3picxr0JrTRHdQpx7WwZRmtRg","previousCounter":0,"rootKey":"GSOarhMAGDpgraHUCLqVRoTL2V3C1chqcWbFXz4RxZ0="},"indexInfo":{"baseKey":"BcCC6U1fH3CGOxMCLT7wfKiqxaJn0dH3nhGY7xIoWiwX","baseKeyType":1,"closed":-1,"used":1748354355376,"created":1748354355376,"remoteIdentityKey":"BTA9eEszBeBeZCGTSr8XjEWZoRdW5VZdwIDCSdvbNGAS"},"_chains":{"BVVFsoanmDe1a7/n/oqX4QzureNBAACeUsN7hsWVfrgu":{"chainKey":{"counter":0,"key":"kP2vvGABDXo26v8xbntf4znXNDpsvxHakCjH/9J9yrk="},"chainType":1,"messageKeys":{}}},"pendingPreKey":{"signedKeyId":4,"baseKey":"BcCC6U1fH3CGOxMCLT7wfKiqxaJn0dH3nhGY7xIoWiwX","preKeyId":6129042}}},"version":"v1"}