{"_sessions":{"BT01Q9Cb7PjmBC2DOaspX+mWOEUZHZ1JhHBhDjlPCmV2":{"registrationId":1432250300,"currentRatchet":{"ephemeralKeyPair":{"pubKey":"BT65BXMIC0fxnuRAoSfWGlzF0p2o9JkG+gQtFOjGBNwR","privKey":"QDNdZUxtwxR16B6QUPWD43Tdf3quwL8T1lLm4Pri60o="},"lastRemoteEphemeralKey":"BbF6E3qTq01Ls8FJE2xTUr9+iXR+F6rgjnipVxDOLZVd","previousCounter":0,"rootKey":"rGfbNx/UEHva4gDEAXWNUB0UvWgMlhKkYUwSrE+ha3k="},"indexInfo":{"baseKey":"BT01Q9Cb7PjmBC2DOaspX+mWOEUZHZ1JhHBhDjlPCmV2","baseKeyType":1,"closed":-1,"used":1748354348527,"created":1748354348527,"remoteIdentityKey":"BfwqVE0TOpRQ+5kaIZUDzBrmzGpS+LGlk9SKGEsNeDZb"},"_chains":{"BT65BXMIC0fxnuRAoSfWGlzF0p2o9JkG+gQtFOjGBNwR":{"chainKey":{"counter":0,"key":"ob2vrxRf1E12NgOYzOPJQ7+cp6IbLFp5dpgSKj3p5G0="},"chainType":1,"messageKeys":{}}},"pendingPreKey":{"signedKeyId":2,"baseKey":"BT01Q9Cb7PjmBC2DOaspX+mWOEUZHZ1JhHBhDjlPCmV2","preKeyId":5026016}}},"version":"v1"}