{"_sessions":{"BY+83fIiUJ0VQYkd9zT7rY0VXZAJeTuexuNlBDKb4YUR":{"registrationId":664839585,"currentRatchet":{"ephemeralKeyPair":{"pubKey":"BWpyh+CGrJqnRytoD4y/m18tTWoaYbK/zPVX2+dNCBR8","privKey":"YAYshU9Y+DeoIlYFWfNEj+EkYyz6s7+I1TaBKIoGWFg="},"lastRemoteEphemeralKey":"BcUUGKqcFrKr6J0v67povKiTwye/Auf9g+yf09uxyONU","previousCounter":0,"rootKey":"V29+7Y/Xe/qa9SfQhTH795VHvWfi0k/5lafaDl9QVAc="},"indexInfo":{"baseKey":"BY+83fIiUJ0VQYkd9zT7rY0VXZAJeTuexuNlBDKb4YUR","baseKeyType":1,"closed":-1,"used":1748354351420,"created":1748354351420,"remoteIdentityKey":"BdEfEQw9Rg9pp2My/sF5avI1AOrRjGZYs122FHyWYwIB"},"_chains":{"BWpyh+CGrJqnRytoD4y/m18tTWoaYbK/zPVX2+dNCBR8":{"chainKey":{"counter":0,"key":"rZN6KUsvH48F4OlalDB3kv2/jd+WdO6XabsQe6VgpNI="},"chainType":1,"messageKeys":{}}},"pendingPreKey":{"signedKeyId":3,"baseKey":"BY+83fIiUJ0VQYkd9zT7rY0VXZAJeTuexuNlBDKb4YUR"}}},"version":"v1"}