{"_sessions":{"BbhFNY0V0D6inzWMei6fzM48wSQZidhdOJrD2OAu35U/":{"registrationId":47175938,"currentRatchet":{"ephemeralKeyPair":{"pubKey":"BUwpnSC8n24U34tARO/lTtwmCT1ZJt/jakLgNtxlRAQ7","privKey":"GDlQmS+lQU0G3SLMJoCIywL/QlC9wO1cGCaZ/1zGpF0="},"lastRemoteEphemeralKey":"BUVBePIuoUSS54GkwIiUNNIx6KzLKDTkrrXUfKx+fbVw","previousCounter":0,"rootKey":"lnR9zVYitkkus7oiyEkTrIz3BLF2GAoxiMB/i9nctAw="},"indexInfo":{"baseKey":"BbhFNY0V0D6inzWMei6fzM48wSQZidhdOJrD2OAu35U/","baseKeyType":1,"closed":-1,"used":1748354355595,"created":1748354355595,"remoteIdentityKey":"BaBXq+g6L3rw6R4V+RJq/hNEQnc4OVZgcHcAca1Bd4IP"},"_chains":{"BUwpnSC8n24U34tARO/lTtwmCT1ZJt/jakLgNtxlRAQ7":{"chainKey":{"counter":0,"key":"yV5pZCArEom5sFWBbLcV7ePvOcn4Gmg2kFFU4hEvWgY="},"chainType":1,"messageKeys":{}}},"pendingPreKey":{"signedKeyId":3656963,"baseKey":"BbhFNY0V0D6inzWMei6fzM48wSQZidhdOJrD2OAu35U/","preKeyId":4914}}},"version":"v1"}