{"_sessions":{"BeIPKAyYfck0KcA/4gnF3t2PmcImPnIW/BUu2XL6D1cF":{"registrationId":721878622,"currentRatchet":{"ephemeralKeyPair":{"pubKey":"BUseGVtFLhkb+5h+xcZXTOFP1ILZRKiRodiPobHAvYhI","privKey":"0P5wZhCRyR83+255Pr5ewRB6S/IWlXOOXrBfqc38dXs="},"lastRemoteEphemeralKey":"BfPrqKpMxseiY1cbJTi7q3fCVQG654q+rrEDZLd8X8xz","previousCounter":0,"rootKey":"S/LdlTcfoqoFwW9xWOZDhGWiBbA/CZ6+Y6OrHa5tE0c="},"indexInfo":{"baseKey":"BeIPKAyYfck0KcA/4gnF3t2PmcImPnIW/BUu2XL6D1cF","baseKeyType":1,"closed":-1,"used":1748354355079,"created":1748354355079,"remoteIdentityKey":"BV27hJx7NQDNaMzSplOv1+PUQDx1OHPsH7043tunRSM/"},"_chains":{"BUseGVtFLhkb+5h+xcZXTOFP1ILZRKiRodiPobHAvYhI":{"chainKey":{"counter":0,"key":"gDsIjALWYR9OIAk9WkbQKFaP0dJojswlxdyAedBlADw="},"chainType":1,"messageKeys":{}}},"pendingPreKey":{"signedKeyId":7,"baseKey":"BeIPKAyYfck0KcA/4gnF3t2PmcImPnIW/BUu2XL6D1cF","preKeyId":11603366}}},"version":"v1"}