{"_sessions":{"BcxrK8FwbAqH0MdTiJR6NHe3Sp/itrCPrzqrr/Rvppts":{"registrationId":1052704555,"currentRatchet":{"ephemeralKeyPair":{"pubKey":"BUjEBVL5AEAuNf/WHxoZ7c0XdXrd/pvgoSZ1+WPZyzwU","privKey":"mKYl5XY/IJMV2wQCov9t0Qra/LriZuGO2rO53IQQHWY="},"lastRemoteEphemeralKey":"BRV+8espqV040rTIDY2vVHrzaxICZDfiocEkiL/Ow6Yl","previousCounter":0,"rootKey":"2f1PykZ3Xe9Fc63PG0d9KK4zyxU8Bwbu6hJZaqBDLPU="},"indexInfo":{"baseKey":"BcxrK8FwbAqH0MdTiJR6NHe3Sp/itrCPrzqrr/Rvppts","baseKeyType":1,"closed":-1,"used":1748354360352,"created":1748354360352,"remoteIdentityKey":"Ba2QAvlbYWpwNXON1d/qI2UH81S9zavtnWZpwA7KJIQB"},"_chains":{"BUjEBVL5AEAuNf/WHxoZ7c0XdXrd/pvgoSZ1+WPZyzwU":{"chainKey":{"counter":0,"key":"zvDDXbxPBcRmIW5iKLk2Ck9VuFNe89pVaInoWORlbWg="},"chainType":1,"messageKeys":{}}},"pendingPreKey":{"signedKeyId":8748887,"baseKey":"BcxrK8FwbAqH0MdTiJR6NHe3Sp/itrCPrzqrr/Rvppts"}}},"version":"v1"}