{"_sessions":{"Bd5lOjZEeHqdNFDSD5wJ9gaU2Ig7uqVGgPdWjsDTdPcz":{"registrationId":2123031165,"currentRatchet":{"ephemeralKeyPair":{"pubKey":"BVIW8wNoN21luQRMbUbSdvB3pdjULk014y60dEU216Qi","privKey":"2HLTgTw5t8K62RQIlI/KllFUTPPf1PHwEKm5yRJRlHU="},"lastRemoteEphemeralKey":"Bcv6ySQBnE1nE2NsYmrlzRlhjmeQWRoYl4JvVNPZVsoA","previousCounter":0,"rootKey":"+LlewbBOAM+uWA1VllJGYWLe0ckGfyHBoyEWqi4yesE="},"indexInfo":{"baseKey":"Bd5lOjZEeHqdNFDSD5wJ9gaU2Ig7uqVGgPdWjsDTdPcz","baseKeyType":1,"closed":-1,"used":1748354358676,"created":1748354358676,"remoteIdentityKey":"BaBscTVDH21OyIodmWSXHgipDjKA8rAicFnUybHGhGBg"},"_chains":{"BVIW8wNoN21luQRMbUbSdvB3pdjULk014y60dEU216Qi":{"chainKey":{"counter":0,"key":"trs2R5bPA98OEBBkpy5gOiPJ46O2EVkfLJM7dhKT9LQ="},"chainType":1,"messageKeys":{}}},"pendingPreKey":{"signedKeyId":2,"baseKey":"Bd5lOjZEeHqdNFDSD5wJ9gaU2Ig7uqVGgPdWjsDTdPcz","preKeyId":576128}}},"version":"v1"}