{"_sessions":{"BaeJlaquFYr4g2ypg2CGxfq0KNTvNTSdkcjrY8BOXJZD":{"registrationId":619244549,"currentRatchet":{"ephemeralKeyPair":{"pubKey":"Ba6W3IeS48WYqkdWEGNS9LCkoFoAPvkwTS2Qcb5bSi9/","privKey":"iPj8gCPKiT+MnRE5So+7ePaNY0Fk73550dwSYFjzIms="},"lastRemoteEphemeralKey":"BfxSQ2VqRjKKPhE1fFlfi/WwQOhboGq++uId6GKRWWIu","previousCounter":0,"rootKey":"ldlsGoWTYe+fm4Y/ktPCc8VxlwpFIT2OTxwTvmCPZwo="},"indexInfo":{"baseKey":"BaeJlaquFYr4g2ypg2CGxfq0KNTvNTSdkcjrY8BOXJZD","baseKeyType":1,"closed":-1,"used":1748354359189,"created":1748354359189,"remoteIdentityKey":"Bem72cD3M7c4cJkct2SNd/3GCBj28NR9B9s8wTPSc/Rv"},"_chains":{"Ba6W3IeS48WYqkdWEGNS9LCkoFoAPvkwTS2Qcb5bSi9/":{"chainKey":{"counter":0,"key":"xP5w0qltbcF3hgNCCSbjfu6ySYpWCus2PakC33uUVy4="},"chainType":1,"messageKeys":{}}},"pendingPreKey":{"signedKeyId":1,"baseKey":"BaeJlaquFYr4g2ypg2CGxfq0KNTvNTSdkcjrY8BOXJZD","preKeyId":7118993}}},"version":"v1"}