{"_sessions":{"BbtGOQvR58WNrrKDE2dbw9KPLT2rz3OJOOM+jJurbgx0":{"registrationId":451005777,"currentRatchet":{"ephemeralKeyPair":{"pubKey":"BYc1Xx0OCTcTXGax0C7te8BLK5ngqEfpPK40Bzt7tsgc","privKey":"UJv9dOJKRGNc6buKee+LO9w1LpzqXLrARzT6biOC0n4="},"lastRemoteEphemeralKey":"BcgRU3pVvNx/PdSPAEE0poMxOAJBRE5IZG1GHvp50GQn","previousCounter":0,"rootKey":"OE43hnhurIXdOycn7ougq0P92tDb3ljinksF6kevVXk="},"indexInfo":{"baseKey":"BbtGOQvR58WNrrKDE2dbw9KPLT2rz3OJOOM+jJurbgx0","baseKeyType":1,"closed":-1,"used":1748354352215,"created":1748354352215,"remoteIdentityKey":"BZN0hLvmaNF1uMaKe0O3bfBJBnkXmp7HYpDGPwM5FvRs"},"_chains":{"BYc1Xx0OCTcTXGax0C7te8BLK5ngqEfpPK40Bzt7tsgc":{"chainKey":{"counter":0,"key":"Raq68WUGjKiS0w+yH/CVjKiNq1kU++ZBpyKmEooiOOs="},"chainType":1,"messageKeys":{}}},"pendingPreKey":{"signedKeyId":1,"baseKey":"BbtGOQvR58WNrrKDE2dbw9KPLT2rz3OJOOM+jJurbgx0","preKeyId":16023412}}},"version":"v1"}