{"_sessions":{"BfPA/17GP2tTB29gkQd3eCuc2gUlfoz2f6FZwykrCiwC":{"registrationId":1194334545,"currentRatchet":{"ephemeralKeyPair":{"pubKey":"Bdf447m2AnkQqRpMrl84sQ+jiZpJuhyPq3lEcdP41SQX","privKey":"EHFtuLpAyyW/6NhWdAFEdfAi/dG37W/IuxyvKywpsV0="},"lastRemoteEphemeralKey":"BczvBqN3+SqqGi43jsVy5G3HDeMNhy6WHhwz2rbrl9El","previousCounter":0,"rootKey":"wMIjCebPFiDo6KofdVhuS+NxHaPNrILx2CTSxbNAL7g="},"indexInfo":{"baseKey":"BfPA/17GP2tTB29gkQd3eCuc2gUlfoz2f6FZwykrCiwC","baseKeyType":1,"closed":-1,"used":1748354355163,"created":1748354355163,"remoteIdentityKey":"BaDPxvQa4Jv38gmf9AlW5p7GDspeaRD8BOd1EDY+D4MK"},"_chains":{"Bdf447m2AnkQqRpMrl84sQ+jiZpJuhyPq3lEcdP41SQX":{"chainKey":{"counter":0,"key":"0IQjkN5aKjsqy/BgjHd3QcNRqOzwxC3uHTqsd46X8/I="},"chainType":1,"messageKeys":{}}},"pendingPreKey":{"signedKeyId":1,"baseKey":"BfPA/17GP2tTB29gkQd3eCuc2gUlfoz2f6FZwykrCiwC"}}},"version":"v1"}