{"_sessions":{"BWk7Sah8oLQTwyuHcWB+7fF9Lzr/l7q9Ir3jrOqei8og":{"registrationId":1203328288,"currentRatchet":{"ephemeralKeyPair":{"pubKey":"Bbk1CSvZyFk11LVhLXKE0llba88dDvfLHzKCmzkXx5d5","privKey":"KCpELCWhT76A7I6BIGX25bHNHE/188OzPcBpauEznXs="},"lastRemoteEphemeralKey":"BauST67Pi2TVprc1iNS01LvwH3Q+axtDGGlV6W7hlXJY","previousCounter":0,"rootKey":"xvg9zRm22rvJfGImCCZAoAJQWHKmmOmRFS/q1ZmYCRo="},"indexInfo":{"baseKey":"BWk7Sah8oLQTwyuHcWB+7fF9Lzr/l7q9Ir3jrOqei8og","baseKeyType":1,"closed":-1,"used":1748354348296,"created":1748354348296,"remoteIdentityKey":"BSqamMHuTZ+qaH+cLojWYgEiUqqSMja/r3zVI9sTCjBx"},"_chains":{"Bbk1CSvZyFk11LVhLXKE0llba88dDvfLHzKCmzkXx5d5":{"chainKey":{"counter":0,"key":"IiaBpwGurlS3G8xW457vS8EA9ixCCyGTBQse5PwXq1c="},"chainType":1,"messageKeys":{}}},"pendingPreKey":{"signedKeyId":6,"baseKey":"BWk7Sah8oLQTwyuHcWB+7fF9Lzr/l7q9Ir3jrOqei8og","preKeyId":5819294}}},"version":"v1"}