{"_sessions":{"BX14vNXEwef8pvQQdgfF0uiG1KJjoHJrIOdEyX/3c6Js":{"registrationId":849807065,"currentRatchet":{"ephemeralKeyPair":{"pubKey":"BSlJtP6DUinQUaCKPgxXSwsHM4165NOD/t+66OWEHDg2","privKey":"kNlg91Q2Qm43RGhuuueibjAQmEP9jK5Z5yVTAh3wtnc="},"lastRemoteEphemeralKey":"BU7lmECSkJMRbUuOjwX7wA5fghrnMUQE8D4kjsnXnzM5","previousCounter":0,"rootKey":"akS3oefXoZdqkeQqHUUTncwuzAXJ/txAwL9nuStmxfU="},"indexInfo":{"baseKey":"BX14vNXEwef8pvQQdgfF0uiG1KJjoHJrIOdEyX/3c6Js","baseKeyType":1,"closed":-1,"used":1748354354811,"created":1748354354811,"remoteIdentityKey":"BanyIC4FdPMPlScd+Ou+Lfw6o7Bbhsw3UdiMNmRkzAse"},"_chains":{"BSlJtP6DUinQUaCKPgxXSwsHM4165NOD/t+66OWEHDg2":{"chainKey":{"counter":0,"key":"KouITSIFuNAmEuFvLQ4DB9p3BMQbgTAuX/cxBjLcD20="},"chainType":1,"messageKeys":{}}},"pendingPreKey":{"signedKeyId":1,"baseKey":"BX14vNXEwef8pvQQdgfF0uiG1KJjoHJrIOdEyX/3c6Js","preKeyId":5277296}}},"version":"v1"}