{"_sessions":{"BXjP7ykZLhOe5k6zrU9TXJ94UBxA2N/ORT2QSPZYQrEO":{"registrationId":1287377744,"currentRatchet":{"ephemeralKeyPair":{"pubKey":"BX7EzIGvqJUQWNJEsWR/1V28dLZhtBuupVBBD+QKjXhn","privKey":"kBlHv2JrfmwJ2tj1NLxonGadz8fT3aDdXA9qTdLWpFA="},"lastRemoteEphemeralKey":"BcS6heetaW6SHydF2tJuTPPfhsbzAUhonFB63wEgG7AU","previousCounter":0,"rootKey":"ty05M5qMj6XNyoo2OBx6WuVlURvYvjDOu5YVdex6WFM="},"indexInfo":{"baseKey":"BXjP7ykZLhOe5k6zrU9TXJ94UBxA2N/ORT2QSPZYQrEO","baseKeyType":1,"closed":-1,"used":1748354359127,"created":1748354359127,"remoteIdentityKey":"BfarTgLkXrtupt/wCAjlXUruUsUmOoQWBM8NE9U1AQBz"},"_chains":{"BX7EzIGvqJUQWNJEsWR/1V28dLZhtBuupVBBD+QKjXhn":{"chainKey":{"counter":0,"key":"84YU0CIpNdzI18PV9qVpvMoVEupCC7CFTsp+fIa8M5Y="},"chainType":1,"messageKeys":{}}},"pendingPreKey":{"signedKeyId":0,"baseKey":"BXjP7ykZLhOe5k6zrU9TXJ94UBxA2N/ORT2QSPZYQrEO","preKeyId":12451491}}},"version":"v1"}