{"_sessions":{"BbLmxk6bSpsgTq5RsizkL/ZpQiln/GWQ8Wo73J/jtDUy":{"registrationId":895404813,"currentRatchet":{"ephemeralKeyPair":{"pubKey":"BeoW9p1zENTHiq2t/Wrxfj0Lp+3Ng3CzLai6tOHim5sC","privKey":"6I5mMwpR5Wo1Zu3+xmhxb+5fvHPI5SEpLfTpPnwJImI="},"lastRemoteEphemeralKey":"BVPpiYKbFjXo+m3fe2KHKWW8tIuPd0h+Bsn345pdM5xN","previousCounter":0,"rootKey":"Ex0bj3ZGo7vdYm8hGOc6RxVvMET23mj7mkPY8mpMLNM="},"indexInfo":{"baseKey":"BbLmxk6bSpsgTq5RsizkL/ZpQiln/GWQ8Wo73J/jtDUy","baseKeyType":1,"closed":-1,"used":1748354360635,"created":1748354360635,"remoteIdentityKey":"BdgzP3P0IoD/DSzILNFJgTuvTy2wMFVF5bp90h3o4dxE"},"_chains":{"BeoW9p1zENTHiq2t/Wrxfj0Lp+3Ng3CzLai6tOHim5sC":{"chainKey":{"counter":0,"key":"zSh/A0lTCYwPgLgPqtYIrmGbJcMiRbOMBuI3d2FP4Kc="},"chainType":1,"messageKeys":{}}},"pendingPreKey":{"signedKeyId":1,"baseKey":"BbLmxk6bSpsgTq5RsizkL/ZpQiln/GWQ8Wo73J/jtDUy","preKeyId":6523609}}},"version":"v1"}