{"_sessions":{"BTOQQcIzo+fR87HokrFzi3ibrOByLFGd9vAQ1feFtAkr":{"registrationId":1605361574,"currentRatchet":{"ephemeralKeyPair":{"pubKey":"BcYwKEPSfpbWd+DNWdcJYyO9bUt+p417+EA6bYdhAWZl","privKey":"cIx9b3zhQ+fn9b98q8XfOoFhZoZz3NuZ+qQviZXBkEo="},"lastRemoteEphemeralKey":"BbwbmCMVLvLWWveqMJqUxI+UUJKRplG3ScdFEx4yNv8S","previousCounter":0,"rootKey":"0pN692n42MQxBqfkF1WEjyvRyH5mrWFMqvcnLzFKhHQ="},"indexInfo":{"baseKey":"BTOQQcIzo+fR87HokrFzi3ibrOByLFGd9vAQ1feFtAkr","baseKeyType":1,"closed":-1,"used":1748354358719,"created":1748354358719,"remoteIdentityKey":"BVPSTiAyfqQg9paUXW2Cu/Aemkq0et33AgfmrEF7cjcp"},"_chains":{"BcYwKEPSfpbWd+DNWdcJYyO9bUt+p417+EA6bYdhAWZl":{"chainKey":{"counter":0,"key":"bU+msNvWvl/EXwup2EOZrT75b0Xxob5aLqi4gDy3Frs="},"chainType":1,"messageKeys":{}}},"pendingPreKey":{"signedKeyId":15,"baseKey":"BTOQQcIzo+fR87HokrFzi3ibrOByLFGd9vAQ1feFtAkr","preKeyId":16533520}}},"version":"v1"}