{"_sessions":{"BZo0+ox7f7D+Ohl0svkOLJfStBcysLOw+Z//UKkN2M4e":{"registrationId":1118198173,"currentRatchet":{"ephemeralKeyPair":{"pubKey":"BSLA6iyAW9BU5+K1wFPUm7dMAnGby0A4peVA3mqFN3xK","privKey":"UB+ZqkU7iouFKU9kb51BMJHgSyuiqVgWpFLhjcpkB0E="},"lastRemoteEphemeralKey":"BWZ+Z55nt2BH1tBJgPU3p3pVCKoQwBkdgEG/wJ7WKOxb","previousCounter":0,"rootKey":"ergGK7YX4zvnI2OU7XRxkhhHR1MvHi4xsMbt7Fo8psQ="},"indexInfo":{"baseKey":"BZo0+ox7f7D+Ohl0svkOLJfStBcysLOw+Z//UKkN2M4e","baseKeyType":1,"closed":-1,"used":1748354347657,"created":1748354347657,"remoteIdentityKey":"BeANv7EEka4IU5gUeKOpePCP4/bd3/G+5bleHNqLqy12"},"_chains":{"BSLA6iyAW9BU5+K1wFPUm7dMAnGby0A4peVA3mqFN3xK":{"chainKey":{"counter":0,"key":"+FyntSMNY67IJKtTQSPKBClZqkDna2Y8l5IwgAG7Ato="},"chainType":1,"messageKeys":{}}},"pendingPreKey":{"signedKeyId":6,"baseKey":"BZo0+ox7f7D+Ohl0svkOLJfStBcysLOw+Z//UKkN2M4e","preKeyId":4287980}}},"version":"v1"}