{"_sessions":{"BRO/kHB4BPO6MXJ1SKgELhR00KymxTu2KICdpI9Kvzp2":{"registrationId":1939863372,"currentRatchet":{"ephemeralKeyPair":{"pubKey":"Bbe9xgAF1DXy1V3rp7zk9y+poQ7+/S7UxP7rtcmtgthV","privKey":"mNgykeLBihtwNBK56SXX+8s0srpQ01vblQLPs883+kc="},"lastRemoteEphemeralKey":"BeTZOz0VCewvo2ne90MmBxi/bp50tsYVUsQ2fNnUwrJT","previousCounter":0,"rootKey":"efFmtCnIHWsFcnkvGWC88Q1jKuZ/WiCAZx44t0Ce2WY="},"indexInfo":{"baseKey":"BRO/kHB4BPO6MXJ1SKgELhR00KymxTu2KICdpI9Kvzp2","baseKeyType":1,"closed":-1,"used":1748354348320,"created":1748354348320,"remoteIdentityKey":"Bdfah+4UoMyCKxW74cza7R8RrQ6sQjRHJPXs+4d2FagN"},"_chains":{"Bbe9xgAF1DXy1V3rp7zk9y+poQ7+/S7UxP7rtcmtgthV":{"chainKey":{"counter":0,"key":"QXqtDxMh6t9QrOxiUnPoSLKvPMMBUzolhE6/4Q3LdO4="},"chainType":1,"messageKeys":{}}},"pendingPreKey":{"signedKeyId":2,"baseKey":"BRO/kHB4BPO6MXJ1SKgELhR00KymxTu2KICdpI9Kvzp2","preKeyId":3546535}}},"version":"v1"}