{"_sessions":{"Bdc8yFofHFsRrBAQky+pzbHC+OdpkBpXql8TxxsEKcVD":{"registrationId":1943662152,"currentRatchet":{"ephemeralKeyPair":{"pubKey":"BZZ2ekopoPE2fhofsok192LsIQfgA0gbZD7KX/VBAFtS","privKey":"2Enox7jGJtd8vm3kbip2i5h2plwX/vqLHFYlKsti1Uo="},"lastRemoteEphemeralKey":"BT2wBb3gIby362TVjXPq7+XLtCk1V/aJ3DgWx3tnIvki","previousCounter":0,"rootKey":"zo/10DBRvGqvp9ylnwSMgogINQCJkBMe3NtwLMvo7hE="},"indexInfo":{"baseKey":"Bdc8yFofHFsRrBAQky+pzbHC+OdpkBpXql8TxxsEKcVD","baseKeyType":1,"closed":-1,"used":1748354360577,"created":1748354360577,"remoteIdentityKey":"BQqTEGhuB2btDfOLCKebpIUCYOi6jdDwEwyooRjSm0ZS"},"_chains":{"BZZ2ekopoPE2fhofsok192LsIQfgA0gbZD7KX/VBAFtS":{"chainKey":{"counter":0,"key":"r1Z65TfTWE/TQh1ymyjVq1pEi84Fn7xTzvmDo57Pp7c="},"chainType":1,"messageKeys":{}}},"pendingPreKey":{"signedKeyId":0,"baseKey":"Bdc8yFofHFsRrBAQky+pzbHC+OdpkBpXql8TxxsEKcVD","preKeyId":2212715}}},"version":"v1"}