{"_sessions":{"BS7mril0u2nu4QBVeY3T9e7/56OJO/m7SGT96RUisFIQ":{"registrationId":250409411,"currentRatchet":{"ephemeralKeyPair":{"pubKey":"BWuLxfYUwwgNGLNbhhEXTLfneRjGFzn6zkGmMdE3x64r","privKey":"UEdzSyG1i3EOQhdR8/a2nG1Hs/pzjIeb7zB1Kokf6kY="},"lastRemoteEphemeralKey":"BX5ipLHLauc5SjHNTe5ACsiSF1RxC1qIyRgSUU/iKDdy","previousCounter":0,"rootKey":"9yk5BjmRHOksR6a4Zu6ZVW+Z1EbIucMX3CUj2MJAn+0="},"indexInfo":{"baseKey":"BS7mril0u2nu4QBVeY3T9e7/56OJO/m7SGT96RUisFIQ","baseKeyType":1,"closed":-1,"used":1748354354632,"created":1748354354632,"remoteIdentityKey":"BXM/vtmmqLx7CnIOBcOaiE4SgG+6lobnEkGnTXCFxIE6"},"_chains":{"BWuLxfYUwwgNGLNbhhEXTLfneRjGFzn6zkGmMdE3x64r":{"chainKey":{"counter":0,"key":"gzLYk6wUNhGkjrUj85njs6iqINdYAhSRiXVvRv9Z4oE="},"chainType":1,"messageKeys":{}}},"pendingPreKey":{"signedKeyId":2,"baseKey":"BS7mril0u2nu4QBVeY3T9e7/56OJO/m7SGT96RUisFIQ","preKeyId":11944424}}},"version":"v1"}