{"_sessions":{"BfM8evpPdcWpmPs/+vg4HdGsO7xz3UXT97quV5odqXkE":{"registrationId":1788971603,"currentRatchet":{"ephemeralKeyPair":{"pubKey":"BWCG0Jq0RR5UsBqKUPgWYL8hQGpTAG+bLnDjoMWdJqU+","privKey":"wAiMzX86lzrGD/9ZbqpfDb+Xzx7UaI/FCfv7PAetaFE="},"lastRemoteEphemeralKey":"BfQgOeT2HL5liwl4GbYT30QvlKq0XyKMJ53irdVAeDNx","previousCounter":0,"rootKey":"0Iq/t0/PAHLvhm1WqCfRIsX/xP5+w5sxwakjFTELhCk="},"indexInfo":{"baseKey":"BfM8evpPdcWpmPs/+vg4HdGsO7xz3UXT97quV5odqXkE","baseKeyType":1,"closed":-1,"used":1748354348390,"created":1748354348390,"remoteIdentityKey":"BdcX5SdepYkfaOfteHm7tTEOBnERh64VLEHYpiJW+2YY"},"_chains":{"BWCG0Jq0RR5UsBqKUPgWYL8hQGpTAG+bLnDjoMWdJqU+":{"chainKey":{"counter":0,"key":"b4Y0svKpNI3QVydSV2sx2UCWUAakDs+0zOM0mTSjs/Q="},"chainType":1,"messageKeys":{}}},"pendingPreKey":{"signedKeyId":8,"baseKey":"BfM8evpPdcWpmPs/+vg4HdGsO7xz3UXT97quV5odqXkE","preKeyId":9390209}}},"version":"v1"}