{"_sessions":{"BVVoHVOH38roiDQDXsOLDdGAhisH1Ojtb/yGq5iqakpP":{"registrationId":152635607,"currentRatchet":{"ephemeralKeyPair":{"pubKey":"BSCWwe3aicpOjzZHZBryS4ZZRIwsE5NT70UvG+BiOall","privKey":"QCa4kco4EGDPth6+2LA+ycN1gnL3lJFc3t25uV9mbGo="},"lastRemoteEphemeralKey":"BYw6KJYUc/LGH5KmmikcFt26bcQ3IVy9fy/9r8YZBf85","previousCounter":0,"rootKey":"rui5c3Hns4g7ZbN7wwDFoDvjrmLzUL2ao5QmducScY8="},"indexInfo":{"baseKey":"BVVoHVOH38roiDQDXsOLDdGAhisH1Ojtb/yGq5iqakpP","baseKeyType":2,"closed":-1,"used":1748353337421,"created":1748353337421,"remoteIdentityKey":"BW8LKSpwStRq7fh7H1uNUlZvcd91PpCMJpPhBc+wc8VE"},"_chains":{"BYw6KJYUc/LGH5KmmikcFt26bcQ3IVy9fy/9r8YZBf85":{"chainKey":{"counter":2,"key":"24KKPMSCduZOQsMxM6bWatQ99n1uuztxG628CKcBeqM="},"chainType":2,"messageKeys":{}},"BSCWwe3aicpOjzZHZBryS4ZZRIwsE5NT70UvG+BiOall":{"chainKey":{"counter":-1,"key":"Ad8C6zAPQQvJDIfGVXDjrMiOHURn7I6NwFAeeT3NUGY="},"chainType":1,"messageKeys":{}}}}},"version":"v1"}