{"_sessions":{"BXx2M/J5QD6HGUIAfQuk686/e343dplj/rV6PhQPHTU5":{"registrationId":1933571661,"currentRatchet":{"ephemeralKeyPair":{"pubKey":"BcbzcGa38JB47msTnbOtQ71Nuh4ncgyTuY+ulKtp+1wo","privKey":"6KjYoHhXhZSvNhuBUfm5ORAr4tle82+YfWrRDfKspFA="},"lastRemoteEphemeralKey":"Bad4q3M+meo31zzyLEBgHmxPJbz3fqHHkdWzKL3SD1cN","previousCounter":0,"rootKey":"CzHwEMwI6AFsdwB8a2SU3gFEHboOxGDzqmXsjsF/c54="},"indexInfo":{"baseKey":"BXx2M/J5QD6HGUIAfQuk686/e343dplj/rV6PhQPHTU5","baseKeyType":1,"closed":-1,"used":1748354347898,"created":1748354347898,"remoteIdentityKey":"Bf18wqbEL6hGvalwTfjrOyYuVKzqQH5wAaGkCEMSccdY"},"_chains":{"BcbzcGa38JB47msTnbOtQ71Nuh4ncgyTuY+ulKtp+1wo":{"chainKey":{"counter":0,"key":"IHo4ZqE/7j33KBAgqzymfYLj2eP4mo1DOdHz+o5WcRw="},"chainType":1,"messageKeys":{}}},"pendingPreKey":{"signedKeyId":4,"baseKey":"BXx2M/J5QD6HGUIAfQuk686/e343dplj/rV6PhQPHTU5"}}},"version":"v1"}