{"_sessions":{"BdDJC+fwxMkBZsMjma+s84yrlduV4xO7Wa83Chb8TJtv":{"registrationId":1162126069,"currentRatchet":{"ephemeralKeyPair":{"pubKey":"BT94dz8f4784BKjZckTZx3YqwsTdGYczFZGLoHzLbEJL","privKey":"mB8Jb0yNAl6AshD8apOE1mG3rVphvVJ/KwEpoXK2kUE="},"lastRemoteEphemeralKey":"BRWpDBT90s3+JKNwKsgrtlj5O4e00eVWcsB9aCcZMOoN","previousCounter":0,"rootKey":"CAcqaU6+t13gyQVamel1KsV3kzRd1XM8E3lfEkPWbFk="},"indexInfo":{"baseKey":"BdDJC+fwxMkBZsMjma+s84yrlduV4xO7Wa83Chb8TJtv","baseKeyType":1,"closed":-1,"used":1748354351650,"created":1748354351650,"remoteIdentityKey":"BW0DCkV1WeI83NnugfpPiXojOmJoBNyzicL3h9LhEQwt"},"_chains":{"BT94dz8f4784BKjZckTZx3YqwsTdGYczFZGLoHzLbEJL":{"chainKey":{"counter":0,"key":"eGHI9JAlxB1eK0mqn60/CeNSB8xfkBTO6yaTgp6uQkA="},"chainType":1,"messageKeys":{}}},"pendingPreKey":{"signedKeyId":3,"baseKey":"BdDJC+fwxMkBZsMjma+s84yrlduV4xO7Wa83Chb8TJtv","preKeyId":5173077}}},"version":"v1"}