{"_sessions":{"BdMGeHp0wnpO+pT3NfxTCfWmxd41+4/udWPvy8wu+/9+":{"registrationId":1838241786,"currentRatchet":{"ephemeralKeyPair":{"pubKey":"BfJu/tKKPEBrJUdTpA59ikvT0cGpNw+48DP3TbRySZ1Q","privKey":"aHyYua4Dn/PEhJwTNhfhC1RauVOLuoOqu9zVSkLCgX4="},"lastRemoteEphemeralKey":"BaSpONq4GDwTeU1aEgzA8XjqLFYdhejp/Dp0Ib1fPRA0","previousCounter":0,"rootKey":"sVAFZRUWx+18f5Feer1DiqF4F6j2Is3yumx0Ewf629s="},"indexInfo":{"baseKey":"BdMGeHp0wnpO+pT3NfxTCfWmxd41+4/udWPvy8wu+/9+","baseKeyType":1,"closed":-1,"used":1748354348124,"created":1748354348124,"remoteIdentityKey":"BRKXuRW3snvdHbaV3Vaw0c60HOcahvfvA/caDHWwHrBi"},"_chains":{"BfJu/tKKPEBrJUdTpA59ikvT0cGpNw+48DP3TbRySZ1Q":{"chainKey":{"counter":0,"key":"J6fiGYyeYFb+IqFu0v/8Wbov4Y0lF1OaJCqA9+PVCA0="},"chainType":1,"messageKeys":{}}},"pendingPreKey":{"signedKeyId":9773951,"baseKey":"BdMGeHp0wnpO+pT3NfxTCfWmxd41+4/udWPvy8wu+/9+","preKeyId":3838}}},"version":"v1"}