{"_sessions":{"BRYRbsnyEiA69y2YZu49p99uUR8FKtj8HtCe2M4bjZxk":{"registrationId":1935522094,"currentRatchet":{"ephemeralKeyPair":{"pubKey":"BeqKaoLjEaS2YaqewvqbfenDnBDwQxWuQylxZywzLjUg","privKey":"QG4SK/d8IdebOz40robX0usKlp3cW7S07Nu9omKJKWg="},"lastRemoteEphemeralKey":"BXxQ/lHwrFn33Bz85mMl+UOAnZIrirQlgpodxre1fwt6","previousCounter":0,"rootKey":"O35bWgRJ7uw+upE+JFrTHTRQjgdAFva1riXaz24GAb0="},"indexInfo":{"baseKey":"BRYRbsnyEiA69y2YZu49p99uUR8FKtj8HtCe2M4bjZxk","baseKeyType":1,"closed":-1,"used":1748354354778,"created":1748354354778,"remoteIdentityKey":"BQQIGb/BAWfw+tfuUWbMyARuXNK/5wr+59rnYNAbIFUv"},"_chains":{"BeqKaoLjEaS2YaqewvqbfenDnBDwQxWuQylxZywzLjUg":{"chainKey":{"counter":0,"key":"zPoFH26NF+rbWeNzatpc+tgn4lntbJe9EkElsmW+X3o="},"chainType":1,"messageKeys":{}}},"pendingPreKey":{"signedKeyId":9287715,"baseKey":"BRYRbsnyEiA69y2YZu49p99uUR8FKtj8HtCe2M4bjZxk","preKeyId":190}}},"version":"v1"}