{"_sessions":{"BdWOnDQ3RRRiiYMgzNZPgNlMHeLhvzyZlbUNbfeVqghS":{"registrationId":986513199,"currentRatchet":{"ephemeralKeyPair":{"pubKey":"BQQ9RTnnjcktnP/ftjvFIwMGW1djbqeOCZdogonR+egD","privKey":"OA/jruVn7ynUUr8USMgydlFjmFDJlwu/ljZQJZCkoGc="},"lastRemoteEphemeralKey":"BTrvtPv5OxNqnryiuxN+GU7RV2cnFteGrdy+pP+1ectV","previousCounter":0,"rootKey":"mbh5GgDwXyoP9z6CUZvuFWRoyBGZhq+HEyRlqddKFNo="},"indexInfo":{"baseKey":"BdWOnDQ3RRRiiYMgzNZPgNlMHeLhvzyZlbUNbfeVqghS","baseKeyType":1,"closed":-1,"used":1748354347821,"created":1748354347821,"remoteIdentityKey":"BYqv8EOlYC2ulVQiNrl8YLZdtgK6Fc5+5OFAPfrDERJI"},"_chains":{"BQQ9RTnnjcktnP/ftjvFIwMGW1djbqeOCZdogonR+egD":{"chainKey":{"counter":0,"key":"orU5/kodQ8FCOQqDm/rtbT5WPcbNoCpIk422EbUW6G8="},"chainType":1,"messageKeys":{}}},"pendingPreKey":{"signedKeyId":5,"baseKey":"BdWOnDQ3RRRiiYMgzNZPgNlMHeLhvzyZlbUNbfeVqghS","preKeyId":13572562}}},"version":"v1"}