{"_sessions":{"BahiCyMpxyOrN7k+UNsB1+DHYlhVHRga3SsR/1KJeSku":{"registrationId":4517,"currentRatchet":{"ephemeralKeyPair":{"pubKey":"BeDjCd6DQYryl5Krg/pqlvtm8yn0dgbgdH95glolzbYj","privKey":"oNEgrDYLnKclQt2/tIUEsdz7MyKXFag5RkzDhySS+XY="},"lastRemoteEphemeralKey":"BUME6ZWlXmLAgiiL8eBV/zoAmMnaT6+1ayiyvGrzl+t9","previousCounter":0,"rootKey":"MKLASKv5CZOFW4fcRT2CMo7ajs9uz9cb40DlAc6IgoI="},"indexInfo":{"baseKey":"BahiCyMpxyOrN7k+UNsB1+DHYlhVHRga3SsR/1KJeSku","baseKeyType":1,"closed":-1,"used":1748351975072,"created":1748351975072,"remoteIdentityKey":"BctbJLIZgom3QtvB4Qh/gBrez6JC1zenrmfnH/j4bycl"},"_chains":{"BeDjCd6DQYryl5Krg/pqlvtm8yn0dgbgdH95glolzbYj":{"chainKey":{"counter":0,"key":"pMNMLBgS3i3ZTA27WOnnu0htURFvbDdgHYLR1BU8Nok="},"chainType":1,"messageKeys":{}}},"pendingPreKey":{"signedKeyId":1,"baseKey":"BahiCyMpxyOrN7k+UNsB1+DHYlhVHRga3SsR/1KJeSku"}}},"version":"v1"}