{"_sessions":{"BTnToB1ym1q2GAP5S1aMN/d3Is+68aPEWB5rrElFE0UK":{"registrationId":1575029664,"currentRatchet":{"ephemeralKeyPair":{"pubKey":"BUSkvDZltNnWBzHgo5ZBAZ3PpWlTv9l99kYYvanTIy4K","privKey":"WFa5iyVBIXwRG3nLBtMMsqkcP9+/gFC32Mo1jv/uE2A="},"lastRemoteEphemeralKey":"BXU+gK2eG1BE2YVPVKxHxhWyBPUhhkdcsaUqClemoU09","previousCounter":0,"rootKey":"TnI+Y3KkoIPWv4VCONLdf/tBBzwlh9w08YMgnfVWEdI="},"indexInfo":{"baseKey":"BTnToB1ym1q2GAP5S1aMN/d3Is+68aPEWB5rrElFE0UK","baseKeyType":1,"closed":-1,"used":1748354355408,"created":1748354355408,"remoteIdentityKey":"BYL71KN3HsQFAlTzsWAQiM7WuZH9UhJGS1x64Z1daQZG"},"_chains":{"BUSkvDZltNnWBzHgo5ZBAZ3PpWlTv9l99kYYvanTIy4K":{"chainKey":{"counter":0,"key":"Cg8OZr8szqmeSgeiHdYoYuVrchAfWrVLZe59DSgnkDE="},"chainType":1,"messageKeys":{}}},"pendingPreKey":{"signedKeyId":1,"baseKey":"BTnToB1ym1q2GAP5S1aMN/d3Is+68aPEWB5rrElFE0UK","preKeyId":9497555}}},"version":"v1"}