{"_sessions":{"Baq31/7ow4dVCaw1SOJJNM6FScKRwU0d0hhC3bJlcZNU":{"registrationId":609777436,"currentRatchet":{"ephemeralKeyPair":{"pubKey":"BU5xys7KViUffVKPpvnI98UaO0lKo7EFy1Q9r6shuowA","privKey":"2H1I1ldFrt3jFQ+725dXoY7nlDkUWsgiem4IxA6hYWo="},"lastRemoteEphemeralKey":"BWyEQfpgXp/J9K7ca38ihPfM1wxyWo6WpR5NpKDBB4Uf","previousCounter":0,"rootKey":"27PKerc//SVbbdvoJ/bF4F7KlaXhah297uG+hzFKPnw="},"indexInfo":{"baseKey":"Baq31/7ow4dVCaw1SOJJNM6FScKRwU0d0hhC3bJlcZNU","baseKeyType":1,"closed":-1,"used":1748354351902,"created":1748354351902,"remoteIdentityKey":"BQoQ4icAAc8uXqbzl1Xa9fgbaOxhhmel1hUsLBb+l/NG"},"_chains":{"BU5xys7KViUffVKPpvnI98UaO0lKo7EFy1Q9r6shuowA":{"chainKey":{"counter":0,"key":"FZLICfIou09g7N3HIGMyJSDOroLscWk9Ir/yXM7vA8I="},"chainType":1,"messageKeys":{}}},"pendingPreKey":{"signedKeyId":5,"baseKey":"Baq31/7ow4dVCaw1SOJJNM6FScKRwU0d0hhC3bJlcZNU","preKeyId":10060225}}},"version":"v1"}