{"_sessions":{"BdSTTVsHID9WrbwYjgsRWqZJBdUNNRBa0BfVthsvaM0z":{"registrationId":1078818876,"currentRatchet":{"ephemeralKeyPair":{"pubKey":"BTNJukYP2JH4lZfQPa+GDoj/OyHuHIUmnd+PEBwgkT5k","privKey":"UEQ8EpnCAl4cjgtkUd7GafUD2lOFWGeaWptKJCqPQ1Q="},"lastRemoteEphemeralKey":"BX/YdM7dTbfNPqZjtpasnmwtcVnoxfMp28APa2FGRl10","previousCounter":0,"rootKey":"5+qA1O3lVbsi85RanadonejtflXlS/vnB6U24v8lLfc="},"indexInfo":{"baseKey":"BdSTTVsHID9WrbwYjgsRWqZJBdUNNRBa0BfVthsvaM0z","baseKeyType":1,"closed":-1,"used":1748354351758,"created":1748354351758,"remoteIdentityKey":"Be6qSgwGbAVSGn4W1dd8FmeiEqiR7yMfHfcNVr4X2iM9"},"_chains":{"BTNJukYP2JH4lZfQPa+GDoj/OyHuHIUmnd+PEBwgkT5k":{"chainKey":{"counter":0,"key":"hOY2nl503NdzR05ZtKO+XlxSmaAOZrF6hdyDvlSBBgc="},"chainType":1,"messageKeys":{}}},"pendingPreKey":{"signedKeyId":0,"baseKey":"BdSTTVsHID9WrbwYjgsRWqZJBdUNNRBa0BfVthsvaM0z","preKeyId":2740529}}},"version":"v1"}