{"_sessions":{"BazDVzvtQ4AZfusK3HGSkcP5lu1r7sNQj3F01hlmWa4e":{"registrationId":1573236717,"currentRatchet":{"ephemeralKeyPair":{"pubKey":"BQ8S1eXUdbo1yA+QsdwcUjEeuclSqe8e7jrev1W+6XUY","privKey":"WLQM6LsocSlGIpbQjvvdYiM6l+wjphP0ltp2Eq/lmF0="},"lastRemoteEphemeralKey":"BT4BG9F5anzH7VQAwfNlliKdf9eLTTINWpeRBmbLckIl","previousCounter":0,"rootKey":"JzsqjkbyJrgndO4zd1LMMPxVIa3k3aHjwWywop5CIQ4="},"indexInfo":{"baseKey":"BazDVzvtQ4AZfusK3HGSkcP5lu1r7sNQj3F01hlmWa4e","baseKeyType":1,"closed":-1,"used":1748354358499,"created":1748354358499,"remoteIdentityKey":"BTo0IA/lBnMeuh+PAjK7dvGTgwqGjy3cNzfYp6VarlIz"},"_chains":{"BQ8S1eXUdbo1yA+QsdwcUjEeuclSqe8e7jrev1W+6XUY":{"chainKey":{"counter":0,"key":"bOqPXOugW1tu6oCNeLeavbws6NZ0mFsh2nFI9QVRKN0="},"chainType":1,"messageKeys":{}}},"pendingPreKey":{"signedKeyId":2,"baseKey":"BazDVzvtQ4AZfusK3HGSkcP5lu1r7sNQj3F01hlmWa4e","preKeyId":13232655}}},"version":"v1"}