{"_sessions":{"BfZQdl8LWAovwQAbMXlqMuyxq3HQC0hYa5zq8NtY6MoO":{"registrationId":651452060,"currentRatchet":{"ephemeralKeyPair":{"pubKey":"BZ+6J5BuFjgJudgtMXR+XXn7pT7FWxM/PoT+boD4YmEz","privKey":"kP6MeA5z+2nv06EWsknoOyl56RKWadtHYp1ghiatp3M="},"lastRemoteEphemeralKey":"BSyBzE3jWgIGy99Fhy2fMZbUSZpbfTHw48Y/GgfnkWAO","previousCounter":0,"rootKey":"iG7ojjnh23b96NXFz8eaMNwiCVjf7PjxHMvZIXRZyKQ="},"indexInfo":{"baseKey":"BfZQdl8LWAovwQAbMXlqMuyxq3HQC0hYa5zq8NtY6MoO","baseKeyType":1,"closed":-1,"used":1748354351407,"created":1748354351407,"remoteIdentityKey":"BVtkCT5b52r6nIpgsnM8LsjZXrs7pjM/AtV7QuzJ/4RS"},"_chains":{"BZ+6J5BuFjgJudgtMXR+XXn7pT7FWxM/PoT+boD4YmEz":{"chainKey":{"counter":0,"key":"gH7uPfONrgBnEAHMMN5EqaBI4xWgx5YRa2TaaPb81/g="},"chainType":1,"messageKeys":{}}},"pendingPreKey":{"signedKeyId":0,"baseKey":"BfZQdl8LWAovwQAbMXlqMuyxq3HQC0hYa5zq8NtY6MoO","preKeyId":4502360}}},"version":"v1"}