{"_sessions":{"BRy/lWhQZeUWgOLn9NXGlAgGmImHzikUlbRkzJgLn9ov":{"registrationId":544976757,"currentRatchet":{"ephemeralKeyPair":{"pubKey":"BYsle0yPCaYJFBCDsd1TUb3SmSpsL7F0nHJOgPY687ZW","privKey":"qFpptBfIY27lM6MBbYgLKPbc8zy19Gy/dOjf/x0x0H4="},"lastRemoteEphemeralKey":"BfyAculiJroijrUOwpvwBR4/34/JBKt7xL5L8ambcNMH","previousCounter":0,"rootKey":"JzIz7+aAOf9XAx4ZPLN9cHIEiwO1XhmueK+lrToPdxc="},"indexInfo":{"baseKey":"BRy/lWhQZeUWgOLn9NXGlAgGmImHzikUlbRkzJgLn9ov","baseKeyType":1,"closed":-1,"used":1748354359305,"created":1748354359305,"remoteIdentityKey":"BZmdL+z0wk78LbIYDQ9q1evS2J9wjysc+f3B6/GAEkk7"},"_chains":{"BYsle0yPCaYJFBCDsd1TUb3SmSpsL7F0nHJOgPY687ZW":{"chainKey":{"counter":0,"key":"E6MCbXDWvaHG3eFPh0OJGzQK8PPV4NHzpYN1/wuv8p0="},"chainType":1,"messageKeys":{}}},"pendingPreKey":{"signedKeyId":0,"baseKey":"BRy/lWhQZeUWgOLn9NXGlAgGmImHzikUlbRkzJgLn9ov","preKeyId":13882835}}},"version":"v1"}