{"_sessions":{"BVWIwLZ9qXXe08Z4A5+RQvDsSTcAe3dxHFKoVEjFziQL":{"registrationId":1737285188,"currentRatchet":{"ephemeralKeyPair":{"pubKey":"BUoeTTAwFSp4s1W7nzKj8mU4ltQYaderpCg0I42sWMIZ","privKey":"AGrpBrrec3PUlxIoShUVBujZV6F6O81CtAe8/NwNVXM="},"lastRemoteEphemeralKey":"BTh9vq6H8sKhamibd2UvlkxhNRQjIhTZnUH19GLWGIQh","previousCounter":0,"rootKey":"igwg094iA86mHas11XQQlap6s2qDNjykI5GeP0iJDpI="},"indexInfo":{"baseKey":"BVWIwLZ9qXXe08Z4A5+RQvDsSTcAe3dxHFKoVEjFziQL","baseKeyType":1,"closed":-1,"used":1748354358881,"created":1748354358881,"remoteIdentityKey":"Bck8aGCX1J2MmpmlnsjW3LVVBVn60jh6byz6SywukY1s"},"_chains":{"BUoeTTAwFSp4s1W7nzKj8mU4ltQYaderpCg0I42sWMIZ":{"chainKey":{"counter":0,"key":"13g12FjOxDmDskshk1iWvC2rVA6KMQsKxoAjm3to5F0="},"chainType":1,"messageKeys":{}}},"pendingPreKey":{"signedKeyId":1,"baseKey":"BVWIwLZ9qXXe08Z4A5+RQvDsSTcAe3dxHFKoVEjFziQL","preKeyId":14812796}}},"version":"v1"}