{"_sessions":{"BYfKT/RCQEyv/vzuXciGMjmxuneTtfnwnNQOzdZUVLs4":{"registrationId":125020973,"currentRatchet":{"ephemeralKeyPair":{"pubKey":"BXQ7tFVLM8Nem1Pz5sv0WVfLvDsoTpkdNxgK9tbArw8I","privKey":"IICsbkyqvrXT4LoMT3MiTdiiZgXfDrH8VwU1M62RMW0="},"lastRemoteEphemeralKey":"BbdRT9BdtGCQha6i60biqekKM6ndkgTEO55XDLUxGKA4","previousCounter":0,"rootKey":"2oYGepcnxV0mxAKLhZC/plD8o588inVrNO6U98UrQSE="},"indexInfo":{"baseKey":"BYfKT/RCQEyv/vzuXciGMjmxuneTtfnwnNQOzdZUVLs4","baseKeyType":1,"closed":-1,"used":1748354351703,"created":1748354351703,"remoteIdentityKey":"BTpgsA0Wpibzdey/J22GBLeXJ6cKWsnq58YSGfbADM5y"},"_chains":{"BXQ7tFVLM8Nem1Pz5sv0WVfLvDsoTpkdNxgK9tbArw8I":{"chainKey":{"counter":0,"key":"crDzhK3OM90uMje9vroRrP77uDYfH1FkQ2ubbhRUF4c="},"chainType":1,"messageKeys":{}}},"pendingPreKey":{"signedKeyId":0,"baseKey":"BYfKT/RCQEyv/vzuXciGMjmxuneTtfnwnNQOzdZUVLs4","preKeyId":10014376}}},"version":"v1"}