{"_sessions":{"Ba+Ioy5lupO67AjHGDQq13OWIVFCV1U2bQfnjpw7stVJ":{"registrationId":26435761,"currentRatchet":{"ephemeralKeyPair":{"pubKey":"BX+NyJsBhZ8vltwyptLPZRNOqCoWoVcp6LD0X3sFSD0v","privKey":"cNfvtwptK2R8GkWNiXXp3IBRtIQS5qZdukWnmBTIJUA="},"lastRemoteEphemeralKey":"BS77dmAKiUIju28DDP1l/yXETPXceBSqxKJNnrtG0J9G","previousCounter":0,"rootKey":"Dt2cZ/HJHVa6m9C+Bzbjh8AsW04u1Oj7EU/TWspvlQk="},"indexInfo":{"baseKey":"Ba+Ioy5lupO67AjHGDQq13OWIVFCV1U2bQfnjpw7stVJ","baseKeyType":1,"closed":-1,"used":1748354355438,"created":1748354355438,"remoteIdentityKey":"BcAWaB1Oei8mOLk+MiSGZsFhAY4z95PvJlk3YZkN7XkX"},"_chains":{"BX+NyJsBhZ8vltwyptLPZRNOqCoWoVcp6LD0X3sFSD0v":{"chainKey":{"counter":0,"key":"ElfPE0g6oZJrH20XDS0HojfJUmtCKCzRu1lZ+Vs5QgA="},"chainType":1,"messageKeys":{}}},"pendingPreKey":{"signedKeyId":3,"baseKey":"Ba+Ioy5lupO67AjHGDQq13OWIVFCV1U2bQfnjpw7stVJ","preKeyId":14824271}}},"version":"v1"}