{"_sessions":{"BSsLrRRp4siqBDEmcJUmIjP6qoaO6ZBG8xrC9YHrj45x":{"registrationId":403571579,"currentRatchet":{"ephemeralKeyPair":{"pubKey":"BaB6iWH6hNNkco1gaxHj9e6LV8fIks6nrt/e/H9T+d9N","privKey":"AGs4/x4KJGZI15fUvXIDI0TLyIachfpqw2+7kWiwxkc="},"lastRemoteEphemeralKey":"BS1BorDrCVbU+kt797eSfqs5D8ploFuJB3aUzFvWiWxl","previousCounter":0,"rootKey":"Jz3S+hlO9N+Nh4PFxesIvfw9uaOYbs9zTDX62/m7YI4="},"indexInfo":{"baseKey":"BSsLrRRp4siqBDEmcJUmIjP6qoaO6ZBG8xrC9YHrj45x","baseKeyType":1,"closed":-1,"used":1748354358167,"created":1748354358167,"remoteIdentityKey":"BcGN+A4BVruNDuiIGW+K8dykSBUHHtB69GeGOLEIbLRR"},"_chains":{"BaB6iWH6hNNkco1gaxHj9e6LV8fIks6nrt/e/H9T+d9N":{"chainKey":{"counter":0,"key":"nj8Tf9aTXEfycyVqJk9+fYv0d6Xgyh1YlSV/B4A2Ng8="},"chainType":1,"messageKeys":{}}},"pendingPreKey":{"signedKeyId":3,"baseKey":"BSsLrRRp4siqBDEmcJUmIjP6qoaO6ZBG8xrC9YHrj45x","preKeyId":286326}}},"version":"v1"}