{"_sessions":{"BRmmZS2t6XVz04+1vdRKDx9GuxRbopNmyEObCFSd6c5S":{"registrationId":35744090,"currentRatchet":{"ephemeralKeyPair":{"pubKey":"BU9U+vey8nSDk2ea3hq+AXiqWwee2XOvzsDVQCPzYFN/","privKey":"UOwC0NZr0t5afe48XzKyK4jPFLHe74REsN/N3vkU/lY="},"lastRemoteEphemeralKey":"Bc1AH6LvX96CjX59X5Czw5hH4NAGrWAO/MJ6hfJvKmdF","previousCounter":0,"rootKey":"sYuDybjjKSbUi1ojlDX/hQZ4dPoVILvDAqkuZ7NerYM="},"indexInfo":{"baseKey":"BRmmZS2t6XVz04+1vdRKDx9GuxRbopNmyEObCFSd6c5S","baseKeyType":1,"closed":-1,"used":1748354358547,"created":1748354358547,"remoteIdentityKey":"Be1Ou6yFuO+RdyUk03Q2gkOJzonFb2OtbjWoFJYQx7FV"},"_chains":{"BU9U+vey8nSDk2ea3hq+AXiqWwee2XOvzsDVQCPzYFN/":{"chainKey":{"counter":0,"key":"HC4utxogM4ocj+uBL6OXWCual27yKafg82IVTZqBkxY="},"chainType":1,"messageKeys":{}}},"pendingPreKey":{"signedKeyId":2,"baseKey":"BRmmZS2t6XVz04+1vdRKDx9GuxRbopNmyEObCFSd6c5S","preKeyId":15337648}}},"version":"v1"}