{"_sessions":{"BcZNPfj1XYBryCkgyMupN4iMwoT4qlkdRY6u/PrGC4c0":{"registrationId":533931873,"currentRatchet":{"ephemeralKeyPair":{"pubKey":"BeMSlY/AlF6pwR2OJClm8hIEybsi2H7FU6DMMJ7c+JAZ","privKey":"aFB2DFYdfpNzYAEJialqIrg5asemklPutKUkwGfyB2Y="},"lastRemoteEphemeralKey":"BcNT3IDRFyAypDYnBh83thuN83clyisdURjAHFPQyYdy","previousCounter":0,"rootKey":"UNiYlbhed0oki7jKLHiDVFVk64cmZRdkfPpu1Vh3s00="},"indexInfo":{"baseKey":"BcZNPfj1XYBryCkgyMupN4iMwoT4qlkdRY6u/PrGC4c0","baseKeyType":1,"closed":-1,"used":1748354348250,"created":1748354348250,"remoteIdentityKey":"BfkJQgAIi4zWF01xkb0kJlha6WDzKnN4Nf4ee2Eu45I9"},"_chains":{"BeMSlY/AlF6pwR2OJClm8hIEybsi2H7FU6DMMJ7c+JAZ":{"chainKey":{"counter":0,"key":"cVsqLLC5fBLnYHEy1ABPH27MxfqvPUUMzpEiqUcNhkg="},"chainType":1,"messageKeys":{}}},"pendingPreKey":{"signedKeyId":3,"baseKey":"BcZNPfj1XYBryCkgyMupN4iMwoT4qlkdRY6u/PrGC4c0","preKeyId":4944920}}},"version":"v1"}