{"_sessions":{"Ba5R+oma2zmFBTSXATixrsXBTyDoVz5f+ZT7NSBimPER":{"registrationId":1802943540,"currentRatchet":{"ephemeralKeyPair":{"pubKey":"BaUrJGMG+z1hFm4NBxVXffz6iUY6tWqGW7lP8pqnLFVV","privKey":"IGCl98tbbC8hvBSsHMt6QuZ873Sfrm5gNiEvQMc5fWk="},"lastRemoteEphemeralKey":"BZSXJt2gRg7shP0PSLa0Wn9qGFDs3t+0GYaG0BYR5LRZ","previousCounter":0,"rootKey":"45/Hn/O39lGSh4XJu60B3+6ubirs/+jaa/CYDFTifc8="},"indexInfo":{"baseKey":"Ba5R+oma2zmFBTSXATixrsXBTyDoVz5f+ZT7NSBimPER","baseKeyType":1,"closed":-1,"used":1748354348512,"created":1748354348512,"remoteIdentityKey":"BZgXGkFHBkfGRBj5X2AS67MSj1LjATzi9WHTwZ3BTo0w"},"_chains":{"BaUrJGMG+z1hFm4NBxVXffz6iUY6tWqGW7lP8pqnLFVV":{"chainKey":{"counter":0,"key":"2u/lWz7L50Hq96Dxygt3SU7gn0mHkS1NgtgG91+5dZA="},"chainType":1,"messageKeys":{}}},"pendingPreKey":{"signedKeyId":14,"baseKey":"Ba5R+oma2zmFBTSXATixrsXBTyDoVz5f+ZT7NSBimPER","preKeyId":5817054}}},"version":"v1"}