{"_sessions":{"BXma5YJTVHzFDDenIm8PjaOc0V8w2w9zO48MrfwiT2IR":{"registrationId":1734166202,"currentRatchet":{"ephemeralKeyPair":{"pubKey":"BeosuXZzdUpiCbOcezn70obOD1at/uwJ5rQc/iE2uxoM","privKey":"uC5nAMqI5GfyowhbRSuFAwnJhPScmurlZBw0HnaBo1I="},"lastRemoteEphemeralKey":"BR2PC3Gjfe5vGyKO+m/oUEhaht+aRO8xSg2LMgTiV8Mq","previousCounter":0,"rootKey":"dpwcw7I33CUbWMOqklc2QYRd33SsVFaiMtQ73kWtfe8="},"indexInfo":{"baseKey":"BXma5YJTVHzFDDenIm8PjaOc0V8w2w9zO48MrfwiT2IR","baseKeyType":1,"closed":-1,"used":1748354347796,"created":1748354347796,"remoteIdentityKey":"BZfQTxmKzOhgFD0eiPZKomhA8x8M862ZY+qxrlT3hVg6"},"_chains":{"BeosuXZzdUpiCbOcezn70obOD1at/uwJ5rQc/iE2uxoM":{"chainKey":{"counter":0,"key":"8qtvz2l2xlovWPgrJpe9wozptpf1fZ52ZBxNhlSbpm8="},"chainType":1,"messageKeys":{}}},"pendingPreKey":{"signedKeyId":0,"baseKey":"BXma5YJTVHzFDDenIm8PjaOc0V8w2w9zO48MrfwiT2IR","preKeyId":4210658}}},"version":"v1"}