{"_sessions":{"BfbnLeWoq9Sm0v9qqqGR6QiXBJy4CNuLWy2S8sPQ2FMj":{"registrationId":755869511,"currentRatchet":{"ephemeralKeyPair":{"pubKey":"BafSzxjhjb7hhaF3T1K95itx7nIKAkpFFWak94Hmpbot","privKey":"kIzn5FGdnv0y8ByrYqX7UOyBY2oIgEEVGjJcswke3WI="},"lastRemoteEphemeralKey":"BU1CSBD5lkScKSkncwFjfSjEN9/zDSfpogwELHF32+Z0","previousCounter":0,"rootKey":"M6EvYjmrF2vd33vE19GwE//2FEZnHS6rvj+NE9IgZWA="},"indexInfo":{"baseKey":"BfbnLeWoq9Sm0v9qqqGR6QiXBJy4CNuLWy2S8sPQ2FMj","baseKeyType":1,"closed":-1,"used":1748354351975,"created":1748354351975,"remoteIdentityKey":"Bb4otigU3ik6UolERc27pftEm9RXqp+cR3v3i12z0Ill"},"_chains":{"BafSzxjhjb7hhaF3T1K95itx7nIKAkpFFWak94Hmpbot":{"chainKey":{"counter":0,"key":"q+3zTu9twQPkE9lFJD5NFjnujQgfM5wHHHHbhq49D7s="},"chainType":1,"messageKeys":{}}},"pendingPreKey":{"signedKeyId":14,"baseKey":"BfbnLeWoq9Sm0v9qqqGR6QiXBJy4CNuLWy2S8sPQ2FMj","preKeyId":13852918}}},"version":"v1"}