{"_sessions":{"BaqKzyGAW8dWj68IZuDwwSY0l80fnPwLyHcu6swiNNxs":{"registrationId":961757640,"currentRatchet":{"ephemeralKeyPair":{"pubKey":"Bamwj2fWOG0KHONnhUV4AVEKH5kYcchcOFfOIVmcDLYn","privKey":"IFpdoKLo7mgpjWud4BS5PhpdHwG7TX+O8oGY1RexYUE="},"lastRemoteEphemeralKey":"BRV6MCnLogV6VtXxpAiWtLNJ4oDTLV8lsUcy2hlThLtb","previousCounter":0,"rootKey":"hm5ZsmvWNkYXc3g/DmCyW6SJJhCrVdNwmZlVe1ll4jQ="},"indexInfo":{"baseKey":"BaqKzyGAW8dWj68IZuDwwSY0l80fnPwLyHcu6swiNNxs","baseKeyType":1,"closed":-1,"used":1748354359001,"created":1748354359001,"remoteIdentityKey":"BXjttoXTPfHvvHxMZB8KSCfz5+vOwtq9/+tpyNxKgV50"},"_chains":{"Bamwj2fWOG0KHONnhUV4AVEKH5kYcchcOFfOIVmcDLYn":{"chainKey":{"counter":0,"key":"aKh2BkU4PjIMmt3hA0dxNL6UG2ilP+Xy5ain9N12J/s="},"chainType":1,"messageKeys":{}}},"pendingPreKey":{"signedKeyId":4,"baseKey":"BaqKzyGAW8dWj68IZuDwwSY0l80fnPwLyHcu6swiNNxs","preKeyId":16752945}}},"version":"v1"}