{"_sessions":{"BYHmHpC7/7bgBU4tBKwCeCClRugamCWP7SI1jGVzULFI":{"registrationId":1131744364,"currentRatchet":{"ephemeralKeyPair":{"pubKey":"BV3rfGWtPP/XatqrgTgv4cXqVwmjNalojgn1SQio1Nxz","privKey":"6KKt4RuiWdgFBPQMsVyijxunENW38UTcfC0lHNYY42c="},"lastRemoteEphemeralKey":"BaDS5CVUxtcfKu88pl7hSUHUJDyNuklqf1MGpZngm/FR","previousCounter":0,"rootKey":"V/VN9LUdTg1E7qVmw/kT6QJ4x1K3YPcjIbdzPdo9hs8="},"indexInfo":{"baseKey":"BYHmHpC7/7bgBU4tBKwCeCClRugamCWP7SI1jGVzULFI","baseKeyType":1,"closed":-1,"used":1748354354992,"created":1748354354992,"remoteIdentityKey":"BRPD3tp43kSilofohA9CGKILzgZ2K2gTndz7DxYv2Gg2"},"_chains":{"BV3rfGWtPP/XatqrgTgv4cXqVwmjNalojgn1SQio1Nxz":{"chainKey":{"counter":0,"key":"FsZvRH7YPxpXkfcE9g8McPdEp4lL/kGGVVP9JZa+k7E="},"chainType":1,"messageKeys":{}}},"pendingPreKey":{"signedKeyId":263762,"baseKey":"BYHmHpC7/7bgBU4tBKwCeCClRugamCWP7SI1jGVzULFI","preKeyId":1785}}},"version":"v1"}