{"_sessions":{"BQD0EBFG1piiKns+/6dDCfjnuFQjp/t5JMUpdldo5/96":{"registrationId":1163558616,"currentRatchet":{"ephemeralKeyPair":{"pubKey":"BdIY/o5S3tj7I5EUJaUbrKmcBA4oeGdkQlha66nUXFQG","privKey":"QH7B/fhtLHcxi34K+39VzBiQcGABmqBDKfWh69s9n3Y="},"lastRemoteEphemeralKey":"BVDsWNzmHdNhnYOewTSfnTerLuFx9EFj5sw37YsJc5lH","previousCounter":0,"rootKey":"JMusDUjjbYph/qK0tk4IQbUyxbGd+ey+gZzdvsOxo7o="},"indexInfo":{"baseKey":"BQD0EBFG1piiKns+/6dDCfjnuFQjp/t5JMUpdldo5/96","baseKeyType":1,"closed":1748354271016,"used":1748351974979,"created":1748351974979,"remoteIdentityKey":"BZmB2AyABeWi4hvZKfoKzxlAntRF160sTzXE+9MfIbho"},"_chains":{"BdIY/o5S3tj7I5EUJaUbrKmcBA4oeGdkQlha66nUXFQG":{"chainKey":{"counter":0,"key":"XsGHzI0oQrOoAgPRtco+RLr6ZpTswDUsAJtRfSQbc8M="},"chainType":1,"messageKeys":{}}},"pendingPreKey":{"signedKeyId":1,"baseKey":"BQD0EBFG1piiKns+/6dDCfjnuFQjp/t5JMUpdldo5/96","preKeyId":13105976}},"BYV/osh8s+AauXfnrXadsor1oNz9Iwx0Ej3Sjlaz4EUs":{"registrationId":1163558616,"currentRatchet":{"ephemeralKeyPair":{"pubKey":"BUG3PGqyqtYdPUHXb0YJECI5FSNISNjINnZURvscovlU","privKey":"sHRhkvdOTk1n4bl6dS2oH6qLU4UH68iKenJbb5/cbnI="},"lastRemoteEphemeralKey":"BbrTCqKMtbAx2vsDHO8XI5VVAYrYAjAwDvpbzc2SBk0h","previousCounter":0,"rootKey":"EpeC+44yBCKd/nSd5F7tji4lQkrduiaqb4gTh5Nq/Xk="},"indexInfo":{"baseKey":"BYV/osh8s+AauXfnrXadsor1oNz9Iwx0Ej3Sjlaz4EUs","baseKeyType":2,"closed":-1,"used":1748354271042,"created":1748354271042,"remoteIdentityKey":"BZmB2AyABeWi4hvZKfoKzxlAntRF160sTzXE+9MfIbho"},"_chains":{"BbrTCqKMtbAx2vsDHO8XI5VVAYrYAjAwDvpbzc2SBk0h":{"chainKey":{"counter":0,"key":"nVsVSzoKBMpdKNiGWOYpaVLVLzVUf2dQSfILp5Cm5xk="},"chainType":2,"messageKeys":{}},"BUG3PGqyqtYdPUHXb0YJECI5FSNISNjINnZURvscovlU":{"chainKey":{"counter":-1,"key":"VYkoH6aMThVt2UPHKyjdtq+OBspZPnaLGmfpgQTfBk4="},"chainType":1,"messageKeys":{}}}}},"version":"v1"}