{"_sessions":{"BZ+XUtx3mn5bkTTUCACMKbpE4PJyBEtPFO+7c0ZRrNtb":{"registrationId":1275284269,"currentRatchet":{"ephemeralKeyPair":{"pubKey":"BXlV6eiyYH2gBNqH3fy+AWhmkPkjvwUGL/yZ55aGXY8g","privKey":"OHzlSfm53vSD6Jq0s9UKDE5uuPDGRBUHCJ2RkLI0CGA="},"lastRemoteEphemeralKey":"Bfx1GuF/o8p878ZT18rnbTXaDcCrH5u0lXD4WIIJnHh+","previousCounter":0,"rootKey":"Cq5kOrm9IYjZEjpHB/fFmPOslXtlr/6A8fm6yW+o/Mw="},"indexInfo":{"baseKey":"BZ+XUtx3mn5bkTTUCACMKbpE4PJyBEtPFO+7c0ZRrNtb","baseKeyType":1,"closed":-1,"used":1748354360404,"created":1748354360404,"remoteIdentityKey":"BS9DLEh5lb5cJ+o29Td8gLvAMGINCSqzSdM04U0Pzwtp"},"_chains":{"BXlV6eiyYH2gBNqH3fy+AWhmkPkjvwUGL/yZ55aGXY8g":{"chainKey":{"counter":0,"key":"OrudhoR9m1/BkHv8oCRz4tqsuwpLPKmJIGelQ3XL12w="},"chainType":1,"messageKeys":{}}},"pendingPreKey":{"signedKeyId":2,"baseKey":"BZ+XUtx3mn5bkTTUCACMKbpE4PJyBEtPFO+7c0ZRrNtb","preKeyId":1202025}}},"version":"v1"}