{"_sessions":{"BSf53IzO4zoYGx6V8q5GBrYxHXoaVpjamVkKdvH9r20N":{"registrationId":638705417,"currentRatchet":{"ephemeralKeyPair":{"pubKey":"BXnG6qHRq/yR7A3BL63suz1BboapnNbPxerK9ebWhbZV","privKey":"sJFTVv66QgzbEMNOmzGH/2HBr2leAvxomzbA7GZFzUI="},"lastRemoteEphemeralKey":"Bb9Rhp0E8Wp/Uqji+48IVsXUJtKbsWQkYNommWi+JFo1","previousCounter":0,"rootKey":"PotigiopXfOTIn2scn1zMlTphoNqqkMKAPMri/6osWQ="},"indexInfo":{"baseKey":"BSf53IzO4zoYGx6V8q5GBrYxHXoaVpjamVkKdvH9r20N","baseKeyType":1,"closed":-1,"used":1748354351248,"created":1748354351248,"remoteIdentityKey":"BZQ+13I6LmepJPASn0TNvx9FJB1qerojqAvtykL5j3EG"},"_chains":{"BXnG6qHRq/yR7A3BL63suz1BboapnNbPxerK9ebWhbZV":{"chainKey":{"counter":0,"key":"72tlv/uAZ7hQB/jfN37NoAk6946w8ghmbx7HJHDdKOk="},"chainType":1,"messageKeys":{}}},"pendingPreKey":{"signedKeyId":15,"baseKey":"BSf53IzO4zoYGx6V8q5GBrYxHXoaVpjamVkKdvH9r20N"}}},"version":"v1"}