{"_sessions":{"BVO5NqspaXxNj2G7Ce+mBHmkPd3YEnNFNJj0qPiDUHt2":{"registrationId":27386131,"currentRatchet":{"ephemeralKeyPair":{"pubKey":"Bck6GbsUM8o5QeBg9g88vSA+bKvmaX2KJKMKIA1TinYO","privKey":"8FvNIVyg96BfhwKwePNXxf4LtgEggmymVi/Mujdp/3o="},"lastRemoteEphemeralKey":"BQh5qbqFaso/0FzzrWAFnQNahkEy80EhmsRIYabibykG","previousCounter":0,"rootKey":"XdZNjqOJym2UZbIyqQTNL1Pkmv8/LJcxlQ/zud4Rj5k="},"indexInfo":{"baseKey":"BVO5NqspaXxNj2G7Ce+mBHmkPd3YEnNFNJj0qPiDUHt2","baseKeyType":1,"closed":-1,"used":1748354355112,"created":1748354355112,"remoteIdentityKey":"BUSIbDS0DoVRqxtl9Yt63mZTNTY3HORjd1Hg+jlV9Atx"},"_chains":{"Bck6GbsUM8o5QeBg9g88vSA+bKvmaX2KJKMKIA1TinYO":{"chainKey":{"counter":0,"key":"dnzRfdPllTEHlbq0AMCpHvXYl9X/JZnjTNwtEfuV6fI="},"chainType":1,"messageKeys":{}}},"pendingPreKey":{"signedKeyId":8,"baseKey":"BVO5NqspaXxNj2G7Ce+mBHmkPd3YEnNFNJj0qPiDUHt2","preKeyId":7812674}}},"version":"v1"}