{"_sessions":{"BSgB1c5i6RvL8wQB74PP7cI//FZYt9NDDqDQyuvB2Xxi":{"registrationId":1649173348,"currentRatchet":{"ephemeralKeyPair":{"pubKey":"BYwB4htkvWMDSH899Zq83ILnNTZyRoxIC0yI6T9vQcdr","privKey":"sFaswldvnrCaLCFIg4XVmUtDG8IQDtQ8aHvtOsPAtE4="},"lastRemoteEphemeralKey":"BSAMn1Q/XiF+vPx4wLCa6ZT/Q+T5kBL5u8BLLwh1KbBJ","previousCounter":0,"rootKey":"ljQWkifGEMsAzX0eU8yowVJfyeh0yo2YripJZnqMykA="},"indexInfo":{"baseKey":"BSgB1c5i6RvL8wQB74PP7cI//FZYt9NDDqDQyuvB2Xxi","baseKeyType":1,"closed":-1,"used":1748354360519,"created":1748354360519,"remoteIdentityKey":"BdObH0B94xqId8GkgIgIlyLyct46BPNfk3I5ZOi2TsQ5"},"_chains":{"BYwB4htkvWMDSH899Zq83ILnNTZyRoxIC0yI6T9vQcdr":{"chainKey":{"counter":0,"key":"AChFmEa+oXFNQ2r1nbWqsjxSKkUrIzZRREIIPrBzxXY="},"chainType":1,"messageKeys":{}}},"pendingPreKey":{"signedKeyId":0,"baseKey":"BSgB1c5i6RvL8wQB74PP7cI//FZYt9NDDqDQyuvB2Xxi","preKeyId":6819214}}},"version":"v1"}