{"_sessions":{"BYkq7BEPAQTVLdSTrAuIUBOAxTJM0syPYEiK05aC6q0s":{"registrationId":1444000901,"currentRatchet":{"ephemeralKeyPair":{"pubKey":"BVwQU8DUbj1wyNp+8k449eDC4PU8FGea17f+wnx4p44S","privKey":"cCWHMgjgII5LHAQOfD3Weopg5qiM+V9+J06TOrYck0c="},"lastRemoteEphemeralKey":"BcLC4Bg5h/Y/RI1bOpxrQC9r+FQp56cG7m8+aXAn34xg","previousCounter":0,"rootKey":"J+XvxQiS/HDuVpL1X4jVNWWbCl9V6xqzZnET+gqLaj4="},"indexInfo":{"baseKey":"BYkq7BEPAQTVLdSTrAuIUBOAxTJM0syPYEiK05aC6q0s","baseKeyType":1,"closed":-1,"used":1748354355296,"created":1748354355296,"remoteIdentityKey":"BXHM61eO+oHtopLr9NQyobTaLO0UvBKab8bXnPvso2dC"},"_chains":{"BVwQU8DUbj1wyNp+8k449eDC4PU8FGea17f+wnx4p44S":{"chainKey":{"counter":0,"key":"9a5Dyq2YCusTcaMkmU01Ek4zoVStHlujZnTeaQ0kZGY="},"chainType":1,"messageKeys":{}}},"pendingPreKey":{"signedKeyId":11,"baseKey":"BYkq7BEPAQTVLdSTrAuIUBOAxTJM0syPYEiK05aC6q0s","preKeyId":14016065}}},"version":"v1"}