{"_sessions":{"Bdvvv7KxLdKkjFG2UgXYd0tavVP1wQqb3vrpM3jITYdH":{"registrationId":1107372279,"currentRatchet":{"ephemeralKeyPair":{"pubKey":"BZTA09YpiLTTD7VqIn7cXS1Os6QlC1SyDoz3DMWd3RNl","privKey":"WFhTzoAdcpm8vKh3ry9Tn4v9eTvnJJNUZwQWqC3d6Xs="},"lastRemoteEphemeralKey":"BZvHQBl2SnhEHtFyBq6OTzQqhbIP46TW1YgEpcMsdIYr","previousCounter":0,"rootKey":"bxMYuNsRGY8LZHAZ6XafeToelmxerxQsjdh2SZlhYh0="},"indexInfo":{"baseKey":"Bdvvv7KxLdKkjFG2UgXYd0tavVP1wQqb3vrpM3jITYdH","baseKeyType":1,"closed":-1,"used":1748354351787,"created":1748354351787,"remoteIdentityKey":"Bdy4YP6uE9uy4jYN9qRrk7D6b6WqgdALQ9Aj0tfZoys9"},"_chains":{"BZTA09YpiLTTD7VqIn7cXS1Os6QlC1SyDoz3DMWd3RNl":{"chainKey":{"counter":0,"key":"gHMW+/ARbMNlj2Lp6kX/GVUnoipfrwR4eLYfTtGLn6A="},"chainType":1,"messageKeys":{}}},"pendingPreKey":{"signedKeyId":6,"baseKey":"Bdvvv7KxLdKkjFG2UgXYd0tavVP1wQqb3vrpM3jITYdH","preKeyId":8558545}}},"version":"v1"}