{"_sessions":{"Bca9PGT8Bl7YRvhAwIIyPRTRN+UoUQmuruPh8rg9rBFy":{"registrationId":876251200,"currentRatchet":{"ephemeralKeyPair":{"pubKey":"Bdj51omPFgFJmbj+wHNbqAO8kHR82MB4ODfEXqDhmOkT","privKey":"iGvZtiPuebWSsqhfQU/qH53l3omckwQzkkk0Z59bu2E="},"lastRemoteEphemeralKey":"BZl6ZwENE3Udpb89sbdzo9j7WtN14frvsdUIpXzUDPRb","previousCounter":0,"rootKey":"V6PXeBDl89aCBhsdWOKU8uvMxWl0AiCqAbHVdCJBw9A="},"indexInfo":{"baseKey":"Bca9PGT8Bl7YRvhAwIIyPRTRN+UoUQmuruPh8rg9rBFy","baseKeyType":1,"closed":-1,"used":1748354354693,"created":1748354354693,"remoteIdentityKey":"Be7lcHCmOin7h3+xaiKxlmmi617nFmtpUOQ9OBkaL3sC"},"_chains":{"Bdj51omPFgFJmbj+wHNbqAO8kHR82MB4ODfEXqDhmOkT":{"chainKey":{"counter":0,"key":"qPihvZYodLaPdGYKfiD1QkyPeGS3ug1GpsBGF5yNbos="},"chainType":1,"messageKeys":{}}},"pendingPreKey":{"signedKeyId":6,"baseKey":"Bca9PGT8Bl7YRvhAwIIyPRTRN+UoUQmuruPh8rg9rBFy","preKeyId":16738997}}},"version":"v1"}