{"_sessions":{"Bcay+ZAhC6NthW53jjRh4F06lPBna/0fQgkSToovtyRm":{"registrationId":309270725,"currentRatchet":{"ephemeralKeyPair":{"pubKey":"BR5I3AzoWgHOWBHtlG/iV9/oBKbkiFzBe9EGqEVmlY4D","privKey":"gA5bgFqSMd8J/c2aVRhw43dzzuxe1VLA2tu5n7pHs3o="},"lastRemoteEphemeralKey":"BZa5/TVdHs5VLGXmDD5hcpbalr1Ro0Ng6an0+URmF0U+","previousCounter":1,"rootKey":"YQBsccdb3iR8bxlmOm2IdXSJ/sIJG5c/y7V0vQJNF3Q="},"indexInfo":{"baseKey":"Bcay+ZAhC6NthW53jjRh4F06lPBna/0fQgkSToovtyRm","baseKeyType":1,"closed":-1,"used":1748351225257,"created":1748348748185,"remoteIdentityKey":"BX3bWx8FHsG44FJXLFzlt6PuRxscVYyaMuwzQcHBZS19"},"_chains":{"BZa5/TVdHs5VLGXmDD5hcpbalr1Ro0Ng6an0+URmF0U+":{"chainKey":{"counter":0,"key":"ZofhnPjRCfyWeJr1tXEy2m1yscyNWN6nZBwXUnKLsDk="},"chainType":2,"messageKeys":{}},"BR5I3AzoWgHOWBHtlG/iV9/oBKbkiFzBe9EGqEVmlY4D":{"chainKey":{"counter":-1,"key":"TU6DDxB9VmQ4XXXqYYv5LbM6GhUGVbg6fkcH2qoUlCw="},"chainType":1,"messageKeys":{}}}}},"version":"v1"}