{"_sessions":{"Bc/1003P6JhmcdK0o7ob9NuLkwrEwSKS5Cz4qlKTvycT":{"registrationId":1142280344,"currentRatchet":{"ephemeralKeyPair":{"pubKey":"BZKrFk5LA1mIdqDLNT2d1MHCSJZGGSwfZmCorps1FW1v","privKey":"+EU3uCb67YNHWOme9QsJv542KK7GRhtTVXHIWsXCfnQ="},"lastRemoteEphemeralKey":"BZ7EuGZuSkiLjb7jlH1oddbXYucZAYgyKHl9T2AVOr8g","previousCounter":0,"rootKey":"7AoxzFxLrdsYqnCXJrk/xlZAKCIpKMHKF0xm0BzLLG8="},"indexInfo":{"baseKey":"Bc/1003P6JhmcdK0o7ob9NuLkwrEwSKS5Cz4qlKTvycT","baseKeyType":1,"closed":-1,"used":1748354351528,"created":1748354351528,"remoteIdentityKey":"BRAjz3GEaTbiG2LT6iHbeh48vpYcZiZ8dqimD7xUw3Uf"},"_chains":{"BZKrFk5LA1mIdqDLNT2d1MHCSJZGGSwfZmCorps1FW1v":{"chainKey":{"counter":0,"key":"sDwf/x+Q/kuHKanp8t8zIqHI1KPd9wKR7aM5ysxVUWg="},"chainType":1,"messageKeys":{}}},"pendingPreKey":{"signedKeyId":2,"baseKey":"Bc/1003P6JhmcdK0o7ob9NuLkwrEwSKS5Cz4qlKTvycT","preKeyId":6304625}}},"version":"v1"}