{"_sessions":{"BXmYuyxa6Ebw6FghSAt0Z27sWL1wGyMlLJzuM5elZ7hy":{"registrationId":1355903408,"currentRatchet":{"ephemeralKeyPair":{"pubKey":"BYjXY+E5barFgeQLUFg3C1DPXenoOoFx0HtQzfntAjAl","privKey":"AE0hoDTc8RooIPD3BUkGx4d3iQZEmvKJDjhg+V7NWFA="},"lastRemoteEphemeralKey":"BbVqZTFsdlQCK+YU6TI/gxcqD/qgwQK4lu4RKgMLdZl5","previousCounter":0,"rootKey":"oNQHsfKISsDLp8BofZzCdeIba4hL6/fO/Yk0Yjvbz4c="},"indexInfo":{"baseKey":"BXmYuyxa6Ebw6FghSAt0Z27sWL1wGyMlLJzuM5elZ7hy","baseKeyType":1,"closed":-1,"used":1748354351581,"created":1748354351581,"remoteIdentityKey":"BQ7ZgH/tBnzpnhO1XG5O2vme5kJ9hkJPFb1Xwv5OeeQd"},"_chains":{"BYjXY+E5barFgeQLUFg3C1DPXenoOoFx0HtQzfntAjAl":{"chainKey":{"counter":0,"key":"/ZmNNUCKASfrnwykrZNYbcRpIKNURZBnmbykfIYwLgU="},"chainType":1,"messageKeys":{}}},"pendingPreKey":{"signedKeyId":0,"baseKey":"BXmYuyxa6Ebw6FghSAt0Z27sWL1wGyMlLJzuM5elZ7hy","preKeyId":16535604}}},"version":"v1"}