{"_sessions":{"BXw1l+zfwFE9bPXKLzOzyhqzWkyNA7qdJmxUi0wJYvYU":{"registrationId":1210903297,"currentRatchet":{"ephemeralKeyPair":{"pubKey":"BQOkIWse+Slt94tupZFwMmrx/Jo2LGKHnygCEuPNVGIE","privKey":"mBxo5ii97iZdqeDEmYnOYfcfz4VOEbKDPtO+jSo3wlk="},"lastRemoteEphemeralKey":"BdAJiSPh568CrjvJkaaMYxWa+itOaF12NAbaZcsK2FMK","previousCounter":0,"rootKey":"vLmW4x5/5AJvJUOL/3rLXG/kQzGU6j4nggoTtonw7Ug="},"indexInfo":{"baseKey":"BXw1l+zfwFE9bPXKLzOzyhqzWkyNA7qdJmxUi0wJYvYU","baseKeyType":1,"closed":-1,"used":1748354358233,"created":1748354358233,"remoteIdentityKey":"BcigsWirOuB0zYLixNAX5qAA4RNWMJ0Qkucp1FJ0RDo8"},"_chains":{"BQOkIWse+Slt94tupZFwMmrx/Jo2LGKHnygCEuPNVGIE":{"chainKey":{"counter":0,"key":"pnJne3PwXr8WvwmhpVr4+YH/Swg++VQKF/L+Az/G53c="},"chainType":1,"messageKeys":{}}},"pendingPreKey":{"signedKeyId":13,"baseKey":"BXw1l+zfwFE9bPXKLzOzyhqzWkyNA7qdJmxUi0wJYvYU","preKeyId":7754338}}},"version":"v1"}