{"_sessions":{"BVXlz77dDKPJm2wda4Z9nR+del8fjD5pIhYH7j5lFcAs":{"registrationId":1844451156,"currentRatchet":{"ephemeralKeyPair":{"pubKey":"BRiB2tjZnFZuwhTWxUHKVJb7GPnk70qzta2rlrmfm8Ep","privKey":"6N3lyaM0hmRuUwFgGnMTDoeVbOrkTMZIG5zEnMBFFWw="},"lastRemoteEphemeralKey":"Be1TseI1hD3or2wlmhhIAND56ev2sIoF7OdeIF3Kh39S","previousCounter":0,"rootKey":"IqmqmDyzuFdFTaZJDGk4W4BwXzJIRr4/NPjU7izAijk="},"indexInfo":{"baseKey":"BVXlz77dDKPJm2wda4Z9nR+del8fjD5pIhYH7j5lFcAs","baseKeyType":1,"closed":-1,"used":1748354351058,"created":1748354351058,"remoteIdentityKey":"BTfPMDcLngH9/CCd4BSHhD7BF4UBuCMRaVcwh5UR4nUo"},"_chains":{"BRiB2tjZnFZuwhTWxUHKVJb7GPnk70qzta2rlrmfm8Ep":{"chainKey":{"counter":0,"key":"kEXFi6neFtWbqIZ8vbtmnU8wMokGVNobBzt27vS/S8E="},"chainType":1,"messageKeys":{}}},"pendingPreKey":{"signedKeyId":0,"baseKey":"BVXlz77dDKPJm2wda4Z9nR+del8fjD5pIhYH7j5lFcAs","preKeyId":16462136}}},"version":"v1"}