{"_sessions":{"BU6O51ueAFxGINMZup9cjQeA54aiwqE7NtFjSHKOMrRa":{"registrationId":223680290,"currentRatchet":{"ephemeralKeyPair":{"pubKey":"BbQ1QLwAwypV4xvrw6zmdSiqRdnYUF7fh5rEyJQdgNVt","privKey":"mN760Iye4bjupX3YLimTHy6uT+phh7UWlZnNrk9ZrH4="},"lastRemoteEphemeralKey":"BRuK6ztdXRewFAqtCtxxoxs9TKTlhg3bIdhpTgzuNMgK","previousCounter":0,"rootKey":"mIzfWY1GPKkHwj4JbjbziP3tAxgmD+5yBDsi2Iys7ys="},"indexInfo":{"baseKey":"BU6O51ueAFxGINMZup9cjQeA54aiwqE7NtFjSHKOMrRa","baseKeyType":1,"closed":-1,"used":1748354347702,"created":1748354347702,"remoteIdentityKey":"BREuJyi7AiKqedDnr0eSCHJcrrk8qVHnwntbjo0A7m0q"},"_chains":{"BbQ1QLwAwypV4xvrw6zmdSiqRdnYUF7fh5rEyJQdgNVt":{"chainKey":{"counter":0,"key":"fndQp/mbaE/GQ2PZdEI7OfLc5ujLOdecFyBfIHZMe7U="},"chainType":1,"messageKeys":{}}},"pendingPreKey":{"signedKeyId":79,"baseKey":"BU6O51ueAFxGINMZup9cjQeA54aiwqE7NtFjSHKOMrRa","preKeyId":2299094}}},"version":"v1"}