{"_sessions":{"BbRK2IhhxXpzmMGFpxftMxk46Qs6vBlYoPASyHCAqzBp":{"registrationId":1975347982,"currentRatchet":{"ephemeralKeyPair":{"pubKey":"BXQluBob/7/nx33lSNo2rvfDbz2MchBtew8V4/KjISBm","privKey":"qCeZX/4Gqe8lQ3l3NtZKYImAH/Pjs0Kfkzr7TZZop1M="},"lastRemoteEphemeralKey":"Bb3OyF9SjeNZRNfyDTbps07xiXYbLv6SEhp1Wju+kSIa","previousCounter":0,"rootKey":"UAHdQDyO2GG5XfsOxkdg+tuHSenBqH912u2bv6pDBJ0="},"indexInfo":{"baseKey":"BbRK2IhhxXpzmMGFpxftMxk46Qs6vBlYoPASyHCAqzBp","baseKeyType":1,"closed":-1,"used":1748354347359,"created":1748354347359,"remoteIdentityKey":"BWZTSTPwxu3m3kIEkW5YYV+AFgwLHuCw1x6XvMabY2Iz"},"_chains":{"BXQluBob/7/nx33lSNo2rvfDbz2MchBtew8V4/KjISBm":{"chainKey":{"counter":0,"key":"xvL3FDIv87czmXs8yed2y4X1576GT7o3jjs5xs+Tfrc="},"chainType":1,"messageKeys":{}}},"pendingPreKey":{"signedKeyId":1,"baseKey":"BbRK2IhhxXpzmMGFpxftMxk46Qs6vBlYoPASyHCAqzBp"}}},"version":"v1"}