{"_sessions":{"Bbi3A9irluh33hiPElHGFd/2jVi2E+1EuTNQEFMBcW81":{"registrationId":481584396,"currentRatchet":{"ephemeralKeyPair":{"pubKey":"Bd7Yd5ALfrWxKMOqOkxoxBDEKS0gJJgWcYRBsYM2kMkJ","privKey":"QCOCtEd5mTTBuBBmo1bBZNQCN8T3VNKG3IG651MvU3I="},"lastRemoteEphemeralKey":"BSa8GohuJeTxDY+nRt6GoSk9/iWAhwLosSZ/5W5Aohk/","previousCounter":0,"rootKey":"DIhC8/h+pzvLc0mBGG6PgTDnu6t0Al2vYUs/p8sPumM="},"indexInfo":{"baseKey":"Bbi3A9irluh33hiPElHGFd/2jVi2E+1EuTNQEFMBcW81","baseKeyType":1,"closed":-1,"used":1748354351451,"created":1748354351451,"remoteIdentityKey":"BS0I+/iTw3ofL/LRQ1IWK+8fIlQGqKkEh87S0l65kPNC"},"_chains":{"Bd7Yd5ALfrWxKMOqOkxoxBDEKS0gJJgWcYRBsYM2kMkJ":{"chainKey":{"counter":0,"key":"pUf+ILhj7adK1DdadxhhIMgs2QzNnzqkCIDyV262xtE="},"chainType":1,"messageKeys":{}}},"pendingPreKey":{"signedKeyId":10322931,"baseKey":"Bbi3A9irluh33hiPElHGFd/2jVi2E+1EuTNQEFMBcW81"}}},"version":"v1"}