{"_sessions":{"BeIf7ZKvIsqgfbUNHITRfEeiWWcgHtvtah91p8Do/X8t":{"registrationId":1317178529,"currentRatchet":{"ephemeralKeyPair":{"pubKey":"BZVtHHX/SwzaBCI2qUPTTqtRzALwtpqpqaZ62KTBcE8Q","privKey":"aD/hM+2Wd1K/Jwz0ChJqeaMs6aryp9LzPjIcSIYDXWQ="},"lastRemoteEphemeralKey":"BSlKVXKmEXNE4962R6bmZKXgE6SDKUpm7vd8rYEKNcMO","previousCounter":0,"rootKey":"F+HV+7tpMAZstLQptyX4mHK+SqZ4rvMjf2nNDuWLUt8="},"indexInfo":{"baseKey":"BeIf7ZKvIsqgfbUNHITRfEeiWWcgHtvtah91p8Do/X8t","baseKeyType":1,"closed":-1,"used":1748354360710,"created":1748354360710,"remoteIdentityKey":"Beb8UOQ8KcwRed//y2R90VrdNaFWWcEQicCkJcV4rlsV"},"_chains":{"BZVtHHX/SwzaBCI2qUPTTqtRzALwtpqpqaZ62KTBcE8Q":{"chainKey":{"counter":0,"key":"VP22eEzbzdyvCq2wZMi3ewa2kEqvnHJ+HFCtK0+HM2Q="},"chainType":1,"messageKeys":{}}},"pendingPreKey":{"signedKeyId":1,"baseKey":"BeIf7ZKvIsqgfbUNHITRfEeiWWcgHtvtah91p8Do/X8t","preKeyId":10511653}}},"version":"v1"}