{"_sessions":{"BeejuPC2sJ/WaCGPkeiMNoHCtYfFt5Y6ogM7b1ymPXUe":{"registrationId":69290379,"currentRatchet":{"ephemeralKeyPair":{"pubKey":"BTaHpFPpoPMEGeMNIj+BqTa7Ube+jaTjrBlQKwn3jg4r","privKey":"gLBx/UbvypJnDODZqyt0N9BNQ27jZSupa7/Qf9xZrmM="},"lastRemoteEphemeralKey":"BR0Owx3kpxmYFOqPTWNDEdTc8kk8WOtk8lYkBW7PqFws","previousCounter":0,"rootKey":"bb51Bd42XBkGNvNaa4T8iqfwyKkQOj1KcWwol0FfOL0="},"indexInfo":{"baseKey":"BeejuPC2sJ/WaCGPkeiMNoHCtYfFt5Y6ogM7b1ymPXUe","baseKeyType":1,"closed":-1,"used":1748354355314,"created":1748354355314,"remoteIdentityKey":"BdiEx5c8UnKRDcwXg5LelR2ZfQ/ryp9+Rcn1FkWtzwEh"},"_chains":{"BTaHpFPpoPMEGeMNIj+BqTa7Ube+jaTjrBlQKwn3jg4r":{"chainKey":{"counter":0,"key":"+OPQpzF5aqYe2MpCUQVwgqd4lC4a75ujYLtQrQtzTe4="},"chainType":1,"messageKeys":{}}},"pendingPreKey":{"signedKeyId":0,"baseKey":"BeejuPC2sJ/WaCGPkeiMNoHCtYfFt5Y6ogM7b1ymPXUe","preKeyId":13522440}}},"version":"v1"}