{"_sessions":{"BXIXWSxmfp2IG0yy6h71Hoffk6H3T0zQvjMldLJsK9MH":{"registrationId":1704191654,"currentRatchet":{"ephemeralKeyPair":{"pubKey":"BcHJuh3Dg86H8cLzpz1ea4LHNL0IS4p2q3s8HaLXGsAK","privKey":"QFcjD569y4x2ijmLCWWUUfSh69UWcDjpIRLmaiFQalw="},"lastRemoteEphemeralKey":"Bbgsl8mgH+9/8UQR/eu2BsTbtrIN2ptl4TU34y+6JX9a","previousCounter":0,"rootKey":"lk16blaT/tKqrwQAYxBnvwcOFdJceJ0iMPoMo/iRtMM="},"indexInfo":{"baseKey":"BXIXWSxmfp2IG0yy6h71Hoffk6H3T0zQvjMldLJsK9MH","baseKeyType":1,"closed":-1,"used":1748354358297,"created":1748354358297,"remoteIdentityKey":"BZ9yoJfVLaMLxvjKxQ4Vuy8igxR4GajPjANdLa75yBRN"},"_chains":{"BcHJuh3Dg86H8cLzpz1ea4LHNL0IS4p2q3s8HaLXGsAK":{"chainKey":{"counter":0,"key":"gtDpx4rporrnvalsqxn4rjYhUAcQTB/HOQByh4mxhu8="},"chainType":1,"messageKeys":{}}},"pendingPreKey":{"signedKeyId":0,"baseKey":"BXIXWSxmfp2IG0yy6h71Hoffk6H3T0zQvjMldLJsK9MH","preKeyId":5316617}}},"version":"v1"}