{"_sessions":{"BfeDUGKaOdURP+6ABs/q6oCM+4Di2zK7bjTrumxku6Rb":{"registrationId":1843107534,"currentRatchet":{"ephemeralKeyPair":{"pubKey":"BX+kknOqfhBk/iQjUSVQcmvkgG0wKWKmQwz/xJpAClJl","privKey":"OOFTdURWpIW3uUKeh9kTolvMTiuUnh7m9POcFEt5XVI="},"lastRemoteEphemeralKey":"BXzHG86iIpOwo4Y2m9/MFoRNQT3pShnL5J5ZXHXRhN0S","previousCounter":0,"rootKey":"0c0EvuRCIROpe02Ax+qNXFN4E3XBtsSMpW7xq1kj7KA="},"indexInfo":{"baseKey":"BfeDUGKaOdURP+6ABs/q6oCM+4Di2zK7bjTrumxku6Rb","baseKeyType":1,"closed":-1,"used":1748354351797,"created":1748354351797,"remoteIdentityKey":"BSdxGcvMYa8u3l+sPoh/ytrsLqxTUBfSbaN+Cy1DqclS"},"_chains":{"BX+kknOqfhBk/iQjUSVQcmvkgG0wKWKmQwz/xJpAClJl":{"chainKey":{"counter":0,"key":"4xib8NMSB2ZhrTsBGxmFg1fkntrMNfg5yHs7G1o1Uss="},"chainType":1,"messageKeys":{}}},"pendingPreKey":{"signedKeyId":4,"baseKey":"BfeDUGKaOdURP+6ABs/q6oCM+4Di2zK7bjTrumxku6Rb","preKeyId":5789597}}},"version":"v1"}