{"_sessions":{"BW26ntK36IXUSAFgiIQbmZcUqxGz/ondW29Bj1P7TZNR":{"registrationId":1819713356,"currentRatchet":{"ephemeralKeyPair":{"pubKey":"BaRjIvS9+YJe+UIuHmlPJRaETRXbL5j4k11TaKz4vlVv","privKey":"kEWIXop9GWNOGKyCpDUboSo8TG8ztA+3ktg02krcbEo="},"lastRemoteEphemeralKey":"BTDDXqNlWPlH3zzfvHABF9pXj4oZNK+k+419eP1aLzpX","previousCounter":0,"rootKey":"O9o7O5YjLFDyUZjgdTYUCHUzG3Q2f04dXCoILunSkyI="},"indexInfo":{"baseKey":"BW26ntK36IXUSAFgiIQbmZcUqxGz/ondW29Bj1P7TZNR","baseKeyType":1,"closed":-1,"used":1748354360609,"created":1748354360609,"remoteIdentityKey":"BRR3kx1Rs5H90sHvMPHP8oqfJEZyT/SKsPKMSrxShNMW"},"_chains":{"BaRjIvS9+YJe+UIuHmlPJRaETRXbL5j4k11TaKz4vlVv":{"chainKey":{"counter":0,"key":"+7ZmZVO9FkA9vjnIniC/cNtg5rYRcAdVcpjv2a594Mg="},"chainType":1,"messageKeys":{}}},"pendingPreKey":{"signedKeyId":3,"baseKey":"BW26ntK36IXUSAFgiIQbmZcUqxGz/ondW29Bj1P7TZNR","preKeyId":16724617}}},"version":"v1"}