{"_sessions":{"BfC91t5E1aEbmOQ2eRO+QThu75PWDWdHWOEFpO4E6WBB":{"registrationId":1438087815,"currentRatchet":{"ephemeralKeyPair":{"pubKey":"BTHSGi0N0qEjm/A1S/17ynIN05uVY8iDW9KCsaEdK3Rx","privKey":"KBKic7CsPDaPZH4oiMhOFsJHv9FIjVvsjpGsGW2EJ2A="},"lastRemoteEphemeralKey":"BRMckxUzXu6l4t5BSAJw06P3O5lq0ZofZBJxrSj/A2YE","previousCounter":0,"rootKey":"Aevins6GKPNAQrjqgLeSsLxMj170K75vx3Se27m6UOU="},"indexInfo":{"baseKey":"BfC91t5E1aEbmOQ2eRO+QThu75PWDWdHWOEFpO4E6WBB","baseKeyType":1,"closed":-1,"used":1748354347877,"created":1748354347877,"remoteIdentityKey":"BeNfIQOoyR/Ht9sXQ4tUBNRv7TAUz7qc96FM8S0inJ8A"},"_chains":{"BTHSGi0N0qEjm/A1S/17ynIN05uVY8iDW9KCsaEdK3Rx":{"chainKey":{"counter":0,"key":"4uiWoyOqw9KwDsj2qo1SqSKJvy3CGyZxdf/rJwc3Ydg="},"chainType":1,"messageKeys":{}}},"pendingPreKey":{"signedKeyId":1,"baseKey":"BfC91t5E1aEbmOQ2eRO+QThu75PWDWdHWOEFpO4E6WBB","preKeyId":429236}}},"version":"v1"}