{"_sessions":{"BThxg7HbUtiDQZbojc4DPVxYYz0UYq4twcHs6HT+ez1s":{"registrationId":1860305191,"currentRatchet":{"ephemeralKeyPair":{"pubKey":"BRXhdJVMan+PdsY95lHvNiy9EP1e6DHnkGAIVTYV9IUv","privKey":"eMxEzTDV4DefYeM+X1n6ARn0R5Qh2HKSAKW9H2n8lns="},"lastRemoteEphemeralKey":"BWY0tC4ta86HCiR6Tdn/4iMrfyoV32lV0veWiz0+oRJ5","previousCounter":0,"rootKey":"51X2Uxu3zY7Uc0i3pYuZLUGQGG0XVv0OmMdSm6rTDus="},"indexInfo":{"baseKey":"BThxg7HbUtiDQZbojc4DPVxYYz0UYq4twcHs6HT+ez1s","baseKeyType":1,"closed":-1,"used":1748354358838,"created":1748354358838,"remoteIdentityKey":"BUv3LwJdQUGBveDoJN4ebgRcDt0NuN18gYGDYkOFkGNu"},"_chains":{"BRXhdJVMan+PdsY95lHvNiy9EP1e6DHnkGAIVTYV9IUv":{"chainKey":{"counter":0,"key":"ogg/rHbh6GB5xwQ57rOECZMEoRjvCK15X1cf5jsHsyY="},"chainType":1,"messageKeys":{}}},"pendingPreKey":{"signedKeyId":8,"baseKey":"BThxg7HbUtiDQZbojc4DPVxYYz0UYq4twcHs6HT+ez1s","preKeyId":4521226}}},"version":"v1"}