{"_sessions":{"BRBgPUzMP1LpKIEDsdpa6UgyIZ/eIFi+1PMk8AE+URUR":{"registrationId":1051488621,"currentRatchet":{"ephemeralKeyPair":{"pubKey":"Bbaw9vT1/5xCQuDnvEe3NnkcuYQjbykgSoLHmIz9UVNt","privKey":"kCk9g70+1Z2PFdtaQGvWKu3MXGQtjZCYODCmRaH5e3k="},"lastRemoteEphemeralKey":"BT7iUg4z+lb6YEqW4cMPsqiUErMpt6C/qObo2Kl196po","previousCounter":0,"rootKey":"VNtl4HhaMc+G8ZbW3QriM8be9cPs4hWja5RknVeVFwA="},"indexInfo":{"baseKey":"BRBgPUzMP1LpKIEDsdpa6UgyIZ/eIFi+1PMk8AE+URUR","baseKeyType":1,"closed":-1,"used":1748354358184,"created":1748354358184,"remoteIdentityKey":"BVK+ARDoC0FDOK+sJDlSHPmtWGkdMhx6ZQwptBLJLCkv"},"_chains":{"Bbaw9vT1/5xCQuDnvEe3NnkcuYQjbykgSoLHmIz9UVNt":{"chainKey":{"counter":0,"key":"rdfecGiBH2TKfg1c6PkLQEt2gY3/ch3QvN2DZqm3srE="},"chainType":1,"messageKeys":{}}},"pendingPreKey":{"signedKeyId":5,"baseKey":"BRBgPUzMP1LpKIEDsdpa6UgyIZ/eIFi+1PMk8AE+URUR","preKeyId":1643781}}},"version":"v1"}