{"_sessions":{"BTByo25fQywuj0v+I0kRbOMBRK3P6bX+N4W6cAMmrudl":{"registrationId":1824565934,"currentRatchet":{"ephemeralKeyPair":{"pubKey":"BQNJKF9TAef5hBfJcQUMi4xEALH9Y/07w4AyAl3iis4w","privKey":"QC51oJpL+nt8LtggFnKkAAgqIKU2MiVQtwdkF7aulUs="},"lastRemoteEphemeralKey":"BXEfLvXGH08giyZY91xj47S1IV3iy5tGrr5x53Xc0oV3","previousCounter":0,"rootKey":"yuVQNz+A84gPmO86GbowWIg/sMJ0maLOOI7lABJLM4I="},"indexInfo":{"baseKey":"BTByo25fQywuj0v+I0kRbOMBRK3P6bX+N4W6cAMmrudl","baseKeyType":1,"closed":-1,"used":1748354358415,"created":1748354358415,"remoteIdentityKey":"BchILCSPRsk+hV+S4pcHlM3EgFuyeUmmtAlgF2qg5sVG"},"_chains":{"BQNJKF9TAef5hBfJcQUMi4xEALH9Y/07w4AyAl3iis4w":{"chainKey":{"counter":0,"key":"ysL2a6XX91Jb0a9GVfcji8Cfn2kWF6rzuwEm+8bjTnA="},"chainType":1,"messageKeys":{}}},"pendingPreKey":{"signedKeyId":1,"baseKey":"BTByo25fQywuj0v+I0kRbOMBRK3P6bX+N4W6cAMmrudl","preKeyId":10135293}}},"version":"v1"}