{"_sessions":{"BdMTkdjLsgcPtyVF3O1SnNfS9EKFFX41J6xCMLWBW9p/":{"registrationId":412720281,"currentRatchet":{"ephemeralKeyPair":{"pubKey":"BY6Eau9LNmXPkVDy9EYe0EjimMyTALzBv4/FvuMWobRs","privKey":"iINGC2QtIf3wh5s3sFSyqi1pwaylDUCiNVHOyiDVnUU="},"lastRemoteEphemeralKey":"BbNgYroEvRi/7L9u/9iWOE12MP4y7ZSB1fZpQjtxl84x","previousCounter":0,"rootKey":"73VcIv1HOB3Uwy5eyJ1HTzg1QbSCnnbRC46OAevrVm4="},"indexInfo":{"baseKey":"BdMTkdjLsgcPtyVF3O1SnNfS9EKFFX41J6xCMLWBW9p/","baseKeyType":1,"closed":-1,"used":1748354358362,"created":1748354358362,"remoteIdentityKey":"BU6+NvA8u1TPE2jWObl/UCHmo8ew26j4grRQtpBlFMg9"},"_chains":{"BY6Eau9LNmXPkVDy9EYe0EjimMyTALzBv4/FvuMWobRs":{"chainKey":{"counter":0,"key":"lF4QUjWVDtJ0R/mHVZIZDzN3YyOFqe4VLh4Ct2ihSEw="},"chainType":1,"messageKeys":{}}},"pendingPreKey":{"signedKeyId":0,"baseKey":"BdMTkdjLsgcPtyVF3O1SnNfS9EKFFX41J6xCMLWBW9p/","preKeyId":15408959}}},"version":"v1"}