{"_sessions":{"BbjJsOnjTOmesjwaKA0CSXrAO7op0nm5Xxz7WYA3kfhy":{"registrationId":1797266497,"currentRatchet":{"ephemeralKeyPair":{"pubKey":"BeyM02uvnkDFMNmoljCoG4B9Dwv4SSDkwcfAqKLGNIws","privKey":"8M6DWT0Kybxa7z9YgEnk7ok238hJs4lkIFyt6w0QHmI="},"lastRemoteEphemeralKey":"BYM+1hxs6+9MdPFiiHIErlCOuRJwxzUJEkTsy3MAnl4Z","previousCounter":0,"rootKey":"3mJlUW034T/NaQfNaB4jvqDWDzVIGiPNA1HVFy3WATw="},"indexInfo":{"baseKey":"BbjJsOnjTOmesjwaKA0CSXrAO7op0nm5Xxz7WYA3kfhy","baseKeyType":1,"closed":-1,"used":1748354354648,"created":1748354354648,"remoteIdentityKey":"BS8Ivn2LEfJQ+hnVbwZwVvQ4dMdE6ZBprvzS1g9zLAhG"},"_chains":{"BeyM02uvnkDFMNmoljCoG4B9Dwv4SSDkwcfAqKLGNIws":{"chainKey":{"counter":0,"key":"YaNNQvj/uu50tMbhUWg9cnn5yjscm/CAg2a7vqti7Bw="},"chainType":1,"messageKeys":{}}},"pendingPreKey":{"signedKeyId":2,"baseKey":"BbjJsOnjTOmesjwaKA0CSXrAO7op0nm5Xxz7WYA3kfhy","preKeyId":12856282}}},"version":"v1"}