{"_sessions":{"BUda9pAFQOfF1dYYpUGeryXbCm9/iUBaI6SiJpgM5zI8":{"registrationId":530409686,"currentRatchet":{"ephemeralKeyPair":{"pubKey":"Bcqb7gRlHV8+i0q9BF42bJlseTKrqCyZRsCU4CsTa88r","privKey":"UJBl5XmgqQ1iKL/tYluSX54kzmNdQ1clJJcujhE1yWM="},"lastRemoteEphemeralKey":"BZrtbNBp1gimm13uGILgezdikCAAOenqRdJhReKh7dkw","previousCounter":0,"rootKey":"soyfKe2/Vxq0DaF/zRI435nvKGeO+N2dxB8GKt3ndUA="},"indexInfo":{"baseKey":"BUda9pAFQOfF1dYYpUGeryXbCm9/iUBaI6SiJpgM5zI8","baseKeyType":1,"closed":-1,"used":1748354347718,"created":1748354347718,"remoteIdentityKey":"BWSJ9aeMCFO9SU4fIRVDNmCzSVbBFooF3kEA8JqIOnxm"},"_chains":{"Bcqb7gRlHV8+i0q9BF42bJlseTKrqCyZRsCU4CsTa88r":{"chainKey":{"counter":0,"key":"gmy5JBaDO+CEu3/rR7nWoSKc/fcX1F4DOJ9sHLZSmaU="},"chainType":1,"messageKeys":{}}},"pendingPreKey":{"signedKeyId":0,"baseKey":"BUda9pAFQOfF1dYYpUGeryXbCm9/iUBaI6SiJpgM5zI8","preKeyId":4885004}}},"version":"v1"}