{"_sessions":{"BaCmCS2yx7gb8RUoxHEX0c08qj51teni5bdFth6JyL0h":{"registrationId":1796551264,"currentRatchet":{"ephemeralKeyPair":{"pubKey":"BSXJKXDctLnLk905T2q0n2LQrtDLadezF9K9NBHFJmF4","privKey":"sIiWg3SDxqmR4Qt4PROc09oCFFdMonVdsmZ2+zD+pEk="},"lastRemoteEphemeralKey":"BUDIzuk01xYJTP9fIosKoJkO4DPceUhZb1ODxE7yvfB7","previousCounter":0,"rootKey":"tH6calEq8fnYMPG4Uzew04UYhrFBeiPXUoZMiyj/fzo="},"indexInfo":{"baseKey":"BaCmCS2yx7gb8RUoxHEX0c08qj51teni5bdFth6JyL0h","baseKeyType":1,"closed":-1,"used":1748354355730,"created":1748354355730,"remoteIdentityKey":"BdkclzTUeDIafJBHk9+2yyJGLJTAZCa6Ygh3jbYL1rQi"},"_chains":{"BSXJKXDctLnLk905T2q0n2LQrtDLadezF9K9NBHFJmF4":{"chainKey":{"counter":0,"key":"Hdlmv1FdXbayRmY6Dnr3tSsVa8x+CFHl8qYSWDzbdOI="},"chainType":1,"messageKeys":{}}},"pendingPreKey":{"signedKeyId":8,"baseKey":"BaCmCS2yx7gb8RUoxHEX0c08qj51teni5bdFth6JyL0h","preKeyId":5078063}}},"version":"v1"}