{"_sessions":{"Bab8+0JOLApdsOegaZKdrVmn7vkgu8RetZ6vqTQYdcF2":{"registrationId":1909007831,"currentRatchet":{"ephemeralKeyPair":{"pubKey":"BTtCpMaSeczZkYhKFfKxdW9WL1bFwpMkzgGoX68skm1I","privKey":"eA98UZ5GxXjlp57l705C8hOQTPJOOrQ/5WQ2EXGV3mk="},"lastRemoteEphemeralKey":"BTh1+14pVcgibOSigpU0yFkF9S+ScOSvIJo4d8nzu79Z","previousCounter":0,"rootKey":"1lCVkUtKgeilKp5rLXvVfp2b+3NLxbLt4wZnWgm0Nuo="},"indexInfo":{"baseKey":"Bab8+0JOLApdsOegaZKdrVmn7vkgu8RetZ6vqTQYdcF2","baseKeyType":1,"closed":-1,"used":1748354355260,"created":1748354355260,"remoteIdentityKey":"BcJpeq18/U5YzDc05rHvgrBPoRw2qbalp4uKjA83VGNh"},"_chains":{"BTtCpMaSeczZkYhKFfKxdW9WL1bFwpMkzgGoX68skm1I":{"chainKey":{"counter":0,"key":"Pskt2LSlqifSfZNKvM2wWg8tuSL/K3seGJHJKqFl9LI="},"chainType":1,"messageKeys":{}}},"pendingPreKey":{"signedKeyId":18,"baseKey":"Bab8+0JOLApdsOegaZKdrVmn7vkgu8RetZ6vqTQYdcF2","preKeyId":3136520}}},"version":"v1"}