{"_sessions":{"Bd9c6tHFBzsNyNYGctYn5TUlFyage9gNO2VKkrxvYhMs":{"registrationId":1266576213,"currentRatchet":{"ephemeralKeyPair":{"pubKey":"BW7vpnwJNkiKzvpx/2Pt1kZFmLyf1d8r/e7UOrUpvnpO","privKey":"GO3zT5yjEd4P/HfKi1q8+dcvpsqOGKc/o8+F73kL1mQ="},"lastRemoteEphemeralKey":"BdplqLkupwC73PmYAjtyIkKfwcdW3qluLWSk9PQxN2ZI","previousCounter":0,"rootKey":"tA79jUqFSwk8nf0nwrwKok7hJ8LEZZyY+RTyJBCRvaI="},"indexInfo":{"baseKey":"Bd9c6tHFBzsNyNYGctYn5TUlFyage9gNO2VKkrxvYhMs","baseKeyType":1,"closed":-1,"used":1748354360741,"created":1748354360741,"remoteIdentityKey":"BUG3GkedtLJRt95E/+GbX0BkyPoLXt4jpv2DARuFf7ou"},"_chains":{"BW7vpnwJNkiKzvpx/2Pt1kZFmLyf1d8r/e7UOrUpvnpO":{"chainKey":{"counter":0,"key":"j6ZWiSXGduKPIbMkFliWiW5j/HpmuOIr8NO/jNsQd9k="},"chainType":1,"messageKeys":{}}},"pendingPreKey":{"signedKeyId":1,"baseKey":"Bd9c6tHFBzsNyNYGctYn5TUlFyage9gNO2VKkrxvYhMs"}}},"version":"v1"}