{"_sessions":{"BXvSkK9EvnZ/WhGU3/i2af1W7iohm4o8TY4iM+52DRoQ":{"registrationId":143221482,"currentRatchet":{"ephemeralKeyPair":{"pubKey":"BQnzgB/5hYbais54xyDi3lMT45hcevPk3TS0CAi24BB6","privKey":"MLw5AApqZLHhc2feaN1AV2Dv0lQDvjJ6PR/lXVEpXHk="},"lastRemoteEphemeralKey":"BVWm6cB87N2shYpajBi6E/eWL0Ei+3CwyjPTqzL8R6kn","previousCounter":0,"rootKey":"7ZnighY2Br3/Ce4+yIR8K/7kIi5az3js68RdrfaQziI="},"indexInfo":{"baseKey":"BXvSkK9EvnZ/WhGU3/i2af1W7iohm4o8TY4iM+52DRoQ","baseKeyType":1,"closed":-1,"used":1748354355714,"created":1748354355714,"remoteIdentityKey":"BVzvo5Wf43fxNtJKbHSmUtXZpLPQ0WosbBxtQhahwYNJ"},"_chains":{"BQnzgB/5hYbais54xyDi3lMT45hcevPk3TS0CAi24BB6":{"chainKey":{"counter":0,"key":"r71cYzQIYpUyYLSPTbotXKkluq5cqEJz3osTddND6jI="},"chainType":1,"messageKeys":{}}},"pendingPreKey":{"signedKeyId":0,"baseKey":"BXvSkK9EvnZ/WhGU3/i2af1W7iohm4o8TY4iM+52DRoQ","preKeyId":14683401}}},"version":"v1"}