{"_sessions":{"BQIyWlFqlxr4xXorUz1qnAHKw1csxl/pjpp3aNMnCRZJ":{"registrationId":44298214,"currentRatchet":{"ephemeralKeyPair":{"pubKey":"BZASlgAplf4SNgUOQzIbAczls7mNgDtN9HxIYl7UFn83","privKey":"8PM6M7BxOg/B9hgUkfhBpvxnnqn1vYxp1iUN3c790GA="},"lastRemoteEphemeralKey":"BWo2DXFG92Dbe5GIgpmTgmwvAHXFU8t103opTuztUmwc","previousCounter":0,"rootKey":"Inhe5cl/jiKAETfktpEZAgkY+sQwfI3AXxQd9S6qV1c="},"indexInfo":{"baseKey":"BQIyWlFqlxr4xXorUz1qnAHKw1csxl/pjpp3aNMnCRZJ","baseKeyType":1,"closed":-1,"used":1748354358687,"created":1748354358687,"remoteIdentityKey":"BQF1ZFpvjFYX5RUJtwq3OIFSL9AcKIUkZZp2KvDj6jQD"},"_chains":{"BZASlgAplf4SNgUOQzIbAczls7mNgDtN9HxIYl7UFn83":{"chainKey":{"counter":0,"key":"SSOJrdTLSZcyOf28nKzbeleAoyuMWyFo6tO73p7Db+c="},"chainType":1,"messageKeys":{}}},"pendingPreKey":{"signedKeyId":0,"baseKey":"BQIyWlFqlxr4xXorUz1qnAHKw1csxl/pjpp3aNMnCRZJ","preKeyId":10664814}}},"version":"v1"}