{"_sessions":{"BajH5TvGZvb+6QF4YMKdSvcBjGrwVp7FjNWddoLOaJEH":{"registrationId":2083227519,"currentRatchet":{"ephemeralKeyPair":{"pubKey":"BQuoD+BSUWqrpYOSSv43WD3NM/6xktCut/3D4CZnO9dE","privKey":"4HVG4wFEUzxgdtRMW7nx4VnD5z7z1e1+1vy+aQdWu3o="},"lastRemoteEphemeralKey":"BRUcQIaJ3fu33zSbz8Yi1zHHvjuXFKHYLjZjW0YU9kxC","previousCounter":0,"rootKey":"M0yrBBb2Jw+ENOPQW8zNTx7M2NNQdalzeznov0vi8wY="},"indexInfo":{"baseKey":"BajH5TvGZvb+6QF4YMKdSvcBjGrwVp7FjNWddoLOaJEH","baseKeyType":1,"closed":-1,"used":1748354348565,"created":1748354348565,"remoteIdentityKey":"BfgQDgy94uIo8EZqC/VHifxDZgaZd4Hj5wdlp7SbviQ9"},"_chains":{"BQuoD+BSUWqrpYOSSv43WD3NM/6xktCut/3D4CZnO9dE":{"chainKey":{"counter":0,"key":"wqZZR+BkX8qV+fn7v/sqcNKUv/JfA3K+L5KJ639ySAA="},"chainType":1,"messageKeys":{}}},"pendingPreKey":{"signedKeyId":3,"baseKey":"BajH5TvGZvb+6QF4YMKdSvcBjGrwVp7FjNWddoLOaJEH","preKeyId":2315751}}},"version":"v1"}