{"_sessions":{"BTz5HsmTzbt7g/yYhp0eJ+wfqo5MqKH/m9S7txDBb+4a":{"registrationId":278326607,"currentRatchet":{"ephemeralKeyPair":{"pubKey":"BdcT8Cyw/dkGhYfEJmvaIlmkHa8AnyooPI41KFFlptoG","privKey":"GIzhs+rJbe9GuSMzbkiOoYUeir2B4Z3ePR6TtqCcgWM="},"lastRemoteEphemeralKey":"BXunMvSLUmitbhDYNrSNty1gqoXg9RwhTCzJEfn2zwZ/","previousCounter":0,"rootKey":"gjRNAgG2VYrkp4RrEloVASc8WDeJkEkhy7YKbKQDTyc="},"indexInfo":{"baseKey":"BTz5HsmTzbt7g/yYhp0eJ+wfqo5MqKH/m9S7txDBb+4a","baseKeyType":1,"closed":-1,"used":1748354358663,"created":1748354358663,"remoteIdentityKey":"BYhvUwo7tk3BXdNnQ37BYRMfB4YViTcOMoDCjDeD3pFq"},"_chains":{"BdcT8Cyw/dkGhYfEJmvaIlmkHa8AnyooPI41KFFlptoG":{"chainKey":{"counter":0,"key":"RUkuNEFnbCH+8p0w1aN1nKRuhGBR7adbw8qxeoIFNbg="},"chainType":1,"messageKeys":{}}},"pendingPreKey":{"signedKeyId":3,"baseKey":"BTz5HsmTzbt7g/yYhp0eJ+wfqo5MqKH/m9S7txDBb+4a"}}},"version":"v1"}