{"_sessions":{"BV2YL41OivIUIjWorR5Q7k0DLD/7/bYQdo5AcPH3h8sy":{"registrationId":1580348461,"currentRatchet":{"ephemeralKeyPair":{"pubKey":"BX0k0VWYSXWGJyagVoD1iX8WhUOImj9pm3Nf8/HLSMYD","privKey":"OOHJjS+/m/PUovEnv3fE0BAX0vsC5TJH6e90+Wq4/FU="},"lastRemoteEphemeralKey":"BX0bg4WNtGY/oQQX55STK9t7XktPWfsYKlesFo422QkJ","previousCounter":0,"rootKey":"DECQCSOVVvpH1iAdV1cGgvRowL4QFNFlpUesPKUN36s="},"indexInfo":{"baseKey":"BV2YL41OivIUIjWorR5Q7k0DLD/7/bYQdo5AcPH3h8sy","baseKeyType":1,"closed":-1,"used":1748354352295,"created":1748354352295,"remoteIdentityKey":"Bey3TA60dWvjYf6/lYOq7JzP8908B+Gx6rE53zB9jhES"},"_chains":{"BX0k0VWYSXWGJyagVoD1iX8WhUOImj9pm3Nf8/HLSMYD":{"chainKey":{"counter":0,"key":"xoUlyG2DYDnGil4vOLmbZJMe8DOMOmCYcWhIM6X+HGw="},"chainType":1,"messageKeys":{}}},"pendingPreKey":{"signedKeyId":32,"baseKey":"BV2YL41OivIUIjWorR5Q7k0DLD/7/bYQdo5AcPH3h8sy"}}},"version":"v1"}