{"_sessions":{"BYXTTf2Qa/6TrsDtPBADKlDdXjHKOGSykTWDNbeFCsk7":{"registrationId":1268443948,"currentRatchet":{"ephemeralKeyPair":{"pubKey":"BRCnsfMD5IW2g5qN2V5kXqX7GBa/+VCI55uHNviyJT0z","privKey":"GA5MHO1AR9lVyJJgvc9y4dOUhdCZK9ZO0VhpSMyk1EY="},"lastRemoteEphemeralKey":"BQ2tPphBi7SE6PypCSPhCM2+dbfpzaSkowNdOaJCHaB4","previousCounter":0,"rootKey":"8M3726wTuKuKsmyqiM4LbFTK3Dv1gPxgzk7OwgHyc4I="},"indexInfo":{"baseKey":"BYXTTf2Qa/6TrsDtPBADKlDdXjHKOGSykTWDNbeFCsk7","baseKeyType":1,"closed":-1,"used":1748354360656,"created":1748354360656,"remoteIdentityKey":"BRM1JAcgrlRz5W/7ILqy5m2hEg1ZeZY7IuIUxZzjMK0C"},"_chains":{"BRCnsfMD5IW2g5qN2V5kXqX7GBa/+VCI55uHNviyJT0z":{"chainKey":{"counter":0,"key":"dS7TVuNtTgWP8GQjhrN3u1h19RWFIL/fjYaRYUSJyIE="},"chainType":1,"messageKeys":{}}},"pendingPreKey":{"signedKeyId":9,"baseKey":"BYXTTf2Qa/6TrsDtPBADKlDdXjHKOGSykTWDNbeFCsk7","preKeyId":7889406}}},"version":"v1"}