{"_sessions":{"Bb02SCN1qyySVKO+pWCEm2gMk0OjC4tgN+8YiNXxgldW":{"registrationId":1944967657,"currentRatchet":{"ephemeralKeyPair":{"pubKey":"BfPhp+WPBQe/m1cSzHAsasBxJlWckq3fmrWkHhG7uttA","privKey":"iLwWSwBRK6suZBmUcaftRKuLg3Rz8Ip94k+5q/FRnVo="},"lastRemoteEphemeralKey":"BYqBS/NhNZY80R6+2GrqRCuEOdl+Yd4Dsgf1kFeKQ0R9","previousCounter":0,"rootKey":"g3b/iMcdr/PJfuD2sMr9QjoJ2HByl4rIi2bQyeR0U/U="},"indexInfo":{"baseKey":"Bb02SCN1qyySVKO+pWCEm2gMk0OjC4tgN+8YiNXxgldW","baseKeyType":1,"closed":-1,"used":1748354347809,"created":1748354347809,"remoteIdentityKey":"BQ58ZW4mrl08Wt8di3ZFya3IvV6by0XczfKLPcG2ZrIm"},"_chains":{"BfPhp+WPBQe/m1cSzHAsasBxJlWckq3fmrWkHhG7uttA":{"chainKey":{"counter":0,"key":"0K3+kH/RuhyZ70uKxxnP9a4tFn5ZDMtTncKQHS5W4YU="},"chainType":1,"messageKeys":{}}},"pendingPreKey":{"signedKeyId":2,"baseKey":"Bb02SCN1qyySVKO+pWCEm2gMk0OjC4tgN+8YiNXxgldW","preKeyId":7898222}}},"version":"v1"}