{"_sessions":{"BbgiUrqGrMxalWsEQy+t36eSZ1VTAyO44Kr4T5kA+QMX":{"registrationId":333312181,"currentRatchet":{"ephemeralKeyPair":{"pubKey":"BVmJDQIjsQewNK7LSUESzI5U39jTfHiKalV+nNF/9AhL","privKey":"KJZLjArGfjd2Hu5NRFOJWQYfILuQSgplGRBRss7GJGY="},"lastRemoteEphemeralKey":"BRddxEeEpVsEk8pjiaUPE+Sj2Z7cXAD0tCSSIBxMhbgq","previousCounter":0,"rootKey":"eZBiCQ72OVdwMWrPaG/TvLJwYg5e8AOVpShahK7QGNI="},"indexInfo":{"baseKey":"BbgiUrqGrMxalWsEQy+t36eSZ1VTAyO44Kr4T5kA+QMX","baseKeyType":1,"closed":-1,"used":1748354354914,"created":1748354354914,"remoteIdentityKey":"BRk7YxqR7rOJkQAjKNTMmTS9DAWVQohc79LYu9dvnlFJ"},"_chains":{"BVmJDQIjsQewNK7LSUESzI5U39jTfHiKalV+nNF/9AhL":{"chainKey":{"counter":0,"key":"uW0n6/yJdf/Fxnv/XSfR4W7c7HaDK6joQUKWujpQYsI="},"chainType":1,"messageKeys":{}}},"pendingPreKey":{"signedKeyId":0,"baseKey":"BbgiUrqGrMxalWsEQy+t36eSZ1VTAyO44Kr4T5kA+QMX","preKeyId":4605380}}},"version":"v1"}