{"_sessions":{"BdvBikOkjQeLhYLR8tOJWPCUVFwqf2uGvXzHR4LkzVB0":{"registrationId":381046329,"currentRatchet":{"ephemeralKeyPair":{"pubKey":"BWKI7xCrDVmLsZlJz7lY8uJzqUuF63MictgDjIqZZtt5","privKey":"IAiTuBy9dbZf3pugJtUpp3vfESsdJ7q/rdij5uPCUVw="},"lastRemoteEphemeralKey":"BfitAqbTSMZSQU/nhbbhtyR+VlNjwufCTGHzOTWrOZN7","previousCounter":0,"rootKey":"fmojV2xlMP5YqSXjypAxS3w6xotPMi9mbvRLAnfjZN8="},"indexInfo":{"baseKey":"BdvBikOkjQeLhYLR8tOJWPCUVFwqf2uGvXzHR4LkzVB0","baseKeyType":1,"closed":-1,"used":1748354355427,"created":1748354355427,"remoteIdentityKey":"BfhqyxtovPfiVeZMQhTtVW1HEcvnTjlxZzhdTxmM7edY"},"_chains":{"BWKI7xCrDVmLsZlJz7lY8uJzqUuF63MictgDjIqZZtt5":{"chainKey":{"counter":0,"key":"RNRMJoG1gauj5a+CwuGHSBydA6SlQMOe0aWvsEcp4p4="},"chainType":1,"messageKeys":{}}},"pendingPreKey":{"signedKeyId":8,"baseKey":"BdvBikOkjQeLhYLR8tOJWPCUVFwqf2uGvXzHR4LkzVB0"}}},"version":"v1"}