{"_sessions":{"BU9p3skX7FM4w0LAyw3lby6BW29cEYnrSKiPoj+VMeNN":{"registrationId":458669410,"currentRatchet":{"ephemeralKeyPair":{"pubKey":"BWOHgajOvkrgp63t0qqU156jKXa0LWJx6ORJwVo1DF55","privKey":"oLmG8BdCuQRq1fTV2tHZfWkWx5AN3UsnFP6NC/zMZ0w="},"lastRemoteEphemeralKey":"BTZG5Qrx2S0l0lvrhR3O/APsb11Igd2OpFZY1EgcDSMZ","previousCounter":0,"rootKey":"73P4ho+uNr0GlvaBwQYqnvlq/reQONGhev05kujXL0c="},"indexInfo":{"baseKey":"BU9p3skX7FM4w0LAyw3lby6BW29cEYnrSKiPoj+VMeNN","baseKeyType":1,"closed":-1,"used":1748354360534,"created":1748354360534,"remoteIdentityKey":"BQdoyKX87VHfSu04Rg8OMtJt5Q/pWNaS+X8f11gAxFRn"},"_chains":{"BWOHgajOvkrgp63t0qqU156jKXa0LWJx6ORJwVo1DF55":{"chainKey":{"counter":0,"key":"x0nKbpWWLGnWOXrBu4JVyenFKl0AhWNoL709ANPv/RY="},"chainType":1,"messageKeys":{}}},"pendingPreKey":{"signedKeyId":5,"baseKey":"BU9p3skX7FM4w0LAyw3lby6BW29cEYnrSKiPoj+VMeNN","preKeyId":16422473}}},"version":"v1"}