{"_sessions":{"Bc+iUtRA8vU1wkPfWnQlu5jjNZ3Q+uYW86xDjd5XyWpZ":{"registrationId":0,"currentRatchet":{"ephemeralKeyPair":{"pubKey":"BRWniMSBoLonOb1qzdU3fsKQYx4QgxfKvVZblnPoGSA3","privKey":"8JIXc11CsNbZlzeKmRow6tR2418zbzo9HxSBZombrEY="},"lastRemoteEphemeralKey":"BXrsKL59+NO58A7JWpDNlDuffBJ0jSzzs1VKILRJSyQt","previousCounter":0,"rootKey":"MUilHjvFiO32D/lxdcu15KkI4Y1gC7H86j4XyQWq4CM="},"indexInfo":{"baseKey":"Bc+iUtRA8vU1wkPfWnQlu5jjNZ3Q+uYW86xDjd5XyWpZ","baseKeyType":1,"closed":-1,"used":1748354360334,"created":1748354360334,"remoteIdentityKey":"BQFcY0njgS92movn3I43DJtrIB7/VRTPpgdlR2PsxgtH"},"_chains":{"BRWniMSBoLonOb1qzdU3fsKQYx4QgxfKvVZblnPoGSA3":{"chainKey":{"counter":0,"key":"pWvmoC/Cnoop1lPd9QTcIPKpu47lmLrgLOhDrJUX1ko="},"chainType":1,"messageKeys":{}}},"pendingPreKey":{"signedKeyId":16,"baseKey":"Bc+iUtRA8vU1wkPfWnQlu5jjNZ3Q+uYW86xDjd5XyWpZ"}}},"version":"v1"}