{"_sessions":{"BY1n0vF46Q0tFHdZggBQwCQ/Bmny3cE2nfxKziSb6fo7":{"registrationId":1344141337,"currentRatchet":{"ephemeralKeyPair":{"pubKey":"Bfr/MS0D+2hsX3nhQOm7JyaaXU3kqr/78IuhODnXBDxA","privKey":"cBW5DuxKk2YwvUkVbFrejyVenTaFiXARYr2RISbD5Vc="},"lastRemoteEphemeralKey":"BSdBizdVW+GPAL38eQhOHqTlYDYNWe0XRf3FRc1R9jFm","previousCounter":0,"rootKey":"+bWLpI9mLpLNDv5S9gcVQpG3eJCNlLe/q5y52WFbCZA="},"indexInfo":{"baseKey":"BY1n0vF46Q0tFHdZggBQwCQ/Bmny3cE2nfxKziSb6fo7","baseKeyType":1,"closed":-1,"used":1748354355835,"created":1748354355835,"remoteIdentityKey":"BftNCISdEtY8w91UqSYu3Emr8xeN1nEVZUQX+1l4DTA/"},"_chains":{"Bfr/MS0D+2hsX3nhQOm7JyaaXU3kqr/78IuhODnXBDxA":{"chainKey":{"counter":0,"key":"YHYKcqqF1268gOg58nDG/W5v5/mWG6etiqBxFyhuO1M="},"chainType":1,"messageKeys":{}}},"pendingPreKey":{"signedKeyId":3,"baseKey":"BY1n0vF46Q0tFHdZggBQwCQ/Bmny3cE2nfxKziSb6fo7","preKeyId":13682190}}},"version":"v1"}