{"_sessions":{"BVj6PuHD2CA6cM4lv7hyqXKaIDU0KK41JQ8HZ1WRFMtS":{"registrationId":223626683,"currentRatchet":{"ephemeralKeyPair":{"pubKey":"BZZw7KF3/PrH4GnwX2p3a1mFzCnmRiV461inlxew+il9","privKey":"AKaXYDt0pEkx3nLuXnRUSVi8FEvp1m0i/fax7+7RWGc="},"lastRemoteEphemeralKey":"BYwRAQcmOyVQ0ukUU84GnVXE+CJGzVkY20Q8+RgHROMg","previousCounter":0,"rootKey":"WJCgA+Bo3OZNss4LW+8WYgTJsqTMrJdsMZ9AOh46YUI="},"indexInfo":{"baseKey":"BVj6PuHD2CA6cM4lv7hyqXKaIDU0KK41JQ8HZ1WRFMtS","baseKeyType":1,"closed":-1,"used":1748354358731,"created":1748354358731,"remoteIdentityKey":"BQFL5qYb7nTBryhpYUEMXWJ47yClPtIc0GnmxFhcbicB"},"_chains":{"BZZw7KF3/PrH4GnwX2p3a1mFzCnmRiV461inlxew+il9":{"chainKey":{"counter":0,"key":"BaQmWjUX7GxypfI9eQ54GoJ8luv4/4yCmQKZasS2XvU="},"chainType":1,"messageKeys":{}}},"pendingPreKey":{"signedKeyId":0,"baseKey":"BVj6PuHD2CA6cM4lv7hyqXKaIDU0KK41JQ8HZ1WRFMtS","preKeyId":11961513}}},"version":"v1"}