{"_sessions":{"BYGN3GUNN6bc3UnQBFm2lkYhflZqPqmTBS2293xKTRgE":{"registrationId":711321258,"currentRatchet":{"ephemeralKeyPair":{"pubKey":"BQd75QdUVjade3552Sk05NopPIlgtHVoNFKqe2E6CjcS","privKey":"GDQCkxSdpL/BShDHnluDgKp7xwhR2RrUL8760tugCm0="},"lastRemoteEphemeralKey":"BTEt3+gkDtghrWhSLYA2lVNeADT/LJ6/KCBPJKGmTvxP","previousCounter":0,"rootKey":"urp6Q5OhCK7/wrH6kRyJfUIK8EWtiVhD4bTs+o4NXTA="},"indexInfo":{"baseKey":"BYGN3GUNN6bc3UnQBFm2lkYhflZqPqmTBS2293xKTRgE","baseKeyType":1,"closed":-1,"used":1748354348232,"created":1748354348232,"remoteIdentityKey":"BezkUBlKUqMW2obsDaCsZJaWVJLH3CjATOc3h9OP/bZU"},"_chains":{"BQd75QdUVjade3552Sk05NopPIlgtHVoNFKqe2E6CjcS":{"chainKey":{"counter":0,"key":"fCq9YM+ioniSROgI9zEzxAAP5He0mwiziniNIOeSFGY="},"chainType":1,"messageKeys":{}}},"pendingPreKey":{"signedKeyId":4,"baseKey":"BYGN3GUNN6bc3UnQBFm2lkYhflZqPqmTBS2293xKTRgE","preKeyId":1880609}}},"version":"v1"}