{"_sessions":{"BVH+RgEeCFowAv2gQGbja9+wHq0bi/VJwU1nKRfs8DZA":{"registrationId":1143936811,"currentRatchet":{"ephemeralKeyPair":{"pubKey":"BfsDV8AiPAyaOAMLeqLK5rjXa3X0q+F6pa36ZDBZ+j1O","privKey":"eNVmXnFl6Sv/yqdp6NDdEPlQuL/859wYNLXgMRGtdn8="},"lastRemoteEphemeralKey":"BfHbCAdX9LqTFNWcujKdNKqJtoeO6ft7CKihWr+X7J86","previousCounter":0,"rootKey":"QtxXBFw/TBGsVZF3yxl/XlK3mRlvG7ue5YPNnGVRROQ="},"indexInfo":{"baseKey":"BVH+RgEeCFowAv2gQGbja9+wHq0bi/VJwU1nKRfs8DZA","baseKeyType":1,"closed":-1,"used":1748351592566,"created":1748351592566,"remoteIdentityKey":"BS7F0Mhbl3VXtGOHfkL2KqHXRNr6k3lvc+6VXIR8HCtM"},"_chains":{"BfsDV8AiPAyaOAMLeqLK5rjXa3X0q+F6pa36ZDBZ+j1O":{"chainKey":{"counter":0,"key":"AwfeTvJiFEBQC0iv8hgNKSrH86UUGPK1QzjJ5dQOzYQ="},"chainType":1,"messageKeys":{}}},"pendingPreKey":{"signedKeyId":0,"baseKey":"BVH+RgEeCFowAv2gQGbja9+wHq0bi/VJwU1nKRfs8DZA","preKeyId":5834994}}},"version":"v1"}