{"_sessions":{"BeqNHTL3l+jaJpHQvkH+No57VXyHX04lHDue4Qgel3dh":{"registrationId":2110854752,"currentRatchet":{"ephemeralKeyPair":{"pubKey":"BY0McEGE5sN22eCX+9LAvQF1nZHHC34QaqdYst6WQYp5","privKey":"8NPxuGQE3v9QxpBiA4JnM+stCkoVwQf1pkNCfU5Da38="},"lastRemoteEphemeralKey":"BauneAK9Ol2WpMXIyfD99dPSbo+nwt/PWRsvp6KbUlIY","previousCounter":0,"rootKey":"ce6nuDHKuiOpKEfWFOghcnpGzwh1Rbyd4LFjwsCJkX4="},"indexInfo":{"baseKey":"BeqNHTL3l+jaJpHQvkH+No57VXyHX04lHDue4Qgel3dh","baseKeyType":1,"closed":-1,"used":1748354360382,"created":1748354360382,"remoteIdentityKey":"BWiGxz7Ui8ngqif3Id67lcPJYJlqA1PMfHyC4k7aJDEn"},"_chains":{"BY0McEGE5sN22eCX+9LAvQF1nZHHC34QaqdYst6WQYp5":{"chainKey":{"counter":0,"key":"W1Na+2Su3kYA6oM7Rs2o4NOVHXHqCZy650tgnhCFxBw="},"chainType":1,"messageKeys":{}}},"pendingPreKey":{"signedKeyId":1,"baseKey":"BeqNHTL3l+jaJpHQvkH+No57VXyHX04lHDue4Qgel3dh","preKeyId":11025429}}},"version":"v1"}