{"_sessions":{"BY1D7Vs6N2BpwPstY4QLXRH/qBR4fhkkq7hjSkEWCsJs":{"registrationId":1224061277,"currentRatchet":{"ephemeralKeyPair":{"pubKey":"BR5AlRjCj2+SzQw63SuE3Q9hqINnd+NeGdUzyUXVkSgi","privKey":"oJLYjzyiqvdFJYitRywSmm40qX5Hv9AGm8jPZsSGhVc="},"lastRemoteEphemeralKey":"BdosNvNDhPAIjde0Rc/b2ksjy+Ct+hxIf8hIKEUZAmVf","previousCounter":0,"rootKey":"sVzYgK3W0DQ+vfJGjap3WUNaRpDkOz+WLZ5BQ76Fm40="},"indexInfo":{"baseKey":"BY1D7Vs6N2BpwPstY4QLXRH/qBR4fhkkq7hjSkEWCsJs","baseKeyType":1,"closed":-1,"used":1748354351955,"created":1748354351955,"remoteIdentityKey":"Bfi/o2HpzrQ7KWR2Wcj56ueJtwaEcTMqsl5AFgpkxHZy"},"_chains":{"BR5AlRjCj2+SzQw63SuE3Q9hqINnd+NeGdUzyUXVkSgi":{"chainKey":{"counter":0,"key":"kKbLyxeuAYTUhxjvQN6HayUUm4cK3//Qs5kPqBgfsrA="},"chainType":1,"messageKeys":{}}},"pendingPreKey":{"signedKeyId":0,"baseKey":"BY1D7Vs6N2BpwPstY4QLXRH/qBR4fhkkq7hjSkEWCsJs","preKeyId":14922495}}},"version":"v1"}