{"_sessions":{"BVnraZ86KMs4atKpZ0fWiX2YFM6Jma0MBjyHvLmOMflW":{"registrationId":1984483647,"currentRatchet":{"ephemeralKeyPair":{"pubKey":"Bd5G5l6jTGaPHwxBRL5Jq2+b1Oqy8wnfVrl6wEnsCLok","privKey":"WBhEUn+2E2G+RdI1nxTVNgKcDfNtTimm0bvcKPn3iEY="},"lastRemoteEphemeralKey":"BZcua9PkFBGqpyj7qbhw0rGlY3NGH2RGdH2n0rzxM/xO","previousCounter":0,"rootKey":"n4LzlKROT+eekov+0zqqGCi51NT03oqpAxq/4SemwEM="},"indexInfo":{"baseKey":"BVnraZ86KMs4atKpZ0fWiX2YFM6Jma0MBjyHvLmOMflW","baseKeyType":1,"closed":-1,"used":1748354355091,"created":1748354355091,"remoteIdentityKey":"BWAOzibI4m7C/FzHZwBmUNM1wJ5eq0KwsVTJwIDB40ph"},"_chains":{"Bd5G5l6jTGaPHwxBRL5Jq2+b1Oqy8wnfVrl6wEnsCLok":{"chainKey":{"counter":0,"key":"Qq421yU429ctq6kuJykoIWYSD1l56dCgxP8EfFIl+J8="},"chainType":1,"messageKeys":{}}},"pendingPreKey":{"signedKeyId":6,"baseKey":"BVnraZ86KMs4atKpZ0fWiX2YFM6Jma0MBjyHvLmOMflW","preKeyId":9898710}}},"version":"v1"}