{"_sessions":{"BfxQz5A0sLiLt80viBtROnpG620UWiUaf4H6tHD3tvAU":{"registrationId":1959414212,"currentRatchet":{"ephemeralKeyPair":{"pubKey":"BR8bg2jvTc0ptwkGFv8wmDeAiuGjHy19lys4ko/sprdK","privKey":"wLJg3/ppbK86pwW4+25rLOXOsbhyd8spaFGSvtN+u0A="},"lastRemoteEphemeralKey":"Bc1HvUBd64QqY8ycK1Ueo98al4TJWDn2S1px+rR9Tz4L","previousCounter":0,"rootKey":"HkwKyxSsCzj48njkpHhyxQYkJRuQm2Xwbi446CHHKEc="},"indexInfo":{"baseKey":"BfxQz5A0sLiLt80viBtROnpG620UWiUaf4H6tHD3tvAU","baseKeyType":1,"closed":-1,"used":1748354351234,"created":1748354351234,"remoteIdentityKey":"BVUSbE2XlpekoDeBbmdXCAbDSWhmHkapWfFa40a2lmZR"},"_chains":{"BR8bg2jvTc0ptwkGFv8wmDeAiuGjHy19lys4ko/sprdK":{"chainKey":{"counter":0,"key":"yBz+OO7LUUstBg9xP7qnw3K2jOnJ9HeZB/iD+oBSgLI="},"chainType":1,"messageKeys":{}}},"pendingPreKey":{"signedKeyId":3,"baseKey":"BfxQz5A0sLiLt80viBtROnpG620UWiUaf4H6tHD3tvAU","preKeyId":4379414}}},"version":"v1"}