{"_sessions":{"BaSx0drPLUz5CHVMy1M0MnAgabQMTM7QEOHifkrdEP8o":{"registrationId":1322213384,"currentRatchet":{"ephemeralKeyPair":{"pubKey":"BeE06ug89HPiaIVeIxTMgjSJmVja+hRNbiuBESHCiKlt","privKey":"2Dw715oUimF8BsY4DH5L1PSzXfriZgB1Ku60Kph7SkI="},"lastRemoteEphemeralKey":"BSgScHVjwL4dbhreGv5X0lTlaoRbupq+NCCQXrP8zTQc","previousCounter":0,"rootKey":"u0MvEq71ZLvacYJ+EBTdJUOCAuXEoJXAxZlNty+5uQY="},"indexInfo":{"baseKey":"BaSx0drPLUz5CHVMy1M0MnAgabQMTM7QEOHifkrdEP8o","baseKeyType":1,"closed":-1,"used":1748354360479,"created":1748354360479,"remoteIdentityKey":"BbCMppcQP7xYbcLdrx0p8rO+483mg1c6DakM5//QR8Y/"},"_chains":{"BeE06ug89HPiaIVeIxTMgjSJmVja+hRNbiuBESHCiKlt":{"chainKey":{"counter":0,"key":"vOUnspLbRPwiCsd6OReeOcVu0Anj3WcG8saJ0lBPQrE="},"chainType":1,"messageKeys":{}}},"pendingPreKey":{"signedKeyId":7100619,"baseKey":"BaSx0drPLUz5CHVMy1M0MnAgabQMTM7QEOHifkrdEP8o","preKeyId":12156}}},"version":"v1"}