{"_sessions":{"BXm8pNyk75/q+3oM7Xsk637AKHIjhTkl9cjeSrs/kv5H":{"registrationId":1043621290,"currentRatchet":{"ephemeralKeyPair":{"pubKey":"BdxlV8Crg7Q6LTgq4Ex4UBaRKUIHueCT8/6T83XawWpr","privKey":"SBqJzJ9yXgNV4xsvfG0ajKvZUcGyFrjKAFgotQUw5Eo="},"lastRemoteEphemeralKey":"BWqqpkljZZVNqrdrYbYAsAeR5IH8SDP9lTjSmh/NUSVr","previousCounter":0,"rootKey":"IUmw+CLuq2/FmKkBld8+F+kHSbgniM0H6rByN+QZHCA="},"indexInfo":{"baseKey":"BXm8pNyk75/q+3oM7Xsk637AKHIjhTkl9cjeSrs/kv5H","baseKeyType":1,"closed":1748365763183,"used":1748354358282,"created":1748354358282,"remoteIdentityKey":"BTjsWvmWa0j3bg0VvGY8ANKYfd6ERhucMM/Izx0GegcY"},"_chains":{"BdxlV8Crg7Q6LTgq4Ex4UBaRKUIHueCT8/6T83XawWpr":{"chainKey":{"counter":0,"key":"Hj1eAMYiGxtblMBh+ixrMWKCf+d4xKmgD5evUzvikww="},"chainType":1,"messageKeys":{}}},"pendingPreKey":{"signedKeyId":1,"baseKey":"BXm8pNyk75/q+3oM7Xsk637AKHIjhTkl9cjeSrs/kv5H","preKeyId":988933}},"BQpCyda08O+1pCQymIg1lD1VNHWvcS+YB7gVuyizQldy":{"registrationId":202559422,"currentRatchet":{"ephemeralKeyPair":{"pubKey":"BYPZKq2VyvinlOo7O/0oEqpPHhoyrdE39wC6vMS6h550","privKey":"kLv9AM46WnidWZycyHHLhjqqdJzrHce85vaZiVibTEs="},"lastRemoteEphemeralKey":"BfLjWOigEpA3kp1GYRUS4yGgDDa0PdmSyGf5+/d4Tcdy","previousCounter":0,"rootKey":"Sno61WLhEwNlA8vVemAa7wtaLecFqdMzN76Iz/kky+w="},"indexInfo":{"baseKey":"BQpCyda08O+1pCQymIg1lD1VNHWvcS+YB7gVuyizQldy","baseKeyType":1,"closed":-1,"used":1748365763162,"created":1748365763162,"remoteIdentityKey":"BUxt6TOk4KmQctLEKyunzEIvZbYzFD29YJ4Wr2YLJNAX"},"_chains":{"BYPZKq2VyvinlOo7O/0oEqpPHhoyrdE39wC6vMS6h550":{"chainKey":{"counter":-1,"key":"fOnTpPXwmQnMd7AfGRQlBb78dFTzuIMYuoElTV23dqY="},"chainType":1,"messageKeys":{}}},"pendingPreKey":{"signedKeyId":1,"baseKey":"BQpCyda08O+1pCQymIg1lD1VNHWvcS+YB7gVuyizQldy","preKeyId":2344189}}},"version":"v1"}