{"_sessions":{"BVgsSCRvUrV3kgh8TLeIr6iBK+FjxTJPvqQr2Zr6We85":{"registrationId":1557538060,"currentRatchet":{"ephemeralKeyPair":{"pubKey":"BeS1gZzEDs/vRVsO8zLdwuF1VEFYXybim8tPL3Yj+Jwy","privKey":"WPHyzuHmM+pbP/q6ZWsxs5rt8i+g7L/g9aX0KudYkmM="},"lastRemoteEphemeralKey":"BYcMgd2Lr79MOTenLhJyaOsPRSgXk0hRTeIpdSa5YGYe","previousCounter":0,"rootKey":"AuM/AniSRTyiDQ2xjlqEuPfIoh4t2fXl8aFpPqnDbqE="},"indexInfo":{"baseKey":"BVgsSCRvUrV3kgh8TLeIr6iBK+FjxTJPvqQr2Zr6We85","baseKeyType":1,"closed":-1,"used":1748354352254,"created":1748354352254,"remoteIdentityKey":"BWaBnVlXwP2rBuN7VJzlpW+VtVj2G0iuzbmaeYlMYLpR"},"_chains":{"BeS1gZzEDs/vRVsO8zLdwuF1VEFYXybim8tPL3Yj+Jwy":{"chainKey":{"counter":0,"key":"kt6RXmVlBeI3dpCqSPMo+PRH54zADAwv+IHqjAjuyz4="},"chainType":1,"messageKeys":{}}},"pendingPreKey":{"signedKeyId":0,"baseKey":"BVgsSCRvUrV3kgh8TLeIr6iBK+FjxTJPvqQr2Zr6We85","preKeyId":2170851}}},"version":"v1"}