{"_sessions":{"Bf+7kwNRqSTxVtf8CQKVQa5YN06Y2AUQSd+RsKtLO8oa":{"registrationId":1960487785,"currentRatchet":{"ephemeralKeyPair":{"pubKey":"BWzNgZ2v5lc8cwjmK18W92pJgP7MSAVRNmLq1TcSL/cA","privKey":"ODF7BJeOQoy7wjdnDy42hn0Tkh+IU9yQMvDSYKvgNlA="},"lastRemoteEphemeralKey":"Bb37tAIu6aeROdWBmyBDu5XfV4WriQdKa9yWtUFvmgQg","previousCounter":0,"rootKey":"tXgy5HRiXAOhvAAAK4p7VyLHde5gqigZAHge0/ek+ZE="},"indexInfo":{"baseKey":"Bf+7kwNRqSTxVtf8CQKVQa5YN06Y2AUQSd+RsKtLO8oa","baseKeyType":1,"closed":-1,"used":1748354355868,"created":1748354355868,"remoteIdentityKey":"Ba4ktnLnqSd6/qf+KNEZJCQBzR+bKefCJCAqeyO+/HpC"},"_chains":{"BWzNgZ2v5lc8cwjmK18W92pJgP7MSAVRNmLq1TcSL/cA":{"chainKey":{"counter":0,"key":"i4ZMYp99mnr8y2az04qdMxfU9u8MG3GzMei6XUlz4k0="},"chainType":1,"messageKeys":{}}},"pendingPreKey":{"signedKeyId":0,"baseKey":"Bf+7kwNRqSTxVtf8CQKVQa5YN06Y2AUQSd+RsKtLO8oa","preKeyId":1619847}}},"version":"v1"}