{"_sessions":{"BdBKvMaOr7FBUR2x1FcTkt8NQFsA7sZpXrfJoUOguY0p":{"registrationId":650363259,"currentRatchet":{"ephemeralKeyPair":{"pubKey":"BfgJi1EakTS1EYJsnX0AHxZmFWmvKzY5MpeQ7DhOETIy","privKey":"iDgaUiclsgwCV4UTrla07vtWi5mYB+5aC4MW3QOvPXY="},"lastRemoteEphemeralKey":"BZdZJ7DyH85FniTBF9p/OoGVIgD4D1fo8tU201kfopdh","previousCounter":0,"rootKey":"JM444/OJsMKaR1eaxbAYlf/4h0u2T9AUsytF5zLswOs="},"indexInfo":{"baseKey":"BdBKvMaOr7FBUR2x1FcTkt8NQFsA7sZpXrfJoUOguY0p","baseKeyType":1,"closed":-1,"used":1748354348140,"created":1748354348140,"remoteIdentityKey":"BfbunCWTSLOJRyTDlRG8AAzBzFwmogav4LXYz40xywEw"},"_chains":{"BfgJi1EakTS1EYJsnX0AHxZmFWmvKzY5MpeQ7DhOETIy":{"chainKey":{"counter":0,"key":"TbHD0I62x0+TfSCZVZDq9ifYgbnjG53UMfahDSJgkDc="},"chainType":1,"messageKeys":{}}},"pendingPreKey":{"signedKeyId":7,"baseKey":"BdBKvMaOr7FBUR2x1FcTkt8NQFsA7sZpXrfJoUOguY0p","preKeyId":12636109}}},"version":"v1"}