{"_sessions":{"BYeW9CPuxQRkfXA4/Llf3hu7Voy88PtlzJSYR8MlDIdd":{"registrationId":1961807552,"currentRatchet":{"ephemeralKeyPair":{"pubKey":"BRbb54ZDLM+GHHQKd7xcbAgqhxN5dOWQ2DEl6ZZSiMpo","privKey":"mCtremuqhGmsu2M9g3fA4iIOj17q1HOxoRPIrdYvf0Y="},"lastRemoteEphemeralKey":"BSkHnhIQpCz3hpyz8YkYRU1UNf47z42TGuHKT9eN33wE","previousCounter":0,"rootKey":"fX1wzyJ09sBnm2ivt3ICr0Nv94vEA2FiazZA32JW6mc="},"indexInfo":{"baseKey":"BYeW9CPuxQRkfXA4/Llf3hu7Voy88PtlzJSYR8MlDIdd","baseKeyType":1,"closed":-1,"used":1748354360548,"created":1748354360548,"remoteIdentityKey":"BQ955Qg4Am9PWDHtUcQZLIvpKJ8DJZ3Sluq05995kuIP"},"_chains":{"BRbb54ZDLM+GHHQKd7xcbAgqhxN5dOWQ2DEl6ZZSiMpo":{"chainKey":{"counter":0,"key":"Y4RO2u5pVa6m+iFAvxFkilbqNUlf9kVgnBO+TUAo0+A="},"chainType":1,"messageKeys":{}}},"pendingPreKey":{"signedKeyId":13,"baseKey":"BYeW9CPuxQRkfXA4/Llf3hu7Voy88PtlzJSYR8MlDIdd","preKeyId":15469376}}},"version":"v1"}