{"_sessions":{"BcElnCu7TVxI7L+29tzSWP6LMUlNkhh4TXMwyZKW5/dJ":{"registrationId":10962,"currentRatchet":{"ephemeralKeyPair":{"pubKey":"BZ7vU1sA0rrEjqvCBScLX8nRJhOY+BElCZxOvVuTsnFS","privKey":"IMcx0r1vZzWqUZPTZWs0Qm0BA6urXHYicJzTahXXPG4="},"lastRemoteEphemeralKey":"BZc21RX84w7/qAZgBJf636QPpjaIGKzhC/3KlTQtgy8R","previousCounter":0,"rootKey":"JHHGFtEwpl+8jFkompHLhuv7giMcnlVfhvoDLxvbMZY="},"indexInfo":{"baseKey":"BcElnCu7TVxI7L+29tzSWP6LMUlNkhh4TXMwyZKW5/dJ","baseKeyType":1,"closed":-1,"used":1748354347518,"created":1748354347518,"remoteIdentityKey":"BVt1NdSmVNOz4gTscri5zpVbasRKlZlY1IqjL5xtizwC"},"_chains":{"BZ7vU1sA0rrEjqvCBScLX8nRJhOY+BElCZxOvVuTsnFS":{"chainKey":{"counter":0,"key":"KR76+yJ0ro/gu+uMt/1P0SJClKFcsOot2wPJPixLUwo="},"chainType":1,"messageKeys":{}}},"pendingPreKey":{"signedKeyId":1,"baseKey":"BcElnCu7TVxI7L+29tzSWP6LMUlNkhh4TXMwyZKW5/dJ","preKeyId":1567}}},"version":"v1"}