{"_sessions":{"BYn4FdlhlG3CPzbwAQQ3PqqUNZYECedgv2Cl8KbrvWlE":{"registrationId":1143960115,"currentRatchet":{"ephemeralKeyPair":{"pubKey":"Bd3eQP7VaEj53W8qQu9uIy2AU62McZ31DTsRjsuweyw9","privKey":"2LKxb0KU20vu/9KcREH7EI9yuFksK+KBl5FbWODWfVY="},"lastRemoteEphemeralKey":"BT2VO9PcePEsEAvvHPQoHQ1w6mqpwOUGt46910FO7M9g","previousCounter":0,"rootKey":"l2rEOMUJFRpvHW7kQAGDh0sP8SgkD5aNNsWN63xxsZ8="},"indexInfo":{"baseKey":"BYn4FdlhlG3CPzbwAQQ3PqqUNZYECedgv2Cl8KbrvWlE","baseKeyType":1,"closed":-1,"used":1748354348065,"created":1748354348065,"remoteIdentityKey":"BY5dqLREUDs9+lUxLoWbZ4OH8nSpNmbzBPCyvqUpRNtv"},"_chains":{"Bd3eQP7VaEj53W8qQu9uIy2AU62McZ31DTsRjsuweyw9":{"chainKey":{"counter":0,"key":"ry+VgTYT4IuRPEv90YrVbvGdYL6qL47otLXOWOKT938="},"chainType":1,"messageKeys":{}}},"pendingPreKey":{"signedKeyId":9,"baseKey":"BYn4FdlhlG3CPzbwAQQ3PqqUNZYECedgv2Cl8KbrvWlE","preKeyId":2770376}}},"version":"v1"}