{"_sessions":{"BapE4meG60Mnk7MYtIuxK5FQK/eawi/Qtm91IuSN/UgE":{"registrationId":340729146,"currentRatchet":{"ephemeralKeyPair":{"pubKey":"BWbA/OhuoIOOyk+HNRMOQ9ipIu5cECRQOVsO98dAmJcl","privKey":"ILWHHuTf+SseBWWvpQkBWrFEL4kjyH496e8w2fhiQlQ="},"lastRemoteEphemeralKey":"BQuJSU1qhmBzbTQ4j7mxBSXggL4d+fh7PzaGpCh3G5Qh","previousCounter":0,"rootKey":"paKTL/vclis4yZBMAc4s9s9aXZRnM18OGUCPdBbNI1Q="},"indexInfo":{"baseKey":"BapE4meG60Mnk7MYtIuxK5FQK/eawi/Qtm91IuSN/UgE","baseKeyType":1,"closed":-1,"used":1748354352285,"created":1748354352285,"remoteIdentityKey":"BUbGsSd+pwSjkVXnkIcC6JVlA4MWpTtVy4TKNzYoqRoD"},"_chains":{"BWbA/OhuoIOOyk+HNRMOQ9ipIu5cECRQOVsO98dAmJcl":{"chainKey":{"counter":0,"key":"rFG+WEZ67Cicv+LOSCRfvxGpHLC7hIfMtwkS8Km6hWg="},"chainType":1,"messageKeys":{}}},"pendingPreKey":{"signedKeyId":5,"baseKey":"BapE4meG60Mnk7MYtIuxK5FQK/eawi/Qtm91IuSN/UgE","preKeyId":15189817}}},"version":"v1"}