{"_sessions":{"BZaQ6ATeRU45DP3vvXyXth+ZldFHPrUEiLnsk9NTbqJW":{"registrationId":1851431844,"currentRatchet":{"ephemeralKeyPair":{"pubKey":"BcV6reCn5Z2hm7MSe9nxQ+qCg8cOVIw3vY2nUDoSiKZI","privKey":"oGgwNJkeNnXChOvrGFvoEfYdkkTa/5qhkrCSa4Mv6UU="},"lastRemoteEphemeralKey":"BYKQI4wEXTeSF5wYdpKwFCHUs5xlanWDGnMeHY15Li0k","previousCounter":0,"rootKey":"QBsoDc9zP9oEn+eKzaRmISbD2wE+961SXsKllSojrCM="},"indexInfo":{"baseKey":"BZaQ6ATeRU45DP3vvXyXth+ZldFHPrUEiLnsk9NTbqJW","baseKeyType":1,"closed":-1,"used":1748354354962,"created":1748354354962,"remoteIdentityKey":"BQfkbawceHvZf6nvUYpRwcFssmwkOHdhGmKn5DT05GFk"},"_chains":{"BcV6reCn5Z2hm7MSe9nxQ+qCg8cOVIw3vY2nUDoSiKZI":{"chainKey":{"counter":0,"key":"iDT/2KvfoOdGyNX6KllaqztOuLCXOmI82uIsk1jXp3A="},"chainType":1,"messageKeys":{}}},"pendingPreKey":{"signedKeyId":0,"baseKey":"BZaQ6ATeRU45DP3vvXyXth+ZldFHPrUEiLnsk9NTbqJW","preKeyId":12399552}}},"version":"v1"}