{"_sessions":{"BY9DHArjcQBz2QCl99cbqsfVsMantEk4YQQz1UcvbY59":{"registrationId":1305982275,"currentRatchet":{"ephemeralKeyPair":{"pubKey":"BSqunwA6Lreboh5aGr0wd4aYGd6yE6TwQwc3MY7ScXEj","privKey":"yF0zdm/JmLnYnWshZCtp8PG+VZgcmO28jIbM95/c1kM="},"lastRemoteEphemeralKey":"BQdL/jsMg4efFm8Nq24O13mk5fsgjLf8kdLaJ/Y9Bug1","previousCounter":0,"rootKey":"llIugxhMB3qrOH1S7XIOOI0IOBlOuCTd+ICJj3EIoa4="},"indexInfo":{"baseKey":"BY9DHArjcQBz2QCl99cbqsfVsMantEk4YQQz1UcvbY59","baseKeyType":1,"closed":-1,"used":1748354351611,"created":1748354351611,"remoteIdentityKey":"BT/Dn1wnywIQLPg7tIOzab4MgtDw3wcgk/pLvPNv1cIf"},"_chains":{"BSqunwA6Lreboh5aGr0wd4aYGd6yE6TwQwc3MY7ScXEj":{"chainKey":{"counter":0,"key":"DPrPaasJmsh3WVVYR1fwDHVQkV6IMLgyDyca9SFlGns="},"chainType":1,"messageKeys":{}}},"pendingPreKey":{"signedKeyId":3,"baseKey":"BY9DHArjcQBz2QCl99cbqsfVsMantEk4YQQz1UcvbY59","preKeyId":6492600}}},"version":"v1"}