{"_sessions":{"BVPLNBz6fa1W/thsQESVJccEl6aE+beDl5B+pXY+0ucP":{"registrationId":1579431446,"currentRatchet":{"ephemeralKeyPair":{"pubKey":"Bdlp1zuy/VMt2MjPfIdgyVLAAslaCGs6EV5FA6n/0g1U","privKey":"eO44+x/0ztptARj8f85AzglaCYWgN8nNbXaDrB9vY2s="},"lastRemoteEphemeralKey":"BQJH6qxtVaZpv69O33Se0YzihREdFyAkr6FkRgVhHlkr","previousCounter":0,"rootKey":"ZqcGd5kdb8OnaSzJ5vDa5Vu6sFaFrFVg+IlepMDEuLw="},"indexInfo":{"baseKey":"BVPLNBz6fa1W/thsQESVJccEl6aE+beDl5B+pXY+0ucP","baseKeyType":1,"closed":-1,"used":1748354355702,"created":1748354355702,"remoteIdentityKey":"BbmP7GOQoQNv2wetJ5GHBA2T3/26KBZ30wDawdA4Dkp1"},"_chains":{"Bdlp1zuy/VMt2MjPfIdgyVLAAslaCGs6EV5FA6n/0g1U":{"chainKey":{"counter":0,"key":"dmRQu2f6foDNbyTeJY8qwTYHYjTn1ZjRP2DF8VcxnY4="},"chainType":1,"messageKeys":{}}},"pendingPreKey":{"signedKeyId":11,"baseKey":"BVPLNBz6fa1W/thsQESVJccEl6aE+beDl5B+pXY+0ucP","preKeyId":11852984}}},"version":"v1"}