{"_sessions":{"BfSrm3IkHyL99P9v7L+/1w2CD2/GCUvoc+rAGAN5cZJK":{"registrationId":1915441194,"currentRatchet":{"ephemeralKeyPair":{"pubKey":"BfFoXXt6HGjE9IWYPOO2fdaMhZuyK5UsOZb8pI2igoZc","privKey":"cNkrNtfZkUQ/yW9b8nILfZSiVDznBMX3cOe/wfF1Ik4="},"lastRemoteEphemeralKey":"BR/b92BBn/Ms4csGagULR9VCtsy+WkFD3Ta8Dcp49uVC","previousCounter":0,"rootKey":"sgSwQNdstym2dZuLXfZ+A1qF+UTl4BKNHLwp0RAWWI0="},"indexInfo":{"baseKey":"BfSrm3IkHyL99P9v7L+/1w2CD2/GCUvoc+rAGAN5cZJK","baseKeyType":1,"closed":-1,"used":1748354354743,"created":1748354354743,"remoteIdentityKey":"BTrMB3Y1N4SAKpxyOikHXR2DmS7wSfoIpHJlbIpiaVMd"},"_chains":{"BfFoXXt6HGjE9IWYPOO2fdaMhZuyK5UsOZb8pI2igoZc":{"chainKey":{"counter":0,"key":"QkmDSmtODk6BT0J+104GWP/HQ0rHsvwVBnJTqGySFew="},"chainType":1,"messageKeys":{}}},"pendingPreKey":{"signedKeyId":0,"baseKey":"BfSrm3IkHyL99P9v7L+/1w2CD2/GCUvoc+rAGAN5cZJK","preKeyId":5681225}}},"version":"v1"}