{"_sessions":{"Bcy1oNEObi/4XlVogHXnK1AxdmBoL0g4RyQrSqs7KfQc":{"registrationId":1565169932,"currentRatchet":{"ephemeralKeyPair":{"pubKey":"BRkZ8Lw3DSA3akDPpWAeaEWwdryByIToX01CzNrpVnF4","privKey":"IPfJt5GkhksWBj74RMCCPTwHNSId6Nhmfza8qeJDA3w="},"lastRemoteEphemeralKey":"BTwQ4szriYiOViYLHFPJaJN8Oma6sdwziZMeLhfEWxgU","previousCounter":0,"rootKey":"Row78mEepX/xp9TAue0M/rgyV1+eYBHPagVW8sDX8fE="},"indexInfo":{"baseKey":"Bcy1oNEObi/4XlVogHXnK1AxdmBoL0g4RyQrSqs7KfQc","baseKeyType":1,"closed":-1,"used":1748354359353,"created":1748354359353,"remoteIdentityKey":"BdWc4PvE2vJaDeVVy2Ts48VHFQbGJsAUkQg5CEclSPZP"},"_chains":{"BRkZ8Lw3DSA3akDPpWAeaEWwdryByIToX01CzNrpVnF4":{"chainKey":{"counter":0,"key":"0AmQ+ocK2f8dIJIpGg8dxKvvDXrJYsptPAFoltRoLIk="},"chainType":1,"messageKeys":{}}},"pendingPreKey":{"signedKeyId":1,"baseKey":"Bcy1oNEObi/4XlVogHXnK1AxdmBoL0g4RyQrSqs7KfQc","preKeyId":9458815}}},"version":"v1"}