{"_sessions":{"BdEuCc605czp1/EJZhFeQscH5ZAimMXioWW9QT9DRaBd":{"registrationId":250231210,"currentRatchet":{"ephemeralKeyPair":{"pubKey":"BafhrAoTQhBfKG7d9hiH4S78qSbXO7rwymJQQpqzRb4V","privKey":"CAEG3HS3CHX4K437o6ixm6ktRJFsbKXmOL17LdLOYH0="},"lastRemoteEphemeralKey":"BdLqHrpiohJ5881VFplLy3ysW+oZtqmEEzRj5VU5N1sf","previousCounter":0,"rootKey":"0+3+BXNCWJbJxckfWJFrJ6xjzWySa+K+mzetQ7NowWw="},"indexInfo":{"baseKey":"BdEuCc605czp1/EJZhFeQscH5ZAimMXioWW9QT9DRaBd","baseKeyType":1,"closed":-1,"used":1748354355690,"created":1748354355690,"remoteIdentityKey":"BaulCASaUAQ8VIFC4gNC0Dtf2r6Ti+qqCrda2M6saW5d"},"_chains":{"BafhrAoTQhBfKG7d9hiH4S78qSbXO7rwymJQQpqzRb4V":{"chainKey":{"counter":0,"key":"eHA5SydodMwOTthUlRbPoizZ0pqlXYgabjA4WRhj4lM="},"chainType":1,"messageKeys":{}}},"pendingPreKey":{"signedKeyId":5,"baseKey":"BdEuCc605czp1/EJZhFeQscH5ZAimMXioWW9QT9DRaBd","preKeyId":11744385}}},"version":"v1"}