{"_sessions":{"BQ0jdf/8cwZPX1qvlbe2o2jHlbAMZVxPjrL+HApURWty":{"registrationId":831279902,"currentRatchet":{"ephemeralKeyPair":{"pubKey":"BTgxvBD4675SSiFPPdgf6tse8CMGw0RCc/itaEgbhht0","privKey":"aDGkUf5KGSzXJaJ4QhXfEFxKaF12mpBRCmlAH/06kEE="},"lastRemoteEphemeralKey":"BflNa9P6rXIPp3sylYI5+i/J2WtgWLamvIqRHKRRLM92","previousCounter":0,"rootKey":"DT+RmO+MCWI+SJOWkp82/slg8NCmW4SiiZdmTpqMldc="},"indexInfo":{"baseKey":"BQ0jdf/8cwZPX1qvlbe2o2jHlbAMZVxPjrL+HApURWty","baseKeyType":1,"closed":-1,"used":1748354355354,"created":1748354355354,"remoteIdentityKey":"BaUja3CDQm+gyg7OxM8QZdrJylEE3E7b+nfeRZ/P1/ZZ"},"_chains":{"BTgxvBD4675SSiFPPdgf6tse8CMGw0RCc/itaEgbhht0":{"chainKey":{"counter":0,"key":"X/L741uOO5nB06cqie+G6RUO7lM1ki9Bk/6KlvD+Lio="},"chainType":1,"messageKeys":{}}},"pendingPreKey":{"signedKeyId":3,"baseKey":"BQ0jdf/8cwZPX1qvlbe2o2jHlbAMZVxPjrL+HApURWty","preKeyId":8480582}}},"version":"v1"}