{"_sessions":{"BfRzr0oQzXcvQDHeqFMF/1KKbVCJ/kwvtb1bP/yJorhp":{"registrationId":1143903027,"currentRatchet":{"ephemeralKeyPair":{"pubKey":"BTD71Mv3tCK6dRyzuLqloOu0xEh90sbXiiIO23KE2ylq","privKey":"6AwP2lqc62Ibe0oD+l7Spg95t6//aMe+UewK3p2fm0U="},"lastRemoteEphemeralKey":"BfirxLGl20eClY01jr5U7mgnvn5PCFWC9kXkj619NwVh","previousCounter":0,"rootKey":"Qg6bSfaJOq5PkNArhVeFFQWRGVC4UUyUh8nQwLhmXl4="},"indexInfo":{"baseKey":"BfRzr0oQzXcvQDHeqFMF/1KKbVCJ/kwvtb1bP/yJorhp","baseKeyType":1,"closed":-1,"used":1748354360344,"created":1748354360344,"remoteIdentityKey":"BYA5zISwkOD/7a3L6Vov7gDmbFFJzAKmTiFsFnU+mjVI"},"_chains":{"BTD71Mv3tCK6dRyzuLqloOu0xEh90sbXiiIO23KE2ylq":{"chainKey":{"counter":0,"key":"blpFYO2WnEEhMG1oq+z2VJEeYW5WSipzJYGLfJ+Vv+A="},"chainType":1,"messageKeys":{}}},"pendingPreKey":{"signedKeyId":4,"baseKey":"BfRzr0oQzXcvQDHeqFMF/1KKbVCJ/kwvtb1bP/yJorhp","preKeyId":12250170}}},"version":"v1"}