{"_sessions":{"BexFiXUrroyF2kmXTmpOpdF0YhQkeMfqZjepY3RpNMgv":{"registrationId":60580755,"currentRatchet":{"ephemeralKeyPair":{"pubKey":"Bcic1hMbofMBS0hwIQN+iqAHS3cEkto+HI3txSMqO3tm","privKey":"wD4zSwHhQX8xenF4UAlLciqNE3VZ42gPeNOJzNcIK3s="},"lastRemoteEphemeralKey":"BQDCfcZ4zVL6IMySBXYmudk4IDNS4I1eMjgrRb1WC5JC","previousCounter":0,"rootKey":"5wrj8M7058/6BCrLZ2XMitrctga8IjD+1ZNJFBzmG44="},"indexInfo":{"baseKey":"BexFiXUrroyF2kmXTmpOpdF0YhQkeMfqZjepY3RpNMgv","baseKeyType":1,"closed":-1,"used":1748354347387,"created":1748354347387,"remoteIdentityKey":"BYAAqneifcwVfpDYT8bYK6vJLTxKiZPuRZBzjk3OUJx3"},"_chains":{"Bcic1hMbofMBS0hwIQN+iqAHS3cEkto+HI3txSMqO3tm":{"chainKey":{"counter":0,"key":"PgxtU8eLesH3CZ/HK2zDx/+Hi6uPQdAvbHjqlrdK7VQ="},"chainType":1,"messageKeys":{}}},"pendingPreKey":{"signedKeyId":1,"baseKey":"BexFiXUrroyF2kmXTmpOpdF0YhQkeMfqZjepY3RpNMgv"}}},"version":"v1"}