{"_sessions":{"Bbf4pH2PrT7BeTwmmipd0tj+rnv+VS+qUBB6pYjKiqIa":{"registrationId":383436861,"currentRatchet":{"ephemeralKeyPair":{"pubKey":"BbGRerlyl+45L4gBWXFdzTlfjpMUSGoHagE9lhXJVa14","privKey":"cKBzBks4vsZq3g+tn2fYYHqZBPYvyOnTfVvNK2fMUWw="},"lastRemoteEphemeralKey":"BVIJI2u/oR4+05J5XcWrLFe5TRVYcTb7MobhU1hHM1gW","previousCounter":0,"rootKey":"PbIFPaasi0O8pEzyjbEV7FUKoMBM+M7Yb09lVPVvgbc="},"indexInfo":{"baseKey":"Bbf4pH2PrT7BeTwmmipd0tj+rnv+VS+qUBB6pYjKiqIa","baseKeyType":1,"closed":-1,"used":1748354355823,"created":1748354355823,"remoteIdentityKey":"BR0z+A3pAUKNQoMQCiIdNSz5FnRx64DtkeKUG+t/L4tt"},"_chains":{"BbGRerlyl+45L4gBWXFdzTlfjpMUSGoHagE9lhXJVa14":{"chainKey":{"counter":0,"key":"OY21c+w/hMS58tDF+RwfgHyy+bBg6jkMkxMDUpy4CnA="},"chainType":1,"messageKeys":{}}},"pendingPreKey":{"signedKeyId":3,"baseKey":"Bbf4pH2PrT7BeTwmmipd0tj+rnv+VS+qUBB6pYjKiqIa","preKeyId":11858877}}},"version":"v1"}