{"_sessions":{"Be1oMAkwdDQR34RXL6YV+uLQL5QFerZvtYO0T2e/3wI3":{"registrationId":1856206319,"currentRatchet":{"ephemeralKeyPair":{"pubKey":"BRD/NTeXB3lYPh2yQlLwhNNlwKCdFy8JYs2jfI3ruOgO","privKey":"WE4pHeZ2Abnf799cwASr47Nvyck8PjLSHIJ0U+U5XmI="},"lastRemoteEphemeralKey":"BZCjs4vF4rsGE6qGwxvM5XmgoAkpj9x4ImxekgPO1hgt","previousCounter":0,"rootKey":"zCIlj/gCEnyXjmJqRAuUxPklUpftuGThm7qdPChoaVw="},"indexInfo":{"baseKey":"Be1oMAkwdDQR34RXL6YV+uLQL5QFerZvtYO0T2e/3wI3","baseKeyType":1,"closed":-1,"used":1748354358950,"created":1748354358950,"remoteIdentityKey":"BacraAFZA4uKxa0gCXmTDqaHRfrhZOypns6KQ+8XONwA"},"_chains":{"BRD/NTeXB3lYPh2yQlLwhNNlwKCdFy8JYs2jfI3ruOgO":{"chainKey":{"counter":0,"key":"0JV/fWzNAP/M3sWhtS7A21XOHy2Lp0IXXux2A+Kufo0="},"chainType":1,"messageKeys":{}}},"pendingPreKey":{"signedKeyId":2,"baseKey":"Be1oMAkwdDQR34RXL6YV+uLQL5QFerZvtYO0T2e/3wI3","preKeyId":6142513}}},"version":"v1"}