{"_sessions":{"BRLzZ/CvXldbnRBOl4jP7+TsQBv7xZ+UjlYQBYkRr8cU":{"registrationId":590650813,"currentRatchet":{"ephemeralKeyPair":{"pubKey":"BcNUOmY+lJn0NK5eLrXSGPWETYuTNfIWRuUKi6DqE8RJ","privKey":"aOBK5oF0YpwdTQ91j0q1MCDMaLxKF+BydCRk5BR9y2o="},"lastRemoteEphemeralKey":"BbEdQciWd04YMyxYgdOjoOTIJ6KrbjkRXh4+bnXgqntw","previousCounter":0,"rootKey":"ZG7CUHFeBFRARLSih+aIApb8DevbZ/f5HvFiGMIQEno="},"indexInfo":{"baseKey":"BRLzZ/CvXldbnRBOl4jP7+TsQBv7xZ+UjlYQBYkRr8cU","baseKeyType":1,"closed":-1,"used":1748354358800,"created":1748354358800,"remoteIdentityKey":"BWxG38wUyDmZfm9TeKVWVYD3um8esndaNiLNORhhplJG"},"_chains":{"BcNUOmY+lJn0NK5eLrXSGPWETYuTNfIWRuUKi6DqE8RJ":{"chainKey":{"counter":0,"key":"RejcriJG58mqsfMfklmgkQRgsgRhmGodss6//cbfb/I="},"chainType":1,"messageKeys":{}}},"pendingPreKey":{"signedKeyId":2,"baseKey":"BRLzZ/CvXldbnRBOl4jP7+TsQBv7xZ+UjlYQBYkRr8cU","preKeyId":8291239}}},"version":"v1"}