{"_sessions":{"BUJFvAHCI0MjVCq5pjQvhePVABgrz47NM9nqRTiMnxAZ":{"registrationId":624976720,"currentRatchet":{"ephemeralKeyPair":{"pubKey":"BTatIs0tCWWnizP19OwDOKYZsJP5b/h8cKUccfKKAYId","privKey":"IPtjcyvak76/vUhjKeQa1yx0YGo5O0ofolHTj3sQHlo="},"lastRemoteEphemeralKey":"BbFQhczXTSFssd9l1xBhBQwDG9cuttyymWv49QcJR2c2","previousCounter":0,"rootKey":"iScw3fIkxbnb/G1lwX+Jhp+qPaKnQTQQo99722N3bjQ="},"indexInfo":{"baseKey":"BUJFvAHCI0MjVCq5pjQvhePVABgrz47NM9nqRTiMnxAZ","baseKeyType":1,"closed":-1,"used":1748354351491,"created":1748354351491,"remoteIdentityKey":"BQmCBZUeV/mIyIu7qx5yuxoXYbuTOV1z175Si/ujnR9K"},"_chains":{"BTatIs0tCWWnizP19OwDOKYZsJP5b/h8cKUccfKKAYId":{"chainKey":{"counter":0,"key":"j43SqMWf/TU8FmQUngqXyKZii2kCPhNR7ysukx7A5Fc="},"chainType":1,"messageKeys":{}}},"pendingPreKey":{"signedKeyId":1,"baseKey":"BUJFvAHCI0MjVCq5pjQvhePVABgrz47NM9nqRTiMnxAZ","preKeyId":16388949}}},"version":"v1"}