{"_sessions":{"BWEBGIxCXfWqrUX1V1ga4Lb5IT4+a1AXmWn0tLsePztR":{"registrationId":1793766422,"currentRatchet":{"ephemeralKeyPair":{"pubKey":"BXa63P8eyac0feIyuWKG7gxFNkrgfQrImvpDwyXG8TMy","privKey":"oAKQjOo7TsEUSgWJahTbZGuY6IR1HIt5OmNPw5mgHWg="},"lastRemoteEphemeralKey":"BfqDXP99PSJfvcT1ktoXaRXnbMB4KT8QwdklafnjwB1l","previousCounter":0,"rootKey":"l/PQTdrV9N2iACAK82+j7TsF/Wh1JNWkFqTVOmRD0vw="},"indexInfo":{"baseKey":"BWEBGIxCXfWqrUX1V1ga4Lb5IT4+a1AXmWn0tLsePztR","baseKeyType":1,"closed":-1,"used":1748354352104,"created":1748354352104,"remoteIdentityKey":"BXahD/HqHZK1keONRZ1crSkZgSshtkU+9VsL58AdEfRP"},"_chains":{"BXa63P8eyac0feIyuWKG7gxFNkrgfQrImvpDwyXG8TMy":{"chainKey":{"counter":0,"key":"HxQBMf2GoYOjKpHYvcQPw3ayYyFT3diug1Ny5Ie4Zms="},"chainType":1,"messageKeys":{}}},"pendingPreKey":{"signedKeyId":0,"baseKey":"BWEBGIxCXfWqrUX1V1ga4Lb5IT4+a1AXmWn0tLsePztR","preKeyId":10122452}}},"version":"v1"}