{"_sessions":{"BW2sRVnJWk/xJsxSUMFl6+AIR7RCfYPN9wcaprsBclc+":{"registrationId":1397390352,"currentRatchet":{"ephemeralKeyPair":{"pubKey":"BReiysxNbLLzrhI7FLV9s75kCQK/7K4xza/Lk/AOmmEp","privKey":"0Nm/pwGhwk0wdCT9nS78Bd84ropO9ly9wQYS319tIWE="},"lastRemoteEphemeralKey":"BaZdKB+cmyanScQwCpfaNC2UuXR7bthAc9kRe1QtKbsD","previousCounter":0,"rootKey":"oO/SLVZRVp8TVp+GDwAeg5k67z+dVlPTaxHPWyty5+8="},"indexInfo":{"baseKey":"BW2sRVnJWk/xJsxSUMFl6+AIR7RCfYPN9wcaprsBclc+","baseKeyType":1,"closed":-1,"used":1748354355875,"created":1748354355875,"remoteIdentityKey":"BdNam9onkWAr6FedB5TVoXVoNIFboJTRQMI3bdFn8NF5"},"_chains":{"BReiysxNbLLzrhI7FLV9s75kCQK/7K4xza/Lk/AOmmEp":{"chainKey":{"counter":0,"key":"YL9mPvPpLHk17WhsJr/Ae2V+xKaYOK1M91yo/R8E1LM="},"chainType":1,"messageKeys":{}}},"pendingPreKey":{"signedKeyId":0,"baseKey":"BW2sRVnJWk/xJsxSUMFl6+AIR7RCfYPN9wcaprsBclc+"}}},"version":"v1"}