{"_sessions":{"BYElG0n2KKMB8XuT4U7HFzCUOadbMXXTTIO+ibhKjQkZ":{"registrationId":188510280,"currentRatchet":{"ephemeralKeyPair":{"pubKey":"BcoWteCv6UpFuM42J9VG0abwIgimEamoGdFXL6NY//pE","privKey":"uFvpqiauf3V13kgd1Fab8ZW5rf/Ju9VHyxTSOXsQTWk="},"lastRemoteEphemeralKey":"BdoCoQ+FL16CkrOv7Rf8pMUzCTkdDNIoAhMEavag3RoJ","previousCounter":0,"rootKey":"IvOMR73cnv/mrbdcdt70nJKA/ktSxtecAtgk2QGW608="},"indexInfo":{"baseKey":"BYElG0n2KKMB8XuT4U7HFzCUOadbMXXTTIO+ibhKjQkZ","baseKeyType":1,"closed":-1,"used":1748354358427,"created":1748354358427,"remoteIdentityKey":"BfQywTyM0TZE1kYhvKiIA9HTPz9flY4X+SHkqE4EsHUL"},"_chains":{"BcoWteCv6UpFuM42J9VG0abwIgimEamoGdFXL6NY//pE":{"chainKey":{"counter":0,"key":"rAgx/W2bwQQFplV39gJFsRkMFN07O7A9yM7IlM4WwCs="},"chainType":1,"messageKeys":{}}},"pendingPreKey":{"signedKeyId":6,"baseKey":"BYElG0n2KKMB8XuT4U7HFzCUOadbMXXTTIO+ibhKjQkZ","preKeyId":4845830}}},"version":"v1"}