{"_sessions":{"BZpUczz/1hb928LfwyAMifcak1G2NMXyuvCGNBFXrcJg":{"registrationId":828903651,"currentRatchet":{"ephemeralKeyPair":{"pubKey":"BTN5QGocPrqpiUdVLEJtBwmAO72KG3HhFEhQlZUQ+Rs0","privKey":"gP4QgmaNaY6Q7bezduuegfGlVMtIkAUo2nFVdpslhFs="},"lastRemoteEphemeralKey":"BcF1bBYe3eQ5+yP/Gk56ew21kXqUHj+2W7hXB3H+nNQV","previousCounter":0,"rootKey":"uVBPPth8xFHBRA3PjJtRx3udQZE7zIldNLZgijj6NbA="},"indexInfo":{"baseKey":"BZpUczz/1hb928LfwyAMifcak1G2NMXyuvCGNBFXrcJg","baseKeyType":1,"closed":-1,"used":1748354355418,"created":1748354355418,"remoteIdentityKey":"BWjA5D7YPI003PbJbJHFq4WBPPhEiLev9CjsvTxO1qM0"},"_chains":{"BTN5QGocPrqpiUdVLEJtBwmAO72KG3HhFEhQlZUQ+Rs0":{"chainKey":{"counter":0,"key":"a6/kW4nNIDUt2by+b3ZheGFnQvrFN4FdfoRMa5JiicU="},"chainType":1,"messageKeys":{}}},"pendingPreKey":{"signedKeyId":13,"baseKey":"BZpUczz/1hb928LfwyAMifcak1G2NMXyuvCGNBFXrcJg","preKeyId":12659293}}},"version":"v1"}