{"_sessions":{"Bcn2tPeAwoRTyx8HMpMgjwgziB/D23pd2WgmUk66AGYZ":{"registrationId":248727733,"currentRatchet":{"ephemeralKeyPair":{"pubKey":"BQsFMRVn7nk9OIwaPU9/OSk8Tr2qFAvKNZY6tTR2S3sP","privKey":"uN4zEj8RCe9iZKnCNqtsDV4Xwy2D6Twvm5NYJ6ULWEk="},"lastRemoteEphemeralKey":"BeuXTgPtNHJPkMQWU1+W715GGDsHWUMHBWTXZ+dQ87RO","previousCounter":0,"rootKey":"05QpNAnHRsvU1jMpMN/HbbxKWOZDsOu3H/Iuf6XkcyE="},"indexInfo":{"baseKey":"Bcn2tPeAwoRTyx8HMpMgjwgziB/D23pd2WgmUk66AGYZ","baseKeyType":1,"closed":-1,"used":1748354351044,"created":1748354351044,"remoteIdentityKey":"BYadyQv8ZAe/SNAH72YNu7vOuucEL/AmJ6c+nX/i6TUW"},"_chains":{"BQsFMRVn7nk9OIwaPU9/OSk8Tr2qFAvKNZY6tTR2S3sP":{"chainKey":{"counter":0,"key":"QREjeMjwY+2N+QH7YrglMrvlBSoUYa2AMlHFwacqxyE="},"chainType":1,"messageKeys":{}}},"pendingPreKey":{"signedKeyId":19,"baseKey":"Bcn2tPeAwoRTyx8HMpMgjwgziB/D23pd2WgmUk66AGYZ","preKeyId":5671439}}},"version":"v1"}