{"_sessions":{"BYjE4/ER3nWQDguAk2ce8PEPNAlF4sHxVn1ZPbCsT6IS":{"registrationId":1174775292,"currentRatchet":{"ephemeralKeyPair":{"pubKey":"BX0sLdmWbFIaGbDaS/+srt2GpUY6CWcgEyDUxE9svChd","privKey":"iGUCCl+pr9psGjERQDcMu5DPQwIhlgBe0typhcc1XFc="},"lastRemoteEphemeralKey":"BYCWdpX/YM20TBwpfMgnCK7tWOE4e9ai83YgxIsUkzZI","previousCounter":0,"rootKey":"urA05k6bUo9bjQcTISnsSSo4pdbwjkMBZ0t1ljVEnhE="},"indexInfo":{"baseKey":"BYjE4/ER3nWQDguAk2ce8PEPNAlF4sHxVn1ZPbCsT6IS","baseKeyType":1,"closed":-1,"used":1748354355067,"created":1748354355067,"remoteIdentityKey":"Bcuq4X3OZ0RMBa6q/jxW8jX/7tsGYtOW4T+Nvp41kj9z"},"_chains":{"BX0sLdmWbFIaGbDaS/+srt2GpUY6CWcgEyDUxE9svChd":{"chainKey":{"counter":0,"key":"/rxc0mdmaTAFCH8FBhLIbTrynfyW7TP4SEAcFmD4IFo="},"chainType":1,"messageKeys":{}}},"pendingPreKey":{"signedKeyId":1,"baseKey":"BYjE4/ER3nWQDguAk2ce8PEPNAlF4sHxVn1ZPbCsT6IS","preKeyId":932205}}},"version":"v1"}