{"_sessions":{"BXN2g83RCadxG64ybkJ4KjxqrDDB72szRPmgLNKkhTI4":{"registrationId":265698357,"currentRatchet":{"ephemeralKeyPair":{"pubKey":"BT7q0IsG8BL10P6kw80Z9t/vbIVaX48w2fJRZqe8Rf09","privKey":"iMQEFCwd3887dedFHSwVEYX0+tetOU65FHMljAg+QHQ="},"lastRemoteEphemeralKey":"Bdufn0bL7s4sCkKO5a5gXEsAweH0Qi09UaOeoQ9iNsIE","previousCounter":0,"rootKey":"ZoakjRr8z7IDZuj3rxxhOhpx1VwVsoSpyCx7SNBxZuA="},"indexInfo":{"baseKey":"BXN2g83RCadxG64ybkJ4KjxqrDDB72szRPmgLNKkhTI4","baseKeyType":1,"closed":-1,"used":1748354348111,"created":1748354348111,"remoteIdentityKey":"BdTPYq6W/XRaW9om6D/LRjOt0Fzo4ouviUrfuTWJOawj"},"_chains":{"BT7q0IsG8BL10P6kw80Z9t/vbIVaX48w2fJRZqe8Rf09":{"chainKey":{"counter":0,"key":"Y0T/BGniuHQHyN7IeluBLH74eknUTn3Rh9TeTtf0diA="},"chainType":1,"messageKeys":{}}},"pendingPreKey":{"signedKeyId":1,"baseKey":"BXN2g83RCadxG64ybkJ4KjxqrDDB72szRPmgLNKkhTI4","preKeyId":5934582}}},"version":"v1"}