{"_sessions":{"BU3BsrkMkl0PSH2TOOSPXCMxLj3p6tZtwYr+gdbC8FhQ":{"registrationId":1962979039,"currentRatchet":{"ephemeralKeyPair":{"pubKey":"Be0W2GqqMwEcOdgKVd9QqhRWg2V9goClEeGfQg65p9UH","privKey":"iO+cLgrQJOrJsjQ/bltga1H+KdPYOmu2+Y1jBPYQ21s="},"lastRemoteEphemeralKey":"Bbb14mpYlzoRsoTYMS8m4S3rruJOD5kFjqJXhRQHtoEC","previousCounter":0,"rootKey":"31USv152NkHTTfaWz22Bg5p2aFlFbPBHJc9ME3QAmvQ="},"indexInfo":{"baseKey":"BU3BsrkMkl0PSH2TOOSPXCMxLj3p6tZtwYr+gdbC8FhQ","baseKeyType":1,"closed":-1,"used":1748354360667,"created":1748354360667,"remoteIdentityKey":"BQU+A1uGrnb+KPAd9iqbOC10Gou7dfPEZDfZDqSxlP9W"},"_chains":{"Be0W2GqqMwEcOdgKVd9QqhRWg2V9goClEeGfQg65p9UH":{"chainKey":{"counter":0,"key":"O7puDCTAaV3l+X/B1+O9iAly+WGPqKik7O9PqoyAEmM="},"chainType":1,"messageKeys":{}}},"pendingPreKey":{"signedKeyId":7,"baseKey":"BU3BsrkMkl0PSH2TOOSPXCMxLj3p6tZtwYr+gdbC8FhQ","preKeyId":2384597}}},"version":"v1"}