{"_sessions":{"BdhP+FwMATmChU/tMmjHzOaUZ3zh92uqp98KvZY3itcN":{"registrationId":1196999003,"currentRatchet":{"ephemeralKeyPair":{"pubKey":"Bd3WuPKctT2ILTyAhdHSAmdVZxcJ8tMis+kqpaXNk5pQ","privKey":"yJZJGQwcfE+4Lm5i2SLQWlcB1zh40/ICYOcqBePvM08="},"lastRemoteEphemeralKey":"BYdCPky0HhCH/UQmzu/DyYKr1stUmvmx4jaUMGwFn9Ym","previousCounter":0,"rootKey":"SvEejWfM3IlaA9xuhzri3dFqmUlxwk1AtXspONZbFN4="},"indexInfo":{"baseKey":"BdhP+FwMATmChU/tMmjHzOaUZ3zh92uqp98KvZY3itcN","baseKeyType":1,"closed":-1,"used":1748354355528,"created":1748354355528,"remoteIdentityKey":"BUQjDR+9eYkqk/o/oPO26boxR0pJ/M2d7dF2PhvoBRNx"},"_chains":{"Bd3WuPKctT2ILTyAhdHSAmdVZxcJ8tMis+kqpaXNk5pQ":{"chainKey":{"counter":0,"key":"j4oxAU297TgeCTwQCBLIGz2UiO2HDErZuq+E/UFfkow="},"chainType":1,"messageKeys":{}}},"pendingPreKey":{"signedKeyId":10,"baseKey":"BdhP+FwMATmChU/tMmjHzOaUZ3zh92uqp98KvZY3itcN","preKeyId":11051693}}},"version":"v1"}