{"_sessions":{"BaSw0hs/PWEdpxK1JOq30BnnG1lvUi1WcGCeXwtoaDlD":{"registrationId":1427535865,"currentRatchet":{"ephemeralKeyPair":{"pubKey":"BRdPeAzdvB0n9Sw9fjsITEMqu45HOxMTnNrA4i8ahMBY","privKey":"AKJJ8wbt9vDQ9Jnm9VJDeYhJeibVzpWnueeZBkVA7Fo="},"lastRemoteEphemeralKey":"BVB6BgwuFDlczbTLmI1xwm6Peu08+fHuuwt2yaxO2OFm","previousCounter":0,"rootKey":"hFeisPAjKOzRV2gyi4n04NX1EGT4o/iDnQc5qGFUFvk="},"indexInfo":{"baseKey":"BaSw0hs/PWEdpxK1JOq30BnnG1lvUi1WcGCeXwtoaDlD","baseKeyType":1,"closed":-1,"used":1748354348037,"created":1748354348037,"remoteIdentityKey":"BU0q/uGGxMeLPD1CdizHs79UgHyJcovhibuMrxhekjM5"},"_chains":{"BRdPeAzdvB0n9Sw9fjsITEMqu45HOxMTnNrA4i8ahMBY":{"chainKey":{"counter":0,"key":"0bUvCaL7pcLXwrpI3bVUQN4MqnycJrwprBMUNDsAGGg="},"chainType":1,"messageKeys":{}}},"pendingPreKey":{"signedKeyId":0,"baseKey":"BaSw0hs/PWEdpxK1JOq30BnnG1lvUi1WcGCeXwtoaDlD","preKeyId":4728617}}},"version":"v1"}