{"_sessions":{"BVvtopA2mfczPFmL1LbQO1nBYBjCuTA7sguq4PnFcgYb":{"registrationId":4567,"currentRatchet":{"ephemeralKeyPair":{"pubKey":"Bak6ejvQDjyRXGNqw8h/FR8Wmuxo7OagIV4rIvTxXGUL","privKey":"oKtreauYUbUHUQEm5YYnN+p7KXJSDh3tDuXaEfej00o="},"lastRemoteEphemeralKey":"BQGgDGOuOk6fd5jkNFc5uQlHxfpm/w9vWZb02x+IS3tL","previousCounter":0,"rootKey":"p8hJnNFtvnFVg27IO7ZjEw4lzHkY9Vw4bFmOw+hiXXY="},"indexInfo":{"baseKey":"BVvtopA2mfczPFmL1LbQO1nBYBjCuTA7sguq4PnFcgYb","baseKeyType":1,"closed":-1,"used":1748354347306,"created":1748354347306,"remoteIdentityKey":"BeiJrxTO1vLnG0I12w5YXRbZUNZrISoXwoF/SRb/Gu1x"},"_chains":{"Bak6ejvQDjyRXGNqw8h/FR8Wmuxo7OagIV4rIvTxXGUL":{"chainKey":{"counter":0,"key":"x5tFJP3uiOzdfW86AJLh5GveKsf2NW/z2KdzCI+bwcA="},"chainType":1,"messageKeys":{}}},"pendingPreKey":{"signedKeyId":1,"baseKey":"BVvtopA2mfczPFmL1LbQO1nBYBjCuTA7sguq4PnFcgYb","preKeyId":1844}}},"version":"v1"}