{"_sessions":{"BbFd5LKc16CHYoMxKkCIAaRmRX7+Am5eWIuNMatXQaUr":{"registrationId":1834190956,"currentRatchet":{"ephemeralKeyPair":{"pubKey":"BezTtV6N9Dph+9mZK7PhbKanl8chCxEvE64606BRwLA5","privKey":"4Fr2KuJmEUuQFlMmdBc58lQUStE7dweuqNOR02dBd2E="},"lastRemoteEphemeralKey":"BXuUUcsoh641t+CtnAKZk1YBcE1BMOj60GxVh88ymVQQ","previousCounter":0,"rootKey":"gQSCAOr01sLKoOFxa/aQQtNQ/DzVTgI67FpC4Wln3lU="},"indexInfo":{"baseKey":"BbFd5LKc16CHYoMxKkCIAaRmRX7+Am5eWIuNMatXQaUr","baseKeyType":1,"closed":-1,"used":1748354358936,"created":1748354358936,"remoteIdentityKey":"BUl+pHgNfwJsXO41eYhByPKGyldeTboKKPxH8gAtOPBz"},"_chains":{"BezTtV6N9Dph+9mZK7PhbKanl8chCxEvE64606BRwLA5":{"chainKey":{"counter":0,"key":"vEGFRXOvKsT4CswYWKWRXoM2ysU9lZHUC17yOWDYxNk="},"chainType":1,"messageKeys":{}}},"pendingPreKey":{"signedKeyId":14,"baseKey":"BbFd5LKc16CHYoMxKkCIAaRmRX7+Am5eWIuNMatXQaUr","preKeyId":11175243}}},"version":"v1"}