{"_sessions":{"BUhAbLRLXipTUJ0wQOiVc1+rNVTRKQBP/8k7eEw+2ztH":{"registrationId":410183973,"currentRatchet":{"ephemeralKeyPair":{"pubKey":"BVAbnjDSXhM5nKjvpVIArxu20+zX17XhwNn0vFBAoFJK","privKey":"mN1byp6RAit0fCPiC68EXpGDxMCqmRebGF/lXaPo4X4="},"lastRemoteEphemeralKey":"BcGp0HPXY3I//S3DSuIuC5KeN2EWejRcDlflBrAao+tg","previousCounter":0,"rootKey":"4n9CZHPNYMc90CACT+U7fmBqQHQYWwbDYkKiY0CAyTc="},"indexInfo":{"baseKey":"BUhAbLRLXipTUJ0wQOiVc1+rNVTRKQBP/8k7eEw+2ztH","baseKeyType":1,"closed":-1,"used":1748354360754,"created":1748354360754,"remoteIdentityKey":"BY+I7+Qo+gBHEL5e9dteerZ9EEepyDlA2aXsFkEgaqVE"},"_chains":{"BVAbnjDSXhM5nKjvpVIArxu20+zX17XhwNn0vFBAoFJK":{"chainKey":{"counter":0,"key":"/hylmx548pSfISbXpE/tYcliapHgkM7uqSg+EerhE7E="},"chainType":1,"messageKeys":{}}},"pendingPreKey":{"signedKeyId":1,"baseKey":"BUhAbLRLXipTUJ0wQOiVc1+rNVTRKQBP/8k7eEw+2ztH","preKeyId":16404900}}},"version":"v1"}