{"_sessions":{"BTQ071dq7/V5f1+RIU7VLPq+kmeWzS+fgDar/WiHQ7Q3":{"registrationId":1088797887,"currentRatchet":{"ephemeralKeyPair":{"pubKey":"Be68FHynemvLJjoUpux51OZjHWBR82tgCk3MGhBVR3Nz","privKey":"eIT8d1D9JDxZ31eTglgXd8f1FJLJENO9CI9GS6QVuVo="},"lastRemoteEphemeralKey":"BbMW7cDFCdJ4CsWygIEg7HO+wGpYlppO1mWrhdJ3y3Y3","previousCounter":0,"rootKey":"NiokxeIQqEXF3X6vUCFCSl/GY4wgfik3Bwk8ZuEQMw8="},"indexInfo":{"baseKey":"BTQ071dq7/V5f1+RIU7VLPq+kmeWzS+fgDar/WiHQ7Q3","baseKeyType":1,"closed":-1,"used":1748354358770,"created":1748354358770,"remoteIdentityKey":"BVDq1DMh6Ark8GK8e9IIzXBLYg3KLLA9RxHpsMpwMqp4"},"_chains":{"Be68FHynemvLJjoUpux51OZjHWBR82tgCk3MGhBVR3Nz":{"chainKey":{"counter":0,"key":"3GFUv3MeKRBQcKUPL6fsBYGpXQK+oEjN9hQUEPsZGKs="},"chainType":1,"messageKeys":{}}},"pendingPreKey":{"signedKeyId":0,"baseKey":"BTQ071dq7/V5f1+RIU7VLPq+kmeWzS+fgDar/WiHQ7Q3","preKeyId":1438637}}},"version":"v1"}