{"_sessions":{"BQVLi4TubOiTjM9Vy01z0qnnlP1Oc6lxtsPLDYmEaS8e":{"registrationId":16144445,"currentRatchet":{"ephemeralKeyPair":{"pubKey":"BaiYuLEXYl3SYWEeH5N1IW+umX0nqrl2re8MVv9gFCl/","privKey":"MM0lbu4a6qE+i1vcIOMGEhaUlRXU95g+GOMc6KZM9UM="},"lastRemoteEphemeralKey":"BauludglS6j7oB7AA9hOAcopxH3er7cEBdPdCTb29jxo","previousCounter":0,"rootKey":"K7uxou95qljyE/K0GxggWJEZkXZeWHaqJH64KsALBsY="},"indexInfo":{"baseKey":"BQVLi4TubOiTjM9Vy01z0qnnlP1Oc6lxtsPLDYmEaS8e","baseKeyType":1,"closed":-1,"used":1748354348579,"created":1748354348579,"remoteIdentityKey":"BQY8F278kgcnUDJcc7RrEfx4q3lTII4+kl/fz7Bjw1p2"},"_chains":{"BaiYuLEXYl3SYWEeH5N1IW+umX0nqrl2re8MVv9gFCl/":{"chainKey":{"counter":0,"key":"v6cDKCeOOo0hwUQutRoTG5xnJwYKLzdrS486Szj/PMI="},"chainType":1,"messageKeys":{}}},"pendingPreKey":{"signedKeyId":4,"baseKey":"BQVLi4TubOiTjM9Vy01z0qnnlP1Oc6lxtsPLDYmEaS8e","preKeyId":5031997}}},"version":"v1"}