{"_sessions":{"BaO8r76dViladsBhHFlBBM4Bj32lud0GCESynX6ZDY9H":{"registrationId":1744194810,"currentRatchet":{"ephemeralKeyPair":{"pubKey":"BaMAWjSEwgyQvbd8GrG38yGGFQ0Zc7TsmWUhsd2MQdks","privKey":"UCqw3cwtRRqnhDIyVsX5vkZhgkQl8HUZmVWQaOjqxWo="},"lastRemoteEphemeralKey":"BSBACwR6sOotMa9RZMbFHBH6mx4J6ub7LwV2t0KVmDE6","previousCounter":0,"rootKey":"GAfwP3v0hYimmPwcyzroqQeZq1EERxQk2X//d0BeK/0="},"indexInfo":{"baseKey":"BaO8r76dViladsBhHFlBBM4Bj32lud0GCESynX6ZDY9H","baseKeyType":1,"closed":-1,"used":1748354355132,"created":1748354355132,"remoteIdentityKey":"BcJO1HOnOZwXnXqhNp7vv/tgdhqoVrqR0G6DwUMK6coJ"},"_chains":{"BaMAWjSEwgyQvbd8GrG38yGGFQ0Zc7TsmWUhsd2MQdks":{"chainKey":{"counter":0,"key":"fiqkyZzdGpnSlf/2oHZPOhbQIQ75preU96Q8dfSYINY="},"chainType":1,"messageKeys":{}}},"pendingPreKey":{"signedKeyId":6,"baseKey":"BaO8r76dViladsBhHFlBBM4Bj32lud0GCESynX6ZDY9H","preKeyId":10405501}}},"version":"v1"}