{"_sessions":{"BS61MHiijUplrSIm9lWZ9eWnCrbgQpVwE4a/a1iP4a9L":{"registrationId":1447692593,"currentRatchet":{"ephemeralKeyPair":{"pubKey":"BbovhgdGfd4drk3DDYjag0JoO/x1aiR782fcwQOnR0lJ","privKey":"yLeToDGPwEAQilu3sX2wYY8CWZX4agYIckdQv2Fb1nQ="},"lastRemoteEphemeralKey":"BQI4YgCswW1GZZe510pePy3qXHT6QbYJdZ5gRk2uLv0y","previousCounter":0,"rootKey":"s5ypFqwOzufK0etsbu/rpjQG9bKvoRokc+PkXSLSLlk="},"indexInfo":{"baseKey":"BS61MHiijUplrSIm9lWZ9eWnCrbgQpVwE4a/a1iP4a9L","baseKeyType":1,"closed":-1,"used":1748354351438,"created":1748354351438,"remoteIdentityKey":"Bc4yNKHSzZNa03Kq0UdeeJSGeHQDlMjFFP8TWsAzpQkh"},"_chains":{"BbovhgdGfd4drk3DDYjag0JoO/x1aiR782fcwQOnR0lJ":{"chainKey":{"counter":0,"key":"B51utNyMgtkoNeXTYexbqcwJjg0DFOnSpjRSLKeRiUQ="},"chainType":1,"messageKeys":{}}},"pendingPreKey":{"signedKeyId":0,"baseKey":"BS61MHiijUplrSIm9lWZ9eWnCrbgQpVwE4a/a1iP4a9L","preKeyId":2948342}}},"version":"v1"}