{"_sessions":{"BVsIwcbt06ejZDF3rSw5fC30NQOKhk5HgcW3Qk87ljEk":{"registrationId":1975610159,"currentRatchet":{"ephemeralKeyPair":{"pubKey":"Bew1UNF/z2TFG7MNMoLG+iu/Z+U4D3W5tpV635gZPWNW","privKey":"mIXpSZnAFFx4i7AArnjJXVDU1SWsyVozos6jDfI9O2I="},"lastRemoteEphemeralKey":"BZkAfp86hb8hcu2fCuJmmvpJiOolqzvPbhO0eVoRcw5x","previousCounter":0,"rootKey":"OwDlx00qYgsKC1SsOVpHOR80SPULu2aBg/Vaag6CQU8="},"indexInfo":{"baseKey":"BVsIwcbt06ejZDF3rSw5fC30NQOKhk5HgcW3Qk87ljEk","baseKeyType":1,"closed":-1,"used":1748354355572,"created":1748354355572,"remoteIdentityKey":"BVxmCSTk27YaDveBqXKjvhIeB6uDSU+uMn5HYEAMxKRS"},"_chains":{"Bew1UNF/z2TFG7MNMoLG+iu/Z+U4D3W5tpV635gZPWNW":{"chainKey":{"counter":0,"key":"y3Rz2dEiI3ORbUdHZEFwK8Jy/yrVCBOKtvVhbnY8IBM="},"chainType":1,"messageKeys":{}}},"pendingPreKey":{"signedKeyId":0,"baseKey":"BVsIwcbt06ejZDF3rSw5fC30NQOKhk5HgcW3Qk87ljEk","preKeyId":12152887}}},"version":"v1"}