{"_sessions":{"BQydbpnfdIjACnxtEMlladgMG9rnxq5HpCGI0ScYn+8r":{"registrationId":637242688,"currentRatchet":{"ephemeralKeyPair":{"pubKey":"BSa+UuOaBw9CkH4LeO/kTya5IvWXVuX7Yu6lf7ZRBMlI","privKey":"QD1/ma0gaqN/0mG3sI0pF94/xdEiQc90Re5RIkwskX0="},"lastRemoteEphemeralKey":"Bday6cTseCoiRDnwSS16HChfztp4Pl4NV/H/RiQ96ahI","previousCounter":0,"rootKey":"idoil2psxWVbhbHoSBn1IoSMvltJh5/vKRNDawZ5M6o="},"indexInfo":{"baseKey":"BQydbpnfdIjACnxtEMlladgMG9rnxq5HpCGI0ScYn+8r","baseKeyType":1,"closed":-1,"used":1748354352306,"created":1748354352306,"remoteIdentityKey":"Bdk3sQ3ytClMjV1QNkZzGWiNsEcVhHp7+34D5HtumyBW"},"_chains":{"BSa+UuOaBw9CkH4LeO/kTya5IvWXVuX7Yu6lf7ZRBMlI":{"chainKey":{"counter":0,"key":"YanBt6cIrt2769uFHxdKRO/q9XdYqhcCRGgcDAQkpUM="},"chainType":1,"messageKeys":{}}},"pendingPreKey":{"signedKeyId":0,"baseKey":"BQydbpnfdIjACnxtEMlladgMG9rnxq5HpCGI0ScYn+8r","preKeyId":5855393}}},"version":"v1"}