{"_sessions":{"BfOd3MD/ULGm9c1fLAMqTWH2VXotKiFYYDXxgVmZrxZz":{"registrationId":1129910180,"currentRatchet":{"ephemeralKeyPair":{"pubKey":"BWCdOwmGiwkhhTAy9SG70P/Hauw3EXdt4D+If3jdhVVy","privKey":"QGz/+RV3Q5x4dFFjHqPbrfGYzo4tEuzPe2Yrh7iCt1o="},"lastRemoteEphemeralKey":"BcuyCxNuHMtp0EYdJtx6zcSZApoY+mJ4Ntk4Gv5EzW4Y","previousCounter":0,"rootKey":"5m5nzZbDJdpvtXKHM8HcQc4BPvoaWc9C4ZtJKGPBKZo="},"indexInfo":{"baseKey":"BfOd3MD/ULGm9c1fLAMqTWH2VXotKiFYYDXxgVmZrxZz","baseKeyType":1,"closed":-1,"used":1748354354673,"created":1748354354673,"remoteIdentityKey":"BfeL4ngQgdrEX1habJ4lUul42lm/2U5/4GZ+jHaWHV9V"},"_chains":{"BWCdOwmGiwkhhTAy9SG70P/Hauw3EXdt4D+If3jdhVVy":{"chainKey":{"counter":0,"key":"fXk0H6RBm52EXkR0TvFgNx+gbd9Mhr73hOf/840KrOI="},"chainType":1,"messageKeys":{}}},"pendingPreKey":{"signedKeyId":5274100,"baseKey":"BfOd3MD/ULGm9c1fLAMqTWH2VXotKiFYYDXxgVmZrxZz","preKeyId":1243}}},"version":"v1"}