{"_sessions":{"BaiLCE/6xuVvgB1iJgB3ma61VX4VAqWo7/bKKzhGsHda":{"registrationId":654810297,"currentRatchet":{"ephemeralKeyPair":{"pubKey":"BT1u5i/mvmPyMVH2C4OMUct8FMcQEYlfnUY92yqzJbk9","privKey":"4PdOJxcPyVljDjUcDRGm/Ril0L/mLiP3QDLGcGfEAVY="},"lastRemoteEphemeralKey":"BT/lnIf5MGjZINIvv9/P07Y5ji8A9MnhX9Qhsx8Cg70X","previousCounter":0,"rootKey":"GOdKMkHgnSqMD7KhaTk5mTHtCfc/BswKX6rr4HONuyU="},"indexInfo":{"baseKey":"BaiLCE/6xuVvgB1iJgB3ma61VX4VAqWo7/bKKzhGsHda","baseKeyType":1,"closed":-1,"used":1748354360594,"created":1748354360594,"remoteIdentityKey":"BXAlYnpaEfqWtgM+erkpGgIH4+/3OxnL2A/+uslliz9V"},"_chains":{"BT1u5i/mvmPyMVH2C4OMUct8FMcQEYlfnUY92yqzJbk9":{"chainKey":{"counter":0,"key":"WayXXDx6qGtrv839PK9mZKUI4ciQ9j+jjTNTRhFwQwg="},"chainType":1,"messageKeys":{}}},"pendingPreKey":{"signedKeyId":0,"baseKey":"BaiLCE/6xuVvgB1iJgB3ma61VX4VAqWo7/bKKzhGsHda","preKeyId":571155}}},"version":"v1"}