{"_sessions":{"BVrdExZfYPoehleX4ZHjw0CNcr0a3vigInOTgpEimWV5":{"registrationId":31457614,"currentRatchet":{"ephemeralKeyPair":{"pubKey":"BU0i1PmttmwbVenGsMACphOLBdhZ7w3xXAUi6pfMT2o2","privKey":"INiH0AtmxgLHdTOhhHq4ZCmGDRrrBjQOhuGT12JtfEk="},"lastRemoteEphemeralKey":"BUrm7m2v/Ncw72zLxnncFjt4Qtygn5OqLbxaGuahqRhz","previousCounter":0,"rootKey":"lJm2UA8wiNogqrs32a4EDX2qivj8QPt54kKODxZukq4="},"indexInfo":{"baseKey":"BVrdExZfYPoehleX4ZHjw0CNcr0a3vigInOTgpEimWV5","baseKeyType":1,"closed":-1,"used":1748354358248,"created":1748354358248,"remoteIdentityKey":"BW3vluFUP60cfiVygkX06Fzsc300Xc0fEFJOe6mW6JRx"},"_chains":{"BU0i1PmttmwbVenGsMACphOLBdhZ7w3xXAUi6pfMT2o2":{"chainKey":{"counter":0,"key":"/ZDKIXOY3Goe2P1qwsvWlYjRbmKYPUiCRxvtsZIRYwI="},"chainType":1,"messageKeys":{}}},"pendingPreKey":{"signedKeyId":14,"baseKey":"BVrdExZfYPoehleX4ZHjw0CNcr0a3vigInOTgpEimWV5","preKeyId":3885200}}},"version":"v1"}