{"_sessions":{"BZ+z2MITUBFwutCibmPaPyYIVLGS5r+O3JuOlc5XnpgO":{"registrationId":1559841011,"currentRatchet":{"ephemeralKeyPair":{"pubKey":"BUbNj9/ptmwSZ/L5a2QtvRpR61t9NCG92DyCSd5A1gsm","privKey":"GL/GPC1S2+WclmsFgwlfzkXOYAwtQXhev/p1MjeOkGE="},"lastRemoteEphemeralKey":"BeqD3UgQICPSrSwyn8F4peY5tvRl6aYE+CkOwHQ9N2NU","previousCounter":0,"rootKey":"8UdFbY3KmrBYfFtbimrIWviZeRbuh7Rc6m9+g7KmntQ="},"indexInfo":{"baseKey":"BZ+z2MITUBFwutCibmPaPyYIVLGS5r+O3JuOlc5XnpgO","baseKeyType":1,"closed":-1,"used":1748354358826,"created":1748354358826,"remoteIdentityKey":"BdIopEt+tUoDIMpAFbquNEGjzrMFArKfaCCKiPzW3AQ3"},"_chains":{"BUbNj9/ptmwSZ/L5a2QtvRpR61t9NCG92DyCSd5A1gsm":{"chainKey":{"counter":0,"key":"dYFSyq3QGHOjF8IopAYoVCWqwniMJQJHaDDaBv4IbG0="},"chainType":1,"messageKeys":{}}},"pendingPreKey":{"signedKeyId":9,"baseKey":"BZ+z2MITUBFwutCibmPaPyYIVLGS5r+O3JuOlc5XnpgO","preKeyId":10613702}}},"version":"v1"}