{"_sessions":{"BQfiMszeKN+C4y2aHVnJ+IugX6G6ZCf10j/Tp/lEqWA6":{"registrationId":2130887543,"currentRatchet":{"ephemeralKeyPair":{"pubKey":"BdIUbaCYCtx16LjIR/vC+uFXhONtcrqMu29LYLkMLiVz","privKey":"CDr/KuccSW3jpq+JGg2m8uZiy8YN+GjWku4wEbGjf0c="},"lastRemoteEphemeralKey":"BdZpbL7WIhnSfRG4riF48t3k25nlCfuK2fWPaZTKucJL","previousCounter":0,"rootKey":"XzqhgDTeBMHLmk0d1rQBjIpasn2y63Q/rYxAwnRos1U="},"indexInfo":{"baseKey":"BQfiMszeKN+C4y2aHVnJ+IugX6G6ZCf10j/Tp/lEqWA6","baseKeyType":1,"closed":-1,"used":1748354351602,"created":1748354351602,"remoteIdentityKey":"BaI2QiVD8LPzFNv24NpMlkE2LLGhfexL9CD4X1Cgnu0P"},"_chains":{"BdIUbaCYCtx16LjIR/vC+uFXhONtcrqMu29LYLkMLiVz":{"chainKey":{"counter":0,"key":"PdFCdOmr7InS8YmludtKTRpE5hw0HdnSB2t8SeebceE="},"chainType":1,"messageKeys":{}}},"pendingPreKey":{"signedKeyId":17,"baseKey":"BQfiMszeKN+C4y2aHVnJ+IugX6G6ZCf10j/Tp/lEqWA6","preKeyId":16530010}}},"version":"v1"}