{"_sessions":{"BWwrs5q8CNVLUviEfYfC7HfsRKA7/A7VYcJXTgv+95k6":{"registrationId":232887521,"currentRatchet":{"ephemeralKeyPair":{"pubKey":"BY7pQ6d+qgaiSiox76wZ/Cj/GD+ivoofR/yhCo7o16JR","privKey":"SGCREQKKObDHA8eaRTISN11m2dcgFIBNPsah5RiCfFc="},"lastRemoteEphemeralKey":"BRo9kLOTcWd3kaOGo3tiOxbvZuIIb0a3vBrTRQhifpNy","previousCounter":0,"rootKey":"uHDBMiHQ94yOzX31KwxU8GgrGpIFoCVXFHcAGP9VHe0="},"indexInfo":{"baseKey":"BWwrs5q8CNVLUviEfYfC7HfsRKA7/A7VYcJXTgv+95k6","baseKeyType":1,"closed":-1,"used":1748354351851,"created":1748354351851,"remoteIdentityKey":"BRGYw3yDllIsI3aRweGNnxut7Is79SAPajtufDGp4a4Z"},"_chains":{"BY7pQ6d+qgaiSiox76wZ/Cj/GD+ivoofR/yhCo7o16JR":{"chainKey":{"counter":0,"key":"y12e+WJBELUOfSbOZFK5upQGjhQOKCyzF/Ec+TaTp8Y="},"chainType":1,"messageKeys":{}}},"pendingPreKey":{"signedKeyId":3,"baseKey":"BWwrs5q8CNVLUviEfYfC7HfsRKA7/A7VYcJXTgv+95k6","preKeyId":8104273}}},"version":"v1"}